Protein.Group	Protein.Names	Genes	First.Protein.Description	/ip-proteomics/ms-convert-output/2ul_CG_1.mzML	/ip-proteomics/ms-convert-output/2ul_CG_2.mzML	/ip-proteomics/ms-convert-output/2ul_CG_3.mzML	/ip-proteomics/ms-convert-output/2ul_CG_4.mzML	/ip-proteomics/ms-convert-output/2ul_CG_5.mzML	/ip-proteomics/ms-convert-output/2ul_CG_6.mzML	/ip-proteomics/ms-convert-output/2ul_CG_7.mzML	/ip-proteomics/ms-convert-output/2ul_CG_8.mzML	/ip-proteomics/ms-convert-output/2ul_CG_9.mzML	/ip-proteomics/ms-convert-output/2ul_CG_10.mzML
A0A075B5L5;A0A0B4J1I5;A0A0B4J1I8	A0A075B5L5_MOUSE;A0A0B4J1I5_MOUSE;A0A0B4J1I8_MOUSE	Igkv4-59;Igkv4-70;Igkv4-86	Immunoglobulin kappa variable 4-86			41819	54710.7	67021	56406.7	57499.4	35094.6	36380.4	46381.5
A0A075B5M7	A0A075B5M7_MOUSE	Igkv5-39	Immunoglobulin kappa variable 5-39		597207	8740.76	7557.87			2667.75			
A0A075B5M9	A0A075B5M9_MOUSE	Igkv18-36	Immunoglobulin kappa chain variable 18-36				12621.9		12805.3		9214.91		10972.4
A0A075B5N3	A0A075B5N3_MOUSE	Igkv8-28	Immunoglobulin kappa variable 8-28			2.51739e+06	7.85794e+06	4.34032e+06		3.95149e+06	6.25737e+06	2.14961e+06	7.92263e+06
A0A075B5N5	A0A075B5N5_MOUSE	Igkv8-26	Immunoglobulin kappa variable 8-26 (Fragment)			410480	159833	672135	142992	572461	105788	318931	139291
A0A075B5N6;A0A0G2JGT0;A0A140T8M5	A0A075B5N6_MOUSE;A0A0G2JGT0_MOUSE;A0A140T8M5_MOUSE	Gm43218;Igkv6-15;Igkv8-16	Immunoglobulin kappa variable 8-16						34747.8		24248.1		36671.3
A0A075B5N7	A0A075B5N7_MOUSE	Igkv6-13	Immunoglobulin kappa variable 6-13			67170.2	204029	111152	177367	95264.9	146483	55121.8	183530
A0A075B5S0	A0A075B5S0_MOUSE	Ighv16-1	Immunoglobulin heavy variable 16-1			2448.33	6141.21	3020.01	4838.42		3570.22		5403.09
A0A075B5S5	A0A075B5S5_MOUSE	Ighv7-4	Immunoglobulin heavy variable 7-4			26483.6		43045.5		44305.7		24139.4	1585.22
A0A075B5T6;A0A0B4J1J6	A0A075B5T6_MOUSE;A0A0B4J1J6_MOUSE	Ighv10-1;Ighv10-3	Immunoglobulin heavy variable V10-3 (Fragment)				2322.26		2440.33		1923.55		2907.73
A0A075B5U1	A0A075B5U1_MOUSE	Ighv1-16	Immunoglobulin heavy variable 1-16 (Fragment)	561.608									
A0A075B5U6	A0A075B5U6_MOUSE	Ighv1-20	Immunoglobulin heavy variable V1-20	648672									
A0A075B5V7	A0A075B5V7_MOUSE	Ighv1-43	Immunoglobulin heavy variable V1-43	448563									
A0A075B5V8	A0A075B5V8_MOUSE	Ighv1-47	Immunoglobulin heavy variable 1-47				7434.12		6841.37		5353.73		7977.91
A0A075B5W7	A0A075B5W7_MOUSE	Ighv1-56	Immunoglobulin heavy variable 1-56	8498.84									
A0A075B5X6	A0A075B5X6_MOUSE	Ighv1-67	Immunoglobulin heavy variable V1-67				300716		308649	87019.2	170977		253147
A0A087WRI3	A0A087WRI3_MOUSE	Cfap77	Cilia and flagella associated protein 77	1125.1									
A0A087WRT4	A0A087WRT4_MOUSE	Fat1	FAT atypical cadherin 1	597.356									
A0A0A6YVW3;A0A0A6YXA5	A0A0A6YVW3_MOUSE;A0A0A6YXA5_MOUSE	Ighv1-15;Ighv1-23	Immunoglobulin heavy variable V1-23 (Fragment)			29631.2	32269.3	34605.9		59554.4	24952	28359.1	38172.5
A0A0A6YXQ0	A0A0A6YXQ0_MOUSE	Ighv8-8	Immunoglobulin heavy variable 8-8 (Fragment)			45846.5	134225	94905.7	131029	76959.1	97827.7	48550.3	105810
A0A0B4J1H7;A0A0B4J1H8	A0A0B4J1H7_MOUSE;A0A0B4J1H8_MOUSE	Igkv1-133;Igkv1-135	Immunoglobulin kappa variable 1-135 (Fragment)	315038	18016.6	164640	149977	299713	119748	281385	94689.9	177253	130099
A0A0B4J1M0	A0A0B4J1M0_MOUSE	Ighv1-77	Immunoglobulin heavy variable 1-77		145097								
A0A0G2JDG3	A0A0G2JDG3_MOUSE	Traj12	T cell receptor alpha joining 12 (Fragment)			54440.1	170299	98524.5	186503	77651.4	114138	57067.4	161680
A0A0G2JGM3	A0A0G2JGM3_MOUSE	Traj34	T cell receptor alpha joining 34 (Fragment)			79306.6		146605		98244.5		61349.2	
A0A0J9YTR2	A0A0J9YTR2_MOUSE	Ncbp2as2	Ncbp2 antisense 2 (head to head)	655.177		809.185	898.96					899.225	
A0A140LIV7	A0A140LIV7_MOUSE	Tex51	Testis expressed 51			3164.77							
A0A140LIW3	A0A140LIW3_MOUSE	Frmpd3	FERM and PDZ domain containing 3	17933.6	17991.7	16960	17093.1	15935.6	16912.6	16873.3	15534.1	16498.9	15050
A0A140T8M0	A0A140T8M0_MOUSE	Igkv1-117	Immunoglobulin kappa variable 1-117 (Fragment)	1.77486e+06	105406	18428.8	100423	27367.9	103221	21507.5	66501.4	9200.87	92895.1
A0A140T8M1	A0A140T8M1_MOUSE	Igkv10-96	Immunoglobulin kappa variable 10-96 (Fragment)			10167.7	54786.5	16681.1	49214.9	16197.9	35920	9604.29	62953.3
A0A140T8M2	A0A140T8M2_MOUSE	Igkv12-44	Immunoglobulin kappa variable 12-44 (Fragment)	8787.51									
A0A140T8M4	A0A140T8M4_MOUSE	Igkv8-19	Immunoglobulin kappa variable 8-19	289.54	5652.27								
A0A140T8N9	A0A140T8N9_MOUSE	Igkv6-32	Immunoglobulin kappa variable 6-32 (Fragment)			12444.3		19489.4		22535.4		12579.1	
A0A140T8P2	A0A140T8P2_MOUSE	Igkv6-20	Immunoglobulin kappa variable 6-20 (Fragment)			331222	482227	629999	474481	528195	348651	301947	459473
A0A140T8P9	A0A140T8P9_MOUSE	Igkv14-111	Immunoglobulin kappa variable 14-111 (Fragment)	34658.5									
A0A1B0GRB6	A0A1B0GRB6_MOUSE	Brd3os	Bromodomain containing 3, opposite strand	5435.2	14321.4	22261	12075.7	10860.7	10637.9	9928.82	18737.9	16322.4	16692.9
A0A1L1SSC7	A0A1L1SSC7_MOUSE	Ttc13	Tetratricopeptide repeat domain 13	760.006									
A0A1W2P872	NOVA2_MOUSE	Nova2	RNA-binding protein Nova-2	762.862									
A0A1Y7VJN6	A0A1Y7VJN6_MOUSE	Ighg3	Immunoglobulin heavy constant gamma 3 (Fragment)	6493.71	311758								
A0A2R8VHF1	A0A2R8VHF1_MOUSE	D430041D05Rik	RIKEN cDNA D430041D05 gene	46289.2	31302.1	34270.1	32282.4	30565.4	28906.9	32452.2	34670.4	35379.7	34617.9
A0A2R8VHP3	A0A2R8VHP3_MOUSE	Gm5478	Predicted pseudogene 5478		15323.3		3499.73	1936.98		12590.8			17406.1
A0A5F8MPI9	A0A5F8MPI9_MOUSE	Rapgef1	Rap guanine nucleotide exchange factor (GEF) 1	2278.29		2858.59		4411.18				1939.54	
A0A5F8MPP0	A0A5F8MPP0_MOUSE	Plekhg1	Pleckstrin homology domain containing, family G (with RhoGef domain) member 1	5569.66	12219.1	6591.93	7072.44	7510.07	7769.66	6324.46	6572.96	6262.15	6656.61
A0A5F8MQ13	A0A5F8MQ13_MOUSE	Tmem178b	Transmembrane protein 178B	1194.5				1641.82					
A0A7N9VR94	A0A7N9VR94_MOUSE	Ahnak2	AHNAK nucleoprotein 2	3434.9		4897.53	5145.77	5516.93	5622.31	3872.74	5143	5156.44	4201.2
A0A991ENW0	A0A991ENW0_MOUSE	H1f10	H1.10 linker histone	826.267	2516.19	1303.91	1559.6	2378.46					
A2A432	CUL4B_MOUSE	Cul4b	Cullin-4B	1059.82									
A2A484	A2A484_MOUSE	Zmynd8	Zinc finger, MYND-type containing 8	1123.31		1823.03		4880.75					2156.62
A2A5R2	BIG2_MOUSE	Arfgef2	Brefeldin A-inhibited guanine nucleotide-exchange protein 2	2114.57	8492.67	2641.26	2533.64		2765.33	3515.96	2432.4	3225.79	3055.12
A2A690	TANC2_MOUSE	Tanc2	Protein TANC2	22440.5	22006.6	20068	19624.7	21695.3	19254.8	18898.8	17070.3	17803.4	16634.1
A2A699	F1712_MOUSE	Fam171a2	Protein FAM171A2	4207.38	11819.7	5493.92	6854.85		6119.38	5242.52	5418.52	3645.97	5870
A2A6Q5	CDC27_MOUSE	Cdc27	Cell division cycle protein 27 homolog	1182.8									
A2A6T1	CDR2L_MOUSE	Cdr2l	Cerebellar degeneration-related protein 2-like	410.067			851.893			843.526	641.755		
A2A891	CMTA1_MOUSE	Camta1	Calmodulin-binding transcription activator 1	1024.84									
A2A8U2	TM201_MOUSE	Tmem201	Transmembrane protein 201	184.798	2177.25	1128.66	1192.12	1324.06	1296.41	1208.85	461.426	601.571	348.645
A2A8Z1	OSBL9_MOUSE	Osbpl9	Oxysterol-binding protein-related protein 9	361.386		429.156			663.098			593.912	
A2A9C3	SZT2_MOUSE	Szt2	KICSTOR complex protein SZT2	2945.5									
A2A9T0	TBKB1_MOUSE	Tbkbp1	TANK-binding kinase 1-binding protein 1	7086.9		8671.78							
A2AAE1	BLTP1_MOUSE	Bltp1	Bridge-like lipid transfer protein family member 1	3431.44		5838.04			5187.27	4764.15	5901.23	4449.46	9064.05
A2AAX3	KLH15_MOUSE	Klhl15	Kelch-like protein 15	1749	3578.71	3031	4582.76	5437.52	3085.53	2928.44	2419.35	3055.53	2648.14
A2ADA5	PUSL1_MOUSE	Pusl1	tRNA pseudouridine synthase-like 1	2266.5									
A2AF47	DOC11_MOUSE	Dock11	Dedicator of cytokinesis protein 11	5986.42	8615.48	8501.95	9833.44	10062.1	9886.11	7827.94	8264.52	6672.55	8701
A2AFR3	FRPD4_MOUSE	Frmpd4	FERM and PDZ domain-containing protein 4	5310.32		6349.48						6782.01	
A2AG50	MA7D2_MOUSE	Map7d2	MAP7 domain-containing protein 2	6839.54		7506.79	9517.81	6843.23	7860.48	13649.2	6461.69	6299.9	5626.03
A2AGL3	RYR3_MOUSE	Ryr3	Ryanodine receptor 3	1815.51		2465.29	3875.37	3523.07	2427.5	4094.43	2836.29	2538.8	2721.1
A2AGT5	CKAP5_MOUSE	Ckap5	Cytoskeleton-associated protein 5	9937.47	11984.2	10140.6	11378.5	12183.8	11862.1	10765.2	9017.08	9091.32	10264.5
A2AHC3	CAMP1_MOUSE	Camsap1	Calmodulin-regulated spectrin-associated protein 1	6378.19	9770.21	6175.82	6761.41	5244.18	6181.95	6529.44	6087.39	5453.89	5545.11
A2AHG0	LZTS3_MOUSE	Lzts3	Leucine zipper putative tumor suppressor 3	60544.8	46376.9	63899.6	64741.8	63292.8	60369.4	65636.4	65736.5	71469.4	66637.4
A2AHL1;Q8C5H1	ANO3_MOUSE;ANO4_MOUSE	Ano3;Ano4	Anoctamin-3	530.843		970.086							
A2AI08	TPRN_MOUSE	Tprn	Taperin	1907.51		3059.41		1918.96	2750.11		2487.16	2300.49	2125.92
A2AJ72	A2AJ72_MOUSE	Fubp3	Far upstream element (FUSE) binding protein 3	4432.58									
A2AJ88	PLPL7_MOUSE	Pnpla7	Patatin-like phospholipase domain-containing protein 7	254.837									
A2AJA9	AJM1_MOUSE	Ajm1	Apical junction component 1 homolog	67696.5	48078.3	68642.7	64100.5	55090.7	60339.2	62075	66084.5	70274.4	67641.7
A2AJI0	MA7D1_MOUSE	Map7d1	MAP7 domain-containing protein 1	13477.3	10108.7	12690.2	13437	15415	14940	12991.7	12861.7	13856.1	13291.4
A2AJW5	A2AJW5_MOUSE	Fam217b	Family with sequence similarity 217, member B	1793.55		2042.95	2056.22	2379.2	2771.08	2403.79	2094.46	2304.38	2374.74
A2ALI5	AJAP1_MOUSE	Ajap1	Adherens junction-associated protein 1	1493.02		2757.8					2092.54	1503.13	
A2ALK8	PTN3_MOUSE	Ptpn3	Tyrosine-protein phosphatase non-receptor type 3	583.368		572.868		1735.71			636.495	761.546	889.931
A2ALS5	RPGP1_MOUSE	Rap1gap	Rap1 GTPase-activating protein 1	1093.7	3538.72	2375.02				3188.77	2666.28	1047.72	
A2ALU4	SHRM2_MOUSE	Shroom2	Protein Shroom2	2059.4		3568.87		12544.7	2515.74		2135.95	2434.92	2106.97
A2AN08	UBR4_MOUSE	Ubr4	E3 ubiquitin-protein ligase UBR4	4913.5	5497.7	5577.41	6062.14	6331.91	5840.38	5405.5	5191.48	5119.51	4440.05
A2AP18	PLCH2_MOUSE	Plch2	1-phosphatidylinositol 4,5-bisphosphate phosphodiesterase eta-2	903.685						954.251	1083.96		
A2APV2	FMNL2_MOUSE	Fmnl2	Formin-like protein 2	28032.7	31881.2	26015.7	26439.2	29940.1	29800.1	24563.4	25899.6	26485.6	27579.7
A2AQ25	SKT_MOUSE	Skt	Sickle tail protein	61541.4	44671.7	52688.8	51131.9	51524.7	46344	52235.2	49863.4	55023.4	53317.3
A2AR02	PPIG_MOUSE	Ppig	Peptidyl-prolyl cis-trans isomerase G	2308.27						2915.92		1482.47	
A2AR50	RGPS1_MOUSE	Ralgps1	Ras-specific guanine nucleotide-releasing factor RalGPS1	2294.2		2557.5		2544.44	1889.65	2480.58	2030.95	2156.94	2051.34
A2ARS0	ANR63_MOUSE	Ankrd63	Ankyrin repeat domain-containing protein 63	3908.63		4185.51	3164.02	3957.03	5025.28	4156.83	3588.51	3931.58	4100.25
A2ASQ1	AGRIN_MOUSE	Agrn	Agrin	4579.34	12019	5589.33	6783.2	7196.66	6323.54	5686.96	5153.66	5360.45	5807.57
A2ASZ8	SCMC2_MOUSE	Slc25a25	Mitochondrial adenyl nucleotide antiporter SLC25A25	1530.18						3316.89			
A2AT37	RENT2_MOUSE	Upf2	Regulator of nonsense transcripts 2	2523.13		1500.38	2646.81	2040.51		2465.31	2116.14	2076.47	1958.93
A2ATK9	A2ATK9_MOUSE	Fam171a1	Family with sequence similarity 171, member A1	1791.45									
A2AV25	FBCD1_MOUSE	Fibcd1	Fibrinogen C domain-containing protein 1	3879.81	8585.66	3599.22	4475.85	4460.94	4212.58	4436.01	3412.26	4414.36	5636.33
A2AWA9	RBGP1_MOUSE	Rabgap1	Rab GTPase-activating protein 1	786.901									
A2CG49	KALRN_MOUSE	Kalrn	Kalirin	54874.4	45946.4	57209.2	56102.5	52832.7	57194.3	54382.7	56323.1	55956.8	52014.5
A2RS43	A2RS43_MOUSE	Pcdh7	Protocadherin 7	2598.38									
A2RT62	FXL16_MOUSE	Fbxl16	F-box/LRR-repeat protein 16	6764.74		10299.2	14107.8			16496.9	7419.39	7949	15218.7
A2RTT5;Q8R2A7	A2RTT5_MOUSE;Q8R2A7_MOUSE	Vmn1r228;Vmn1r232	Vomeronasal type-1 receptor			30807.5	116690	53837.3	104858	50690.3	77403.1	26088	91166.8
A4Q9F0	TTLL7_MOUSE	Ttll7	Tubulin polyglutamylase TTLL7	1358.52								2516.8	
A6H5Z3	EXC6B_MOUSE	Exoc6b	Exocyst complex component 6B	13637.6	24620.2	16314.9	22540.8	20566.2	22327.7	18695.9	15849.6	16118.7	17241.6
A6H650	A6H650_MOUSE	Rasgef1a	RasGEF domain family, member 1A	5401.85		7528.21	6459.45	7111.35	5179.34	5303.02	5961.01	6107.02	5480.16
A6H6J9	A6H6J9_MOUSE	Ankrd50	Ankyrin repeat domain 50	364.734									
A6H8H5	KCNB2_MOUSE	Kcnb2	Potassium voltage-gated channel subfamily B member 2	1423.63							2961.23	2056.41	
A8DUK4	A8DUK4_MOUSE	Hbb-bs	Beta-globin	10279.8	19965.6	16993.8	189679	25086.1	179520	22049.9	103526	19702.4	133896
B0F2B4	NLGN4_MOUSE	Nlgn4l	Neuroligin 4-like	169.497		150.212				342.096	349		
B0V2N1	PTPRS_MOUSE	Ptprs	Receptor-type tyrosine-protein phosphatase S	13829	26215.8	14031.1	17291.2	17563.4	17485.3	19295.4	14459	14689.4	15523.1
B1AR13	CISD3_MOUSE	Cisd3	CDGSH iron-sulfur domain-containing protein 3, mitochondrial	1784.02		2219.12	2785.62		3139.5	1641.26	1561.27	1541.03	2329.35
B1AUE5	PEX10_MOUSE	Pex10	Peroxisome biogenesis factor 10	3527.92									
B1AUH1	PTPRU_MOUSE	Ptpru	Receptor-type tyrosine-protein phosphatase U	691.686									
B1AUN2	B1AUN2_MOUSE	Eif2b3	Translation initiation factor eIF2B subunit gamma	2000.84									
B1AVY7	KI16B_MOUSE	Kif16b	Kinesin-like protein KIF16B	3259.13	7824.8	7389.81	3518.43	4518.36		3924.9		4270.73	
B1AVZ0	UPP_MOUSE	Uprt	Uracil phosphoribosyltransferase homolog	227.38		483.863				1151.59			
B1AWC9	B1AWC9_MOUSE	Pde4b	Phosphodiesterase	8480.84		9697.24	9206.9	10629.4	12868.6	12331	7170.84	8762.24	7344.76
B1AWN6	SCN2A_MOUSE	Scn2a	Sodium channel protein type 2 subunit alpha	23559.8	34935.5	27448.3	25365.9	24198.7	24941	23031.9	22708.3	23211.8	20104.9
B1AXH1	NHSL2_MOUSE	Nhsl2	NHS-like protein 2	6557.27		5313.07	6246.88	6702.24	6808.38	4973.2	5785.23	5236.89	6599.24
B1AXV0	FRS1L_MOUSE	Frrs1l	DOMON domain-containing protein FRRS1L	7654.01	11008	8696.31	8389.78	10401.7	8090.12	9272.2	8723.5	9329.67	8166.04
B1AY10	NFX1_MOUSE	Nfx1	Transcriptional repressor NF-X1	12611.7									
B1AY13	UBP24_MOUSE	Usp24	Ubiquitin carboxyl-terminal hydrolase 24	1123.38							2424.6	1203.45	
B1AZI6	THOC2_MOUSE	Thoc2	THO complex subunit 2	1677.76	6041.31	4630.88	4991.5	6706.41	2878.55	4524.77	981.381	3304.71	
B1AZP2	DLGP4_MOUSE	Dlgap4	Disks large-associated protein 4	47637.9	38146.1	47481.9	45887.4	43692.7	43500.2	45137.8	50795.6	50843.9	47577.9
B2RQC6	PYR1_MOUSE	Cad	Multifunctional protein CAD	3700.39	3891.49	3964.71	4828.26	3535.74	4529.09	3521.53	3807.68	1938.87	1909.82
B2RR83	YTDC2_MOUSE	Ythdc2	3'-5' RNA helicase YTHDC2	4975.31		5626.39	6729.43	7985.71	5382.62	8326.41	5214.72	5625.57	7893.2
B2RRE7	OTUD4_MOUSE	Otud4	OTU domain-containing protein 4	1018.19									
B2RSH2	GNAI1_MOUSE	Gnai1	Guanine nucleotide-binding protein G(i) subunit alpha-1	70801	55355.7	52981.2	57605.1	46069.6	58822.8	58648.3	53718.7	57710.1	65573.6
B2RUJ5	APBA1_MOUSE	Apba1	Amyloid-beta A4 precursor protein-binding family A member 1	1272.34			1808.29				2496.88	1768.55	
B2RVL6	ZCH24_MOUSE	Zcchc24	Zinc finger CCHC domain-containing protein 24	3121.81									
B2RW11	B2RW11_MOUSE	Ankrd34a	Ankyrin repeat domain 34A	2721.64									
B2RWC4	B2RWC4_MOUSE	Lrrc73	Gm88 protein	31909.9	22814	26405.4	22991	21679.5	23280.2	24118.5	23110.6	25161.6	27508.8
B2RWJ3	TM240_MOUSE	Tmem240	Transmembrane protein 240	2201.48		2719.89				1311.52	3427.37		
B2RXC1	TPC11_MOUSE	Trappc11	Trafficking protein particle complex subunit 11	548.372		978.974		1099.03			1205.6	1265.13	780.166
B2RXQ2	B2RXQ2_MOUSE	Ppfia1	Ppfia1 protein	5752.12		7526.96	12739.2	9249.84	10568.9	10267.8	8420.93	6237.6	
B2RXS3	B2RXS3_MOUSE	Scaper	S phase cyclin A-associated protein in the ER	1403.64		3858.68							
B2RXT3	B2RXT3_MOUSE	Ogdhl	oxoglutarate dehydrogenase (succinyl-transferring)	8242.41	15655.7	8912	10043.8	11369.3	9927.06	9238.59	8825.29	9910.4	9573.39
B2RY56	RBM25_MOUSE	Rbm25	RNA-binding protein 25	9365.8		13756.3	14788.6	18569.6	14068.7			9539.29	8607.85
B5TVM2	ILDR2_MOUSE	Ildr2	Immunoglobulin-like domain-containing receptor 2	22261.4	22106.6	21984	23573.4	22710.1	20879.3	21787	24718.5	25067.8	23880.7
B8QI36	B8QI36_MOUSE	Ppfia4	Liprin-alpha 4	6432.67	8653.77	7305.11	10390.2	7258.01	9441.29	6406.7	8872.74	6701.5	9677.67
B9EHT4	CLIP3_MOUSE	Clip3	CAP-Gly domain-containing linker protein 3	1237.94		1321.81					1591.6	891.797	
B9EJ54	B9EJ54_MOUSE	Nup205	Nucleoporin 205	4907.23	28139.7	16858.2	14792.3	23445.3	11970.7	12926.4	7692.17	10850.4	7715.23
B9EJ86	OSBL8_MOUSE	Osbpl8	Oxysterol-binding protein-related protein 8	4889.34	7530.24	5099.48	6906.85	6876.07	6816.95	5826.03	6566.08	5561.71	5739.49
B9EJA2	CTTB2_MOUSE	Cttnbp2	Cortactin-binding protein 2	17699.1	20529.2	19631.2	21695.5	19197.6	22831.5	20160.8	23416.1	18871	22337.9
B9EJI9	T229A_MOUSE	Tmem229a	Transmembrane protein 229A	811.926									
B9EJX2	B9EJX2_MOUSE	Nhs	NHS actin remodeling regulator	143.194									
B9EKR1	PTPRZ_MOUSE	Ptprz1	Receptor-type tyrosine-protein phosphatase zeta	36332.7	26079.2	36029.6	34828.3	29071.2	30600.6	29867.3	32649.5	37766.3	34902.7
C0HKD8;C0HKD9	MFA1A_MOUSE;MFA1B_MOUSE	Mfap1a;Mfap1b	Microfibrillar-associated protein 1A	375.467	2068.37	1260.56		1716.97	991.831		392.493	654.002	
C0HKE1;C0HKE2;C0HKE3;C0HKE4;C0HKE5;C0HKE6;C0HKE7;C0HKE8;C0HKE9;Q8BFU2;Q8CGP5;Q8CGP6;Q8CGP7;Q8R1M2	H2A1B_MOUSE;H2A1C_MOUSE;H2A1D_MOUSE;H2A1E_MOUSE;H2A1F_MOUSE;H2A1G_MOUSE;H2A1H_MOUSE;H2A1I_MOUSE;H2A1K_MOUSE;H2A1N_MOUSE;H2A1O_MOUSE;H2A1P_MOUSE;H2A3_MOUSE;H2AJ_MOUSE	H2ac11;H2ac12;H2ac13;H2ac15;H2ac25;H2ac4;H2ac6;H2ac7;H2ac8;H2aj;Hist1h2af;Hist1h2an;Hist1h2ao;Hist1h2ap	Histone H2A type 1-B	99537.5	222050	469957	329030	518981	295032	187856	114311	187054	136043
D3YUB6	BTBD8_MOUSE	Btbd8	BTB/POZ domain-containing protein 8	4984.25		5971.23	6266.25	6369.68	6494.89	8105.11	5345.14	5074.44	6052.24
D3YUJ3	CCYL1_MOUSE	Ccnyl1	Cyclin-Y-like protein 1	3151.39		3899.35	3416.62	4427.79	4151.33	4795.87	3137.31	3580.53	3549.77
D3YVF0	AKAP5_MOUSE	Akap5	A-kinase anchor protein 5	60198.2	50377.3	50265.1	51689	44201.3	48607.6	43266	46146.4	49258.1	44240.6
D3YVV3	D3YVV3_MOUSE	Ankrd29	Ankyrin repeat domain 29	6715.96	13951.6	8707.48	8863.4	9163.54	10110.2	9781.57	8716.69	10098	9475.24
D3YWQ0	DGKI_MOUSE	Dgki	Diacylglycerol kinase iota	70923.4	52099.6	83609.9	72879.5	84061	59260.6	84299.5	64192.1	80817.9	64286.4
D3YXK0	D3YXK0_MOUSE	Jakmip2	Janus kinase and microtubule interacting protein 2	11200.7	17145.8	11233.6	13495	14438.9	14360.1	14057.9	11835.7	12722.7	11632.7
D3YXK2	SAFB1_MOUSE	Safb	Scaffold attachment factor B1	9995.17	29408.6	24019.6	19868.4	35619.3	20324.6	16377.4	10278.4	14107.4	11448.7
D3YZI9	PGBD5_MOUSE	Pgbd5	PiggyBac transposable element-derived protein 5	5782.58		5337.37	5478.77	9283.08					
D3YZU1	SHAN1_MOUSE	Shank1	SH3 and multiple ankyrin repeat domains protein 1	204845	131561	179337	172532	160364	164955	177099	188122	193958	187495
D3Z0M9	D3Z0M9_MOUSE	Ddx23	RNA helicase	2923.23	9274.22	6510.86		6193.03				4738.45	
D3Z2H9	D3Z2H9_MOUSE	Tpm3-rs7	Tropomyosin 3, related sequence 7	88958.7	79429.5	97424.3	88266.4	89406.8	86392.2	93783.9	103521	103276	111117
D3Z3N4	D3Z3N4_MOUSE	Hnrnph3	Heterogeneous nuclear ribonucleoprotein H3	1653.21		5255.56	5787.25	7750.49	5038.3	5965.11	3031.03		
D3Z7H4	GSG1L_MOUSE	Gsg1l	Germ cell-specific gene 1-like protein	4120.92									
D3Z7P3	GLSK_MOUSE	Gls	Glutaminase kidney isoform, mitochondrial	3210.67		21020.2		19206.7		33295.8	5958.17	18725	
D3Z7X0	D3Z7X0_MOUSE	Acad12	Acyl-Coenzyme A dehydrogenase family, member 12	9322.43	4050.98	7014.66	7470.38	7259.4	6374.7	7638.32	7578.93	8432.22	8665.4
D4AFX7	D4AFX7_MOUSE	Dnajc13	DnaJ heat shock protein family (Hsp40) member C13	23068.9	61934.7	20353.2	20681.3	22853	27395.1	24514.4	24745.3	20146.9	24088.3
E0CZ16	KLHL3_MOUSE	Klhl3	Kelch-like protein 3	2121.21		1483.3	3048.1	1315.05	1384.12	2413.05	1188.31	1075.72	
E1U8D0	MTCL2_MOUSE	Mtcl2	Microtubule cross-linking factor 2	11962.8	23057.1	13112.7	14821.1	15864.5	16337.9	13194.5	12368.5	11963.3	13702.5
E9PV24	FIBA_MOUSE	Fga	Fibrinogen alpha chain	1032.08		1462.64	1635.38	1534.2	2344.36	1535.84	1665.27	1357.21	1448.72
E9PV26	E9PV26_MOUSE	Prr36	Proline rich 36	23137.9	44879	28076.7	35445.1	28605.4	30942.9	35502.2	35278.6	33897.2	35316
E9PV86	MCTP1_MOUSE	Mctp1	Multiple C2 and transmembrane domain-containing protein 1	2733.62		2331.15	2976.53	3482.19			2918.63	2559.37	4298.16
E9PVA8	GCN1_MOUSE	Gcn1	Stalled ribosome sensor GCN1	454.04		896.471						703.96	
E9PVZ8	E9PVZ8_MOUSE	Golgb1	Golgi autoantigen, golgin subfamily b, macrogolgin 1			6636.19		4393.62		7072.21		3712.43	
E9PW37	E9PW37_MOUSE	Rasal2	RAS protein activator like 2	37751.6	46277.7	38260.8	37713.8	40751	38860	40095.8	34925.3	36077.4	34063.8
E9PWR4	E9PWR4_MOUSE	Dip2c	Disco interacting protein 2 homolog C	1911.91		1895.12	1574.86	2512.77	1254.32	2031.56	2077.16	2085.64	1900.57
E9PX28	E9PX28_MOUSE	Pcdh10	Protocadherin 10	29290.4	26137.1	24317.2	23067	24950.1	23991.4	27507.6	25943.9	25936.2	23104.5
E9PX29	E9PX29_MOUSE	Sptbn4	Spectrin beta chain	55798.8	52021.3	60916.4	58218	54546.5	55641.8	56097.4	59657.9	62809	62224
E9PXF0	E9PXF0_MOUSE	Pcdh17	Protocadherin 17	2439.94		3766.53			3951.92			2494.45	
E9PXF8	MTMRD_MOUSE	Sbf2	Myotubularin-related protein 13	1556.76		1484.93			2809.66		2373.5		1944.69
E9PY16	E9PY16_MOUSE	Adap1	ArfGAP with dual PH domains 1	939.511		1327	1888.18		783.973	1308.13	911.789	1083.88	996.905
E9PY46	IF140_MOUSE	Ift140	Intraflagellar transport protein 140 homolog								8407.03		13773.9
E9PYD1	E9PYD1_MOUSE	Fam98c	Family with sequence similarity 98, member C	1913.35									
E9PYF4	E9PYF4_MOUSE	Lmo7	LIM domain only 7	58492.5	64056.1	63161.6	67671.3	65453.7	65959.9	68910	70322.4	70600.8	65687.4
E9PZ19	TUTLB_MOUSE	Igsf9b	Protein turtle homolog B	10659.7	7957.83	8726.23	9837.59	8884.12	7984.67	8755.69	8540.01	10016.5	9600.61
E9PZF7	E9PZF7_MOUSE	Slc25a53	Solute carrier family 25, member 53	915.116									939.506
E9PZK8	E9PZK8_MOUSE	Vmn2r94	Vomeronasal 2, receptor 94	1603.91								2956.49	
E9PZM4	CHD2_MOUSE	Chd2	Chromodomain-helicase-DNA-binding protein 2					9860.56	14862.8		14808.8	6196.8	20270.6
E9PZP8	E9PZP8_MOUSE	Herc1	HECT and RLD domain containing E3 ubiquitin protein ligase family member 1	1513.7		3115.99			3426.15				
E9PZQ0	RYR1_MOUSE	Ryr1	Ryanodine receptor 1	5513.31				23575.9	30644.6	36192.5	19240.8	16336.3	24819.9
E9Q0F0	E9Q0F0_MOUSE	Krt78	Keratin 78	49880.7		233749	856542	319191	628899	2.11358e+06	750536	665678	534738
E9Q1M1	E9Q1M1_MOUSE	Pdzd2	PDZ domain containing 2	1480.94		2161.29	3009.27	2581.18	2600.44	2996.86	2740.14	2935.85	1939.51
E9Q238	E9Q238_MOUSE	Kank1	KN motif and ankyrin repeat domains 1	1175.89		1680.59	1763.14	1881.07	1600.98	1559.01	1183.06	1023.29	1348
E9Q295	E9Q295_MOUSE	Gm973	Predicted gene 973	18809.8	27804.1	24880.5	20861.4	26617.8	28560		21975.2	27791.6	
E9Q2E4	E9Q2E4_MOUSE	Hectd4	HECT domain E3 ubiquitin protein ligase 4	6820.44		6902.08	10703.5	8848.28	7695.69	8024.29	7666.27	6196.98	5987
E9Q394	AKP13_MOUSE	Akap13	A-kinase anchor protein 13	447.218									
E9Q3C1	C2CD2_MOUSE	C2cd2	C2 domain-containing protein 2	2911.15									
E9Q3L2	PI4KA_MOUSE	Pi4ka	Phosphatidylinositol 4-kinase alpha	24548.1	23962.6	25911.3	24109.4	24650.5	25203.2	25197.7	25355.9	25668.7	25924.8
E9Q3M9	E9Q3M9_MOUSE	Cracdl	Capping protein inhibiting regulator of actin like	90493.3	74303.7	89099.2	99786.1	93423.2	94665.6	94907	102667	101911	101985
E9Q401	RYR2_MOUSE	Ryr2	Ryanodine receptor 2	46700.3	61618.6	52352.3	64606.5	53917.8	64616.7	53701.4	59920.1	53383.7	63076.1
E9Q411	E9Q411_MOUSE	Nbas	Neuroblastoma amplified sequence	3773.71		3937.34	17139.5					2558.84	
E9Q414	APOB_MOUSE	Apob	Apolipoprotein B-100		230625		17775.7		21604.3		15901.9		20724
E9Q4S1	PDE8B_MOUSE	Pde8b	High affinity cAMP-specific and IBMX-insensitive 3',5'-cyclic phosphodiesterase 8B	1696.89	3423.01	2041.89	2359.9	2113.54	2221.53	1797.16	1971.89	1670.43	2673.77
E9Q557	DESP_MOUSE	Dsp	Desmoplakin	6472.04	118342	9715.01	27198.5	13662.8	20882.7	66233.6	52667.7	16376.9	21314.8
E9Q5C9	NOLC1_MOUSE	Nolc1	Nucleolar and coiled-body phosphoprotein 1	4102.53		7385.36	6912.95	9903.37	7004.75	5293.53	4122.82	5729.24	4125.85
E9Q5K9	YTDC1_MOUSE	Ythdc1	YTH domain-containing protein 1	6335.86				5539.01			9990.46		
E9Q616	E9Q616_MOUSE	Ahnak	AHNAK nucleoprotein (desmoyokin)	5349.67	26236.9	10562.8	12525.3	10607.3	10564.2	21317.9	31510.6	7233.91	11660.7
E9Q634	MYO1E_MOUSE	Myo1e	Unconventional myosin-Ie	9017.54	18456.2	10952.5	9546.35	11275.5	12062.5	10099.3	10995.9	10107.9	9985.83
E9Q6C8	XKR6_MOUSE	Xkr6	XK-related protein 6	991.048		1466.24	2402.39	726.662		1329.69	1256.13	1311.72	962.733
E9Q6H8	E9Q6H8_MOUSE	Plekha5	Pleckstrin homology domain containing, family A member 5	29363.9	25667.6	26435.9	26407.1	24285.2	24946.6	27204.7	26918.7	28377.4	27951
E9Q6P5	TTC7B_MOUSE	Ttc7b	Tetratricopeptide repeat protein 7B	13490.4	18770	15280.1	17682.5	14549.1	16903.8	14419.8	16738.3	14801.7	15683.9
E9Q6Y8	E9Q6Y8_MOUSE	Usp31	ubiquitinyl hydrolase 1	8401.11	14096.2	8083.02	10416.3	9634.13	10001	7910.63	9288.7	9068.89	9211.59
E9Q777	E9Q777_MOUSE	Akap11	A kinase (PRKA) anchor protein 11	7293.34									
E9Q7G0	NUMA1_MOUSE	Numa1	Nuclear mitotic apparatus protein 1	2213.86	19424.3	9940.01	9246.59	14193.9	8880.47	5804.79	4602.46	4973.12	5750.66
E9Q7P2	E9Q7P2_MOUSE	Cacna1i	Voltage-dependent T-type calcium channel subunit alpha	873.822									
E9Q7T7	CHADL_MOUSE	Chadl	Chondroadherin-like protein	388.135			410.736	848.146		1154.9		560.934	
E9Q7X7	NRX2A_MOUSE	Nrxn2	Neurexin-2	3389.35		2843.96	3290.23	5218.62	4173.08	3909.59	2932.42	3432.41	3184.81
E9Q842	E9Q842_MOUSE	Nav2	Neuron navigator 2	1647.16		2244.8	2163.52	2005.18	2715.02	2784.24	3263.54	2229.01	
E9Q8I9	FRY_MOUSE	Fry	Protein furry homolog	49349.4	57113.5	48418.3	48587	41053.6	47187.5	44834.1	44844.7	38404.8	40255.1
E9Q912	GDS1_MOUSE	Rap1gds1	Rap1 GTPase-GDP dissociation stimulator 1	3576.49	6702.22	3018.31	4162.08	3496.57	3526.45	4344.7	3372.94	3311.85	2806.42
E9Q9B3	E9Q9B3_MOUSE	Spryd3	SPRY domain containing 3	7915.98		5759.96	6609.96	6536.42	6702.05	6315.44	5310.47	5205.26	5161.49
E9Q9B7	E9Q9B7_MOUSE	Kidins220	Kinase D-interacting substrate 220	3920.49		6205.06	3664.93	8374.13	10395.1	4725.56	4940.75	5309.19	9376.12
E9Q9K8	E9Q9K8_MOUSE	Akap6	A kinase (PRKA) anchor protein 6				32017.2		31629.6	8568.57	21856.6	5222.63	32767.5
E9Q9R9	DLG5_MOUSE	Dlg5	Disks large homolog 5	6093.24	13758.2	6425.28	7090.73	7868.4	7439.83	6222.85	7695.67	5609.3	4204.37
E9QAT4	SC16A_MOUSE	Sec16a	Protein transport protein Sec16A	5426.1		2989.63					2381.37		1563.09
F2Z3U3	F2Z3U3_MOUSE	Raph1	Ras association (RalGDS/AF-6) and pleckstrin homology domains 1	2529.44		3525.05	1525.25	3922.87				3207.21	
F6QRE9	ERIC3_MOUSE	Erich3	Glutamate rich 3	24505.4									
F6SEU4	SYGP1_MOUSE	Syngap1	Ras/Rap GTPase-activating protein SynGAP	515455	347556	504091	471111	431153	437442	480183	489936	504238	485842
F6TQW2	F6TQW2_MOUSE	Ighg2c	Immunoglobulin heavy constant gamma 2C (Fragment)	197191	460125	67742.6	34031.4	24062.6	14906.6	12922	9348	4526.94	5503.94
F7BAB2	F7BAB2_MOUSE	Tmem132b	Transmembrane protein 132B	5518.75		5605.76	6452.63	4085.6	5310.43	5244.38	4313.65	3651.3	5138.91
F8VPK8	F8VPK8_MOUSE	Pcdh9	Protocadherin 9	2687.47		3188.33		6327.43	5789.69			3406.47	3056.63
F8VPP8	F8VPP8_MOUSE	Zc3h7b	Zinc finger CCCH type containing 7B	3709.49		1510.59	4485.32	2565.84	1589.6	1456.59	3159.92	1866.32	1490.09
F8VPU2	FARP1_MOUSE	Farp1	FERM, ARHGEF and pleckstrin domain-containing protein 1	50089.5	36281.3	40424.9	40236.1	39633.4	38489.6	42685.6	41352.1	44834.4	39383.7
F8VQ05	F8VQ05_MOUSE	Fryl	FRY like transcription coactivator	18127.3	10768.5	10502.1	13256.1	13282.7	12521.9	12592.3	11229	10785.2	12165.7
F8VQB6	MYO10_MOUSE	Myo10	Unconventional myosin-X	8571.14		6198					15350.6	7984.22	
F8VQC1	F8VQC1_MOUSE	Srp72	Signal recognition particle subunit SRP72	1110.2							2443.89		
F8VQG7	F8VQG7_MOUSE	N4bp2	NEDD4 binding protein 2	1284.97									
F8VQK3	F8VQK3_MOUSE	Gucy1a2	guanylate cyclase	3374.8	8005.37	3763.8	4630.58	4593.91	4790.86	3569.3	4133.95	3723.22	3993.98
G3X972	G3X972_MOUSE	Sec24c	Sec24 related gene family, member C (S. cerevisiae)	403.025		764.348		1012.71			597.883	278.179	
G3X9C2	FBX50_MOUSE	Nccrp1	F-box only protein 50		3238.67		1228			3335.06	2835.95		
G3X9J0	SI1L3_MOUSE	Sipa1l3	Signal-induced proliferation-associated 1-like protein 3	31151	29418.4	31392.3	29768.4	32310.5	32743	35791	34877.1	35318.8	33069.8
G3X9N3	G3X9N3_MOUSE	Pnma8b	PNMA family member 8B	1900.75								1076.9	2090.58
G3XA20	G3XA20_MOUSE	Grip2	Glutamate receptor interacting protein 2	4969.45		6567.27	7499.51	6586.57	9845.17	7776.56	6983.73	5376.98	7938.04
G3XA50	G3XA50_MOUSE	Lrrc10b	Leucine rich repeat containing 10B	23299.7									
G3XA57	RFIP2_MOUSE	Rab11fip2	Rab11 family-interacting protein 2	26834.1	47081.8	21693.9	24413.8	24603.6	20401	24297.7	21960.6	22435.7	23507.4
G5E829	AT2B1_MOUSE	Atp2b1	Plasma membrane calcium-transporting ATPase 1	44045	82913.2	46219.1	48153.8	48791.4	50807.6	54494.1	47658.1	39784.9	41085.3
G5E870	TRIPC_MOUSE	Trip12	E3 ubiquitin-protein ligase TRIP12	1103.27		1526.69	2354.64	1434.17	2461.27		1159.99	1685.03	1233.52
G5E8G3	G5E8G3_MOUSE	Opcml	Opioid binding protein/cell adhesion molecule-like	454827	400628	536743	490969	466326	476373	466400	508747	533738	627267
G5E8K5	ANK3_MOUSE	Ank3	Ankyrin-3	171899	139915	178362	167152	164535	168273	160275	169646	181953	176523
L0N7N1	KIF14_MOUSE	Kif14	Kinesin-like protein KIF14					3346.04			5352.3		
O08529	CAN2_MOUSE	Capn2	Calpain-2 catalytic subunit	1759.98		2578.19		2437.54			3514.9	1735.61	
O08530	S1PR1_MOUSE	S1pr1	Sphingosine 1-phosphate receptor 1	1387.59	2579.29	1861.9	1513.77	2480.83		943.913	1251.58	1415.85	1591.69
O08532	CA2D1_MOUSE	Cacna2d1	Voltage-dependent calcium channel subunit alpha-2/delta-1	117133	86662	120118	109808	103968	101151	110543	120588	122723	109041
O08539	BIN1_MOUSE	Bin1	Myc box-dependent-interacting protein 1	9426.82	21394.6	12267.7	13384.7	13851.5	15384.1	12393	10722.7	12577.8	12740.3
O08547	SC22B_MOUSE	Sec22b	Vesicle-trafficking protein SEC22b	1733.59		3080.66			3264.96	3505.29		3938.84	
O08553	DPYL2_MOUSE	Dpysl2	Dihydropyrimidinase-related protein 2	58579.4	68437.8	50679.6	54754.4	54502.2	65522.3	45302	48848.3	45695.6	52181.6
O08573	LEG9_MOUSE	Lgals9	Galectin-9	2361.07		2747.78	2435.59	3603.88		3060.54	2493.94	2800.06	4233.97
O08576	RUN3A_MOUSE	Rundc3a	RUN domain-containing protein 3A	13745.9	9383.51	9311.95	8414	10250.1	8654.26	9744.07	7366.98	8339.06	6789.3
O08579	EMD_MOUSE	Emd	Emerin	4819.11				7577.79				7211.5	
O08582	GTPB1_MOUSE	Gtpbp1	GTP-binding protein 1	11301.9		14576							
O08585	CLCA_MOUSE	Clta	Clathrin light chain A	55050.3	41997.7	55859.9	47862	51997.1	51061.9	43431.2	37236.7	37401.1	45941.8
O08599	STXB1_MOUSE	Stxbp1	Syntaxin-binding protein 1	15488.9	30346	17358.8	16304.8	18321.8	20133.3	20340.4	16600.2	17012.2	16506.5
O08672	KIFC2_MOUSE	Kifc2	Kinesin-like protein KIFC2	3172.6									
O08688	CAN5_MOUSE	Capn5	Calpain-5	20537.4	21848	20609.4	21281.8	23262.3	24686.6	19636.5	18537.3	23070.3	24375
O08739	AMPD3_MOUSE	Ampd3	AMP deaminase 3	2392.23		3061.98	4177.37	5330.85	4369.36		2833.8	1868.07	3967.89
O08749	DLDH_MOUSE	Dld	Dihydrolipoyl dehydrogenase, mitochondrial	2465.18	9480.26	2075.75			4830.59		3983.27	3258.08	
O08788	DCTN1_MOUSE	Dctn1	Dynactin subunit 1	88859.5	114366	88029.3	96864	94074.7	95741.8	86456.5	95403.8	84441	88213.2
O08795	GLU2B_MOUSE	Prkcsh	Glucosidase 2 subunit beta	1320.58									
O08807	PRDX4_MOUSE	Prdx4	Peroxiredoxin-4	8048.11	15927.4	16127.6	17841.4	13528.9	15651.1	15022.2	11817.5	14962.4	13516.9
O08808	DIAP1_MOUSE	Diaph1	Protein diaphanous homolog 1	1869.11									5564.25
O08810	U5S1_MOUSE	Eftud2	116 kDa U5 small nuclear ribonucleoprotein component	8360.99	38833.8	25093.6	22526.8	41023.2	21764.8	16414.4	13349.4	14251.4	14185.2
O08842	GFRA2_MOUSE	Gfra2	GDNF family receptor alpha-2	7409.93	16182.4	7661.9	9075.15	7315.79	9255.29	7111.44	9973.91	9234.88	11619
O08908	P85B_MOUSE	Pik3r2	Phosphatidylinositol 3-kinase regulatory subunit beta	632.282									
O08914	FAAH1_MOUSE	Faah	Fatty-acid amide hydrolase 1	1352.63							1491.51		
O08917	FLOT1_MOUSE	Flot1	Flotillin-1	83649.1	63223.5	70964.1	73253.3	65400.2	71099.1	70011.9	83164.6	77422.2	78408.8
O08919	NUMBL_MOUSE	Numbl	Numb-like protein	108605	68850.4	82822.9	77699.7	79564.1	71783.3	78870.3	75474.8	80194.8	75364.6
O08967	CYH3_MOUSE	Cyth3	Cytohesin-3	11566.4	15213.7	10283.4	11729.8	11760.5	9522.33	10129.7	9361.06	10055.4	8701.98
O08989	RASM_MOUSE	Mras	Ras-related protein M-Ras									5324.47	
O08992	SDCB1_MOUSE	Sdcbp	Syntenin-1	15284.4	7991.69	13421.7	10331.5	14189.8	14937.1	14291.3	12470.6	12383	7981.75
O09012	PEX5_MOUSE	Pex5	Peroxisomal targeting signal 1 receptor	6872.6		6439.54	10571.4	14101.2				6683.02	
O09044	SNP23_MOUSE	Snap23	Synaptosomal-associated protein 23	1066.57	2791.13							1084.27	
O09061	PSB1_MOUSE	Psmb1	Proteasome subunit beta type-1	11804.5	21715.9	13477.7	11253.2	12581.2	14323.6	13852	13805.3	12185.3	11015
O09111	NDUBB_MOUSE	Ndufb11	NADH dehydrogenase [ubiquinone] 1 beta subcomplex subunit 11, mitochondrial	4095.47	9997.08	5960.11	3639.63	5427.81	5574.84	4823.12	4547.73	4526.43	4932.32
O09117	SYPL1_MOUSE	Sypl1	Synaptophysin-like protein 1	2785.93		4934.05							10363.5
O09160	FUT1_MOUSE	Fut1	Galactoside alpha-(1,2)-fucosyltransferase 1					10540.8		12051.7	7650.21	5653.88	
O09167	RL21_MOUSE	Rpl21	Large ribosomal subunit protein eL21	92935.2	35006.5	70443.5	55608.2	69425.2	57666.2	65059.4	61872.1	67248.9	68064.5
O35066	KIF3C_MOUSE	Kif3c	Kinesin-like protein KIF3C	4165.13		3771.33	5423.99	3646.69	4284.24	3684.2	3947.48	3847.15	5053.71
O35071	KIF1C_MOUSE	Kif1c	Kinesin-like protein KIF1C	2676.8		3179.93		3883.48	3110.48	3859.43	5311.58	4146.74	2805.81
O35083	PLCA_MOUSE	Agpat1	1-acyl-sn-glycerol-3-phosphate acyltransferase alpha	4400.59	7403.52	5011.04							
O35089	CNIH2_MOUSE	Cnih2	Protein cornichon homolog 2	1705.3		1232.17			2378.4				
O35098	DPYL4_MOUSE	Dpysl4	Dihydropyrimidinase-related protein 4	4058.16	9230.36	3488.75	3253.23	4158.08	4112.01	3829.45	2956.61	2909.77	3992.25
O35099	M3K5_MOUSE	Map3k5	Mitogen-activated protein kinase kinase kinase 5	329.784	1282.61	782.485					419.237		
O35129	PHB2_MOUSE	Phb2	Prohibitin-2	16612.3	28710.3	16961.2	15465.6	18207.3	20259.7	19377.9	20440.4	15442.9	16567.6
O35136	NCAM2_MOUSE	Ncam2	Neural cell adhesion molecule 2	10600.1	16747	11057.3	12301.4	13057	15683.7	10687.6	12238.6	11312.8	11888.9
O35226	PSMD4_MOUSE	Psmd4	26S proteasome non-ATPase regulatory subunit 4	13442.4		45462.7						37874.8	
O35231	KIFC3_MOUSE	Kifc3	Kinesin-like protein KIFC3	1400.41	6117.28	1286.8	2189.76	2297.03	1690.52	1407.19	1300.24	1807.55	1899.02
O35250	EXOC7_MOUSE	Exoc7	Exocyst complex component 7	4394.05	20650.4	5615.31	5420.48	7538.77	6450.17	6725.17	6287.52	6226.56	6672.52
O35286	DHX15_MOUSE	Dhx15	ATP-dependent RNA helicase DHX15	5334.52	18452.2	13658.3	8834.45	21257.8	8706.67	13908.2	5792.18	9012.78	5770.02
O35295	PURB_MOUSE	Purb	Transcriptional regulator protein Pur-beta	131068	52588.2	75025.8	75601.7	75876.2	69401.7	70913.1	72240.3	73146.4	77144.2
O35326	SRSF5_MOUSE	Srsf5	Serine/arginine-rich splicing factor 5	33370.2	23246.1	28053.6	24059	27550.6	24853.4	24356	22947.4	25347.2	24476.4
O35344	IMA4_MOUSE	Kpna3	Importin subunit alpha-4	928.544	2258.15	1975.95	1492.1	3322.44	2015.07	1601.45	1354.53		1051.14
O35345	IMA7_MOUSE	Kpna6	Importin subunit alpha-7	518.682		611.831							
O35350	CAN1_MOUSE	Capn1	Calpain-1 catalytic subunit							11700.4	9414.98		
O35382	EXOC4_MOUSE	Exoc4	Exocyst complex component 4	5418.65	11904.8	5732.64	7274.7	8166.01	6889.84	6511.15	5938.69	6150.35	6497.4
O35387	HAX1_MOUSE	Hax1	HCLS1-associated protein X-1	2436.92	5750.38	1428.36			2494.97				
O35405	PLD3_MOUSE	Pld3	5'-3' exonuclease PLD3	5790.9	10840	6764.66	6984.99	7479.32	6481.87	7736.16	6018.34	5881.51	7123.1
O35425	BOK_MOUSE	Bok	Bcl-2-related ovarian killer protein	357.639		891.637						888.507	
O35449	PRRT1_MOUSE	Prrt1	Proline-rich transmembrane protein 1	13454.2	18936.3	384344	14531.2	673618	13483.1	559178	10663.7	275257	10098.7
O35454	CLCN6_MOUSE	Clcn6	H(+)/Cl(-) exchange transporter 6	3868.68		2730.44	1791.04	3024.81	3556.88	2602.1	2493.69	2861.94	2669.04
O35465	FKBP8_MOUSE	Fkbp8	Peptidyl-prolyl cis-trans isomerase FKBP8	2368.24		1783.07		2244	1900.39	2646.97	1590.67	1974.62	3324.47
O35474	EDIL3_MOUSE	Edil3	EGF-like repeat and discoidin I-like domain-containing protein 3	33313.4	42771.6	30453.1	34965.7	33346.4	36748.8	27295.4	27732.6	30366.5	36482.5
O35495	CDK14_MOUSE	Cdk14	Cyclin-dependent kinase 14	1240.62									
O35526	STX1A_MOUSE	Stx1a	Syntaxin-1A	4388.76	16940.5	5836.81	7807.09	9726.12	7136.92	10635.9	4616.7	6467.2	6258.85
O35593	PSDE_MOUSE	Psmd14	26S proteasome non-ATPase regulatory subunit 14	7502.33	17018.5	8217.98	7309.85	6377.41	8979.86	7076.66	8404.53	8227.87	7525.07
O35621	PMM1_MOUSE	Pmm1	Phosphomannomutase 1	1387.8									
O35625	AXIN1_MOUSE	Axin1	Axin-1	522.855									
O35633	VIAAT_MOUSE	Slc32a1	Vesicular inhibitory amino acid transporter	658.682		1572.35							
O35643	AP1B1_MOUSE	Ap1b1	AP-1 complex subunit beta-1	12227.9	21441.6	11686.5	12862.1	15341.4	10887.1	12450.7	11290.2	11553.4	12112.6
O35658	C1QBP_MOUSE	C1qbp	Complement component 1 Q subcomponent-binding protein, mitochondrial	16584.6	14349.5	16909.6	13367.2	14306.3	16576.2	12140.7	13998.6	17796.4	16027.7
O35668	HAP1_MOUSE	Hap1	Huntingtin-associated protein 1	1051.81									
O35678	MGLL_MOUSE	Mgll	Monoglyceride lipase	1631.3									
O35680	RT12_MOUSE	Mrps12	Small ribosomal subunit protein uS12m	12325.2	424678	54514	91626.5	93441.3	82041.5	96136	62994.4	51233.4	84993.9
O35681	SYT3_MOUSE	Syt3	Synaptotagmin-3	1603.01		2179.94	2930.08		2767.11		2932.71	1754.92	2186.65
O35682	MYADM_MOUSE	Myadm	Myeloid-associated differentiation marker	93014.5	82111.8	79794.4	78060.7	64646.5	74559.6	80063.4	84007.5	80560.3	87278.5
O35691	PININ_MOUSE	Pnn	Pinin	4374.52	21543.5	9942.89	8599.58	14746.5	9015.35	6800.89	6166.43	6841.29	8756.27
O35709	ENC1_MOUSE	Enc1	Ectoderm-neural cortex protein 1	174.29									
O35737	HNRH1_MOUSE	Hnrnph1	Heterogeneous nuclear ribonucleoprotein H	10168.2	13719.8	11270.7	11174	14866.9	8469.79	6806.09	6415.73	7866.22	6592.37
O35864	CSN5_MOUSE	Cops5	COP9 signalosome complex subunit 5	1349.55		1258.97	1430	2443.71	1213.8	1901.14	1273.15	904.822	1179.6
O35874	SATT_MOUSE	Slc1a4	Neutral amino acid transporter A	303.63		521.601						585.527	
O35887	CALU_MOUSE	Calu	Calumenin	826.484					2632.58				
O35926	CD5R2_MOUSE	Cdk5r2	Cyclin-dependent kinase 5 activator 2	371.061					380.89				
O35927	CTND2_MOUSE	Ctnnd2	Catenin delta-2	24842.4	21484.3	19780.6	18683.7	19289.3	19937.2	18353.4	19128	19208.3	18428.3
O35954	PITM1_MOUSE	Pitpnm1	Membrane-associated phosphatidylinositol transfer protein 1	2708.56		3527.79	3488.46	3705.51	2896.58	3502.39	3847.2	3902.41	4053.64
O35972	RM23_MOUSE	Mrpl23	Large ribosomal subunit protein uL23m	3912.56		4364.77	8818.9		6812.81	5422.99	4655.22	4939.98	6788.17
O35988	SDC4_MOUSE	Sdc4	Syndecan-4	8153.8	7070.72	7749.81	7435.27	9141.42	9157.98	8530.35	7640.81	8525.04	8812.88
O54734	OST48_MOUSE	Ddost	Dolichyl-diphosphooligosaccharide--protein glycosyltransferase 48 kDa subunit	3369.86	10723.5	5574.66	7757.65	4817.32	5483.93	6486.05	7919.85	3684.39	5151.78
O54774	AP3D1_MOUSE	Ap3d1	AP-3 complex subunit delta-1	8547.62	64220.8	10631.2	14569.5	15340.2	13352.7	14056.1	12024.5	9946.71	12545.8
O54781	SRPK2_MOUSE	Srpk2	SRSF protein kinase 2	29237.5	17254.3	15935	18392.4	15977	16765.2	20084.3	16844.2	17831.3	17202.1
O54784	DAPK3_MOUSE	Dapk3	Death-associated protein kinase 3	25107.2		21696	14163	25380.2	29208	17974.8	12690.9	17723.4	24590.6
O54790	MAFG_MOUSE	Mafg	Transcription factor MafG	103.927				376.336		358.309			
O54824	IL16_MOUSE	Il16	Pro-interleukin-16	696.62									
O54825	BYST_MOUSE	Bysl	Bystin	298.187		366.949						445.506	
O54828	RGS9_MOUSE	Rgs9	Regulator of G-protein signaling 9	1049.31									
O54829	RGS7_MOUSE	Rgs7	Regulator of G-protein signaling 7	8228.91		11698.3	14069.5	14974.2	13491.8	13909.2	11480.8	10038.4	12318.1
O54833	CSK22_MOUSE	Csnk2a2	Casein kinase II subunit alpha'	13108.8	11479.9	17181.8	14794.1	19007.8	15488.2	16353.9	13540.6	15496.2	13575.3
O54865	GCYB1_MOUSE	Gucy1b1	Guanylate cyclase soluble subunit beta-1	4731.73		5810.46	5598.98	5442.18	5959.59	5471.03	5531.62	4907.14	5122.77
O54916	REPS1_MOUSE	Reps1	RalBP1-associated Eps domain-containing protein 1	4851.25	6974.5	5999.8	4610.99	8351.42	5308.44	7615.25	4924.85	5499.54	4847.88
O54931	AKAP2_MOUSE	Pakap	PALM2-AKAP2 fusion protein	48958.9	52928.2	53447.4	48385.8	49416.6	53582.8	54008.3	56578.4	58368.6	56318
O54946	DNJB6_MOUSE	Dnajb6	DnaJ homolog subfamily B member 6	11764.6	14530.7	13658	9997.35	15622.9	10782.9	13448.1	12260	12005.1	10985.4
O54949	NLK_MOUSE	Nlk	Serine/threonine-protein kinase NLK	44184.7		55425.8	58052.9	52088.1	47570.1	63896.6	59700.2	57507	61944.3
O54962	BAF_MOUSE	Banf1	Barrier-to-autointegration factor	15152.9	5617.66	12157.9	6885	19240.5	4098.49	17189.8	2725.8	6767.19	4236.81
O54967	ACK1_MOUSE	Tnk2	Activated CDC42 kinase 1	2956.38		2867.48					1723.85		
O54983	CRYM_MOUSE	Crym	Ketimine reductase mu-crystallin	1038.89	8313.12		1448.94		1008.83		1756.46	1419.12	1255.81
O54984	GET3_MOUSE	Get3	ATPase GET3	844.959									
O54988	SLK_MOUSE	Slk	STE20-like serine/threonine-protein kinase					6523.5					
O54991	CNTP1_MOUSE	Cntnap1	Contactin-associated protein 1	90996.9	69110.8	83275.4	80413.2	73247.3	75675.8	77364.4	84203.8	85294.2	84432.1
O55013	TPPC3_MOUSE	Trappc3	Trafficking protein particle complex subunit 3	8512	8618.43	7628.32	7925.37	6418.42	8159.9	6716.99	7029.12	5237.57	7406.65
O55017	CAC1B_MOUSE	Cacna1b	Voltage-dependent N-type calcium channel subunit alpha-1B	10958.8	20429.5	9102.4	10308.7	11596.2	9548.91	11017.4	10614.8	10044.9	9433.41
O55022	PGRC1_MOUSE	Pgrmc1	Membrane-associated progesterone receptor component 1	3072.54		2903.25	3574.56	5852.17	4745.43		3406.73	3918.2	2303.84
O55023	IMPA1_MOUSE	Impa1	Inositol monophosphatase 1	3091.05	13785.2	5627.62	5136.61		4035.93	6495.2	5279.48	3920.96	4176.74
O55029	COPB2_MOUSE	Copb2	Coatomer subunit beta'	41918.8		102466					137157		
O55033	NCK2_MOUSE	Nck2	Cytoplasmic protein NCK2	1938.35	4107.09	3027.33		3060.35	3520.08	2843.76	3678.84	2275.75	3419.34
O55042	SYUA_MOUSE	Snca	Alpha-synuclein	1682.15		3203.76							
O55057	PDE6D_MOUSE	Pde6d	Retinal rod rhodopsin-sensitive cGMP 3',5'-cyclic phosphodiesterase subunit delta	941.254									
O55091	IMPCT_MOUSE	Impact	Protein IMPACT	2621.47		4578.12					2882.78		
O55100	SNG1_MOUSE	Syngr1	Synaptogyrin-1	1286.38	12572.5	3181.87				4956.76	2724.52		2804.84
O55106	STRN_MOUSE	Strn	Striatin	23189.5	22234.3	22402	27206.5	22954.7	27122.7	23297.6	28074.4	24022.5	28940.7
O55125	NIPS1_MOUSE	Nipsnap1	Protein NipSnap homolog 1	16327.3	42448.9	21397.8	27927.8	24931.9	31825	30087.8	20271.9	20745.9	28253.9
O55126	NIPS2_MOUSE	Nipsnap2	Protein NipSnap homolog 2	6678.57	22060.8	9508.41	10248	11973.7	9196.09	10108	8123.84	7509.22	9575.41
O55128	SAP18_MOUSE	Sap18	Histone deacetylase complex subunit SAP18	4512.58	13896.8	10236.5	10877.3	17332.1	9794.93	6229.32	4870.07	6170.7	5071.4
O55131	SEPT7_MOUSE	Septin7	Septin-7	20765.8	23867.1	23993.2	24807.9	22765.3	25541.9	22233.5	22264.5	21592.3	24435.1
O55142	RL35A_MOUSE	Rpl35a	Large ribosomal subunit protein eL33	84743.9	52016	90764.1	86119.5	83074.9	81924.7	88714.3	90506.6	82521.7	87275.6
O55143	AT2A2_MOUSE	Atp2a2	Sarcoplasmic/endoplasmic reticulum calcium ATPase 2	13771.2	32548.7	12707.1	13584.4	15666.4	14286.4	13920.3	15158.8	10374.7	12598.9
O55222	ILK_MOUSE	Ilk	Integrin-linked protein kinase	942.553		1096.32	1620.73		1501.5		2292.05		2432.14
O55234	PSB5_MOUSE	Psmb5	Proteasome subunit beta type-5	15946.4	27625	15854	16689.2	17626	17953.2	17238.7	15693.1	14735.4	17009.3
O70133	DHX9_MOUSE	Dhx9	ATP-dependent RNA helicase A	27969.5	50053.1	46787.5	36467.8	69819.2	35235.3	31898	16160.4	29122.1	19441.5
O70152	DPM1_MOUSE	Dpm1	Dolichol-phosphate mannosyltransferase subunit 1	3139.23	14273.9	5169.99	6840.73	6428.06	5079.25	5145.23	4874.81	5217.63	5796.01
O70161	PI51C_MOUSE	Pip5k1c	Phosphatidylinositol 4-phosphate 5-kinase type-1 gamma	13872.8	13190.6	14279.2	18554.2	16869.2	14619	17770.1	14225	14129.3	15873.8
O70172	PI42A_MOUSE	Pip4k2a	Phosphatidylinositol 5-phosphate 4-kinase type-2 alpha	14220.6	33834.1	15748.1	17830.7	19695.5	15399.6	19305.1	12441	16336.1	15962.4
O70194	EIF3D_MOUSE	Eif3d	Eukaryotic translation initiation factor 3 subunit D	8760.96	22853.3	10212.8	8990.57	14930.1	10345.8	10426	11103.3	9315.24	7609.33
O70228	ATP9A_MOUSE	Atp9a	Probable phospholipid-transporting ATPase IIA	5138.24	8567.99	4322.84	4586.92	5383.13	5029.17	5852.96	4167.13	4308.57	4769.04
O70251	EF1B_MOUSE	Eef1b	Elongation factor 1-beta	30552.1	9431.37	11604.7	11124.1	15252.3	12733.3	14282	17127.3	12859.9	11639.7
O70252	HMOX2_MOUSE	Hmox2	Heme oxygenase 2	547.473							674.713		
O70293	GRK6_MOUSE	Grk6	G protein-coupled receptor kinase 6	1550.25									
O70305	ATX2_MOUSE	Atxn2	Ataxin-2	6799.43		4257.5	6795.25			7909.29	3027.8	3737.28	
O70311	NMT2_MOUSE	Nmt2	Glycylpeptide N-tetradecanoyltransferase 2	537.413									
O70318	E41L2_MOUSE	Epb41l2	Band 4.1-like protein 2	16979.5	18556	17342.4	16561.2	19199.8	18804.2	16073.6	15124.6	15515.3	14970
O70325	GPX4_MOUSE	Gpx4	Phospholipid hydroperoxide glutathione peroxidase GPX4	17139.2	15405.8	14681	13144.4	15214.2	12451.2	13721.3	12775.7	13839.4	12294.5
O70333	CRIPT_MOUSE	Cript	Cysteine-rich PDZ-binding protein	5501.48								9301.2	16334.5
O70354	CAH11_MOUSE	Ca11	Carbonic anhydrase-related protein 11	793.61		714.767							
O70405	ULK1_MOUSE	Ulk1	Serine/threonine-protein kinase ULK1	206.739		203.582		497.162					
O70435	PSA3_MOUSE	Psma3	Proteasome subunit alpha type-3	8705.27	12448.8	8979.32	10545.2	8831.73	10758.4	13478.8	12889.6	9391.73	9247.9
O70439	STX7_MOUSE	Stx7	Syntaxin-7	832.101									
O70443	GNAZ_MOUSE	Gnaz	Guanine nucleotide-binding protein G(z) subunit alpha	137777	105441	130033	125400	118655	124782	135004	143866	149120	138584
O70451	MOT2_MOUSE	Slc16a7	Monocarboxylate transporter 2	2555.17									
O70456	1433S_MOUSE	Sfn	14-3-3 protein sigma		58834.6					19281.1	67394.8		
O70472	TM131_MOUSE	Tmem131	Transmembrane protein 131	3005.06									
O70492	SNX3_MOUSE	Snx3	Sorting nexin-3	389.928						1149.28	654.986		
O70496	CLCN7_MOUSE	Clcn7	H(+)/Cl(-) exchange transporter 7	255.149									
O70503	DHB12_MOUSE	Hsd17b12	Very-long-chain 3-oxoacyl-CoA reductase	31410.4	29939.4	21853.5	22422.8	26902.4	20315.6	17696.7	18024.4	18024.3	18063.1
O70551	SRPK1_MOUSE	Srpk1	SRSF protein kinase 1	290.031		183.306		394.301	311.457			330.091	
O70589	CSKP_MOUSE	Cask	Peripheral plasma membrane protein CASK	21682.6	29141.7	20469.6	20341.9	18228.4	20652.3	17823.6	18506.4	19048.8	19989.5
O70628	PDE9A_MOUSE	Pde9a	High affinity cGMP-specific 3',5'-cyclic phosphodiesterase 9A	3259.89	11601.7	3457	4116.83		5398.47	3881.84	4272.61	5536.54	2857.18
O88196	TTC3_MOUSE	Ttc3	E3 ubiquitin-protein ligase TTC3	12458.8		10306.3	11748.4	13394.9		11922.4	7956.75	7598.02	6995.52
O88291	ZN326_MOUSE	Znf326	DBIRD complex subunit ZNF326	6604.98		12847.2	11469	20520.6	10348	10349.4	8601.4	8701.04	12307.3
O88307	SORL_MOUSE	Sorl1	Sortilin-related receptor	675.019									1755.61
O88342	WDR1_MOUSE	Wdr1	WD repeat-containing protein 1	15732.1	24016.4	18254.2	19542.2	17778.4	19704	21627.4	21263.2	22887.8	21497.8
O88343	S4A4_MOUSE	Slc4a4	Electrogenic sodium bicarbonate cotransporter 1	3666.71	5435.98	6868.19	8393.97	9047.52	7753.96	7354.29	5469.04	5431.1	5872.44
O88384	VTI1B_MOUSE	Vti1b	Vesicle transport through interaction with t-SNAREs homolog 1B	837.467		1031.65	1998.32	1490.81		1402.55		1571.81	
O88441	MTX2_MOUSE	Mtx2	Metaxin-2	3518.03		3622.87	7316.71	6005.23			4153.31	4021.19	5867.29
O88444	ADCY1_MOUSE	Adcy1	Adenylate cyclase type 1	2624.73		2929.35	3355.27	2772.83	2538.87	2422.78	3135.56	2269.84	2827.1
O88447	KLC1_MOUSE	Klc1	Kinesin light chain 1	9959.96	13678.4	8794.53	10223.5	9123.89	11159	8967.49	8806.78	7311.32	9618.59
O88448	KLC2_MOUSE	Klc2	Kinesin light chain 2	7546.56	10762.3	6098.81	8261.08	7955.16	8294.34	6803.08	7475.13	6925.91	7187.44
O88455	DHCR7_MOUSE	Dhcr7	7-dehydrocholesterol reductase	1809.58		2338.81				3324.21	3591.3	1803.61	
O88485	DC1I1_MOUSE	Dync1i1	Cytoplasmic dynein 1 intermediate chain 1	4708.69	8359.27	6291.92	6287.15	5871.94	9578.4	6398.56	5341.96	5504.83	5806.41
O88487	DC1I2_MOUSE	Dync1i2	Cytoplasmic dynein 1 intermediate chain 2	8314.45	18394.8	9038.2	8884.91	9779.52	10775.3	9512.16	10228.9	8469.92	8005.52
O88502	PDE8A_MOUSE	Pde8a	High affinity cAMP-specific and IBMX-insensitive 3',5'-cyclic phosphodiesterase 8A	4242.54		6388.25	10911.3	8304.21	6435.63		5475.61	6519.43	8585.71
O88507	CNTFR_MOUSE	Cntfr	Ciliary neurotrophic factor receptor subunit alpha	15954.1	17309.7	18616.5	18327.1	17291.2	17585.9	19401.6	18183.7	19035.8	18427.9
O88508	DNM3A_MOUSE	Dnmt3a	DNA (cytosine-5)-methyltransferase 3A	763.327	3221.2	2726.1	2130.71	5068.85	2031.98	1218.06	877.365	1779.44	1536.95
O88532	ZFR_MOUSE	Zfr	Zinc finger RNA-binding protein	3547.93	9046.78	6653.23	8105.34	9246.42	3401.98	5137.29		4812.25	3168.44
O88544	CSN4_MOUSE	Cops4	COP9 signalosome complex subunit 4	2180.15									
O88545	CSN6_MOUSE	Cops6	COP9 signalosome complex subunit 6	1868.46		1511.31	2465.15	3719.9	4219.4	4020.54	2539.67	3183.68	1827.33
O88569	ROA2_MOUSE	Hnrnpa2b1	Heterogeneous nuclear ribonucleoproteins A2/B1	23053.3	60147	68361.7	52711.2	107150	51294.9	31917.8	20195.8	28643.1	17734
O88602	CCG2_MOUSE	Cacng2	Voltage-dependent calcium channel gamma-2 subunit	1491.41		1854.4	2378.08		2017.15		1545.46	1518.06	1020
O88643	PAK1_MOUSE	Pak1	Serine/threonine-protein kinase PAK 1	1142.76	3860.79	2577.5		3338.17	3108.6	2621.56	2552.73	2296.4	2157.93
O88653	LTOR3_MOUSE	Lamtor3	Ragulator complex protein LAMTOR3	1990.59		1865.77		2040.57			1439.37	1404.96	875.9
O88685	PRS6A_MOUSE	Psmc3	26S proteasome regulatory subunit 6A	11690.9	13870.3	12388.2	13967.9	16268.9	14013.1	15166	18487.2	12859.9	13077.1
O88703	HCN2_MOUSE	Hcn2	Potassium/sodium hyperpolarization-activated cyclic nucleotide-gated channel 2	5726.67				10093				7214.02	8388.36
O88704	HCN1_MOUSE	Hcn1	Potassium/sodium hyperpolarization-activated cyclic nucleotide-gated channel 1	6338.08		13037.8	11242.4	16429.2	10345.6	16822.5	9909.72	11581.4	9257.53
O88705	HCN3_MOUSE	Hcn3	Potassium/sodium hyperpolarization-activated cyclic nucleotide-gated channel 3	536.352		871.582				2251.62		1449.58	
O88712	CTBP1_MOUSE	Ctbp1	C-terminal-binding protein 1	1983.42	3878.93	2323.65	2509.23		2472.67	3017.68	2782.54	1688.24	2784.34
O88735	MAP7_MOUSE	Map7	Ensconsin	13329.1		13834.7	14535.4	15935.6	13205.9	16552	12875	14265.7	13095.2
O88737	BSN_MOUSE	Bsn	Protein bassoon	518959	378509	471016	471915	431342	457684	434243	470726	475753	444897
O88738	BIRC6_MOUSE	Birc6	Baculoviral IAP repeat-containing protein 6	2292.57		4380.9		14227.8	4010.15	3922.88	3305.92	3818.12	3407.51
O88745	SCRG1_MOUSE	Scrg1	Scrapie-responsive protein 1	3386.35		3971.04				3717.85		4117.12	
O88746	TOM1_MOUSE	Tom1	Target of Myb1 membrane trafficking protein	5847.35	7090.94	7343.12	5907.89	6883.12	8481.76	8027.78	8277.71	7291.5	6932.85
O88809	DCX_MOUSE	Dcx	Neuronal migration protein doublecortin	3270.59		2891.65	3338.39	3285.08	5001.78	4940.91	3637.93	2228.31	
O88844	IDHC_MOUSE	Idh1	Isocitrate dehydrogenase [NADP] cytoplasmic	2689.21		3138.69	10652.2		5374.5	7395.81	4695.75	3353.66	5762.68
O88895	HDAC3_MOUSE	Hdac3	Histone deacetylase 3	352.198									
O88910	MPP3_MOUSE	Mpp3	MAGUK p55 subfamily member 3	681.337		893.403	1307.88	739.583	697.609	782.205	714.626	1041.5	653.818
O88935	SYN1_MOUSE	Syn1	Synapsin-1	7894.07	20948.6	7541.12	9230.93	8334.94	11702.7	9177.49	8822.55	7505.63	9061.01
O88951	LIN7B_MOUSE	Lin7b	Protein lin-7 homolog B	4654.99		3719.54	5760.74	3623.93		5141.06	4285.58	3532.6	4726.25
O88952	LIN7C_MOUSE	Lin7c	Protein lin-7 homolog C	19311.1	14361.2	16693.8	18391.8	15912.1	18161.1	18318.8	16694.5	17745.4	16901.2
O88967	YMEL1_MOUSE	Yme1l1	ATP-dependent zinc metalloprotease YME1L1	3363.33			4737.87	4069.3	4809.44	4968.91	4743	3312.75	
O88983	STX8_MOUSE	Stx8	Syntaxin-8	1336.15									
O88998	NOE1_MOUSE	Olfm1	Noelin	73127.4	59560.4	62323.8	60794.5	63788.2	62383.4	60387.5	68507.7	65034.3	62751
O89013	OBRG_MOUSE	Leprot	Leptin receptor gene-related protein	257.291		320.601						335.159	
O89032	SPD2A_MOUSE	Sh3pxd2a	SH3 and PX domain-containing protein 2A	2027		2227.47		2723.21					2857.76
O89051	ITM2B_MOUSE	Itm2b	Integral membrane protein 2B	4235.36	6151.65	7014.41	5179.8	13373.8	4233	10781	4479.25	7877.74	4376.9
O89053	COR1A_MOUSE	Coro1a	Coronin-1A	3067.93	6675.46	3063.36	4224	3893.76	3812.77	4589.71	4221.61	3469.81	3714.69
O89112	LANC1_MOUSE	Lancl1	Glutathione S-transferase LANCL1	6146.82	14931.6	5800.08	7303.17	5864.96	5795.34	6610.31	5902.5	6315.36	6114.34
O89114	DNJB5_MOUSE	Dnajb5	DnaJ homolog subfamily B member 5	5755.74	11176.5	6681.14	6050.53	6459.82	5865.91	5611.12	7286.58	5680.83	5950.79
P00405	COX2_MOUSE	Mtco2	Cytochrome c oxidase subunit 2	10875.7	24946.3	10437.9	10774.7	9973.39	13701	12315.7	12277.7	10640.3	11816.3
P00416	COX3_MOUSE	mt-Co3	Cytochrome c oxidase subunit 3	951.507					6698.55			2197.88	3584.01
P00493	HPRT_MOUSE	Hprt1	Hypoxanthine-guanine phosphoribosyltransferase	499.666		1030.03						853.141	
P01027	CO3_MOUSE	C3	Complement C3			6173.08	390732	12735	370649	8684.89	269586	5420.7	403102
P01029	CO4B_MOUSE	C4b	Complement C4-B				13363.8		12191.7		11701.8		11593.9
P01631	KV2A7_MOUSE		Ig kappa chain V-II region 26-10	709032	57661.4	2641.3							
P01633	KV5A1_MOUSE	Igkv6-17	Immunoglobulin kappa chain variable 6-17			74958.8	68635	135098	61223.8	110599	47102.2	72236.6	61682.2
P01665;P01666	KV3AD_MOUSE;KV3AE_MOUSE		Ig kappa chain V-III region PC 7043	2825.4									
P01786	HVM17_MOUSE		Ig heavy chain V region MOPC 47A			5265.67	34665	10420.9	35735.1	8403.09	25166	5853.54	37809
P01823	HVM47_MOUSE		Ig heavy chain V region 36-60			52081.6	141402	121907	134602	109668	105201	54877.8	103986
P01831	THY1_MOUSE	Thy1	Thy-1 membrane glycoprotein	759067	923446	1.18633e+06	1.10047e+06	986831	1.10719e+06	1.25969e+06	1.21637e+06	1.26668e+06	1.27489e+06
P01837	IGKC_MOUSE	Igkc	Immunoglobulin kappa constant	300936	1.29181e+07	9300.4							
P01863	GCAA_MOUSE	Ighg	Ig gamma-2A chain C region, A allele	1.66522e+06	5.93746e+07	25458.5	24635.2	14824.8	14771.7	8689.55	7762.51	2728.84	7684.66
P01865	GCAM_MOUSE	Igh-1a	Ig gamma-2A chain C region, membrane-bound form	2658.1	93034.4								
P01867	IGG2B_MOUSE	Ighg2b	Immunoglobulin heavy constant gamma 2B	95035.6	798870								
P01869	IGH1M_MOUSE	Ighg1	Ig gamma-1 chain C region, membrane-bound form	56355.4	1.35428e+07	105298	369509	187465	381081	174029	278393	94906.4	362400
P01897;P01898;P01901;P14429;P14430	HA10_MOUSE;HA17_MOUSE;HA18_MOUSE;HA1B_MOUSE;HA1L_MOUSE	H2-K1;H2-L;H2-Q10;H2-Q7;H2-Q8	H-2 class I histocompatibility antigen, L-D alpha chain	405.924		717.774		1660.86				1166.62	
P01942	HBA_MOUSE	Hba	Hemoglobin subunit alpha	10191.2	34916.6	33754.4	181078	45223.9	191948	42193.2	87078.5	30685.6	138086
P02301;P84244;P68433;P84228	H31_MOUSE;H32_MOUSE;H33_MOUSE;H3C_MOUSE	H3-3b;H3-5;H3c11;H3c15	Histone H3.3C	260404	786741	904245	636928	1.16364e+06	581314	320495	226868	377435	296446
P02535	K1C10_MOUSE	Krt10	Keratin, type I cytoskeletal 10	31588.7	5.24845e+06	257728	653650	410698	544048	2.04923e+06	816273	404982	527314
P03888	NU1M_MOUSE	Mtnd1	NADH-ubiquinone oxidoreductase chain 1	2052.35	4131.46	3016.38		2987.49	3086.52	2676.55	2606.12	2011.29	2346.14
P03911	NU4M_MOUSE	Mtnd4	NADH-ubiquinone oxidoreductase chain 4	181.254	1650.47	390.948				700.441	271.702	466.757	
P03930	ATP8_MOUSE	Mtatp8	ATP synthase protein 8	693.999									
P03975	IGEB_MOUSE	Iap	IgE-binding protein	20040	24073.2	113114	13812	181281	14153.3	134387	9414.9	65882.5	8537.06
P03995	GFAP_MOUSE	Gfap	Glial fibrillary acidic protein	169387	156760	204539	198231	228556	230859	201636	209766	233115	232545
P04104	K2C1_MOUSE	Krt1	Keratin, type II cytoskeletal 1	71840	7.44233e+06	310644	1.1287e+06	366255	1.09846e+06	2.85704e+06	745545	944436	825558
P04370	MBP_MOUSE	Mbp	Myelin basic protein	1.18489e+06	7.38097e+06	1.68507e+06	1.94191e+06	2.45836e+06	2.08188e+06	1.95378e+06	1.351e+06	1.41052e+06	1.7731e+06
P04627	ARAF_MOUSE	Araf	Serine/threonine-protein kinase A-Raf	2777.09		3033.33	3365.2	2762.73	2242.84	2737.26	3398.57	2345.55	1890.44
P04919	B3AT_MOUSE	Slc4a1	Band 3 anion transport protein	192.638									
P04925	PRIO_MOUSE	Prnp	Major prion protein	182860	128423	192244	183656	162830	181398	183812	213733	203178	182871
P05063	ALDOC_MOUSE	Aldoc	Fructose-bisphosphate aldolase C	39010.8	76540.1	36089.7	34750.5	33676.5	44385.7	52719.7	59500.5	40544.1	36431.8
P05064	ALDOA_MOUSE	Aldoa	Fructose-bisphosphate aldolase A	92384.1	109092	65837.2	58570.4	67282.4	70643.6	86842.2	83195.6	76881	68647.6
P05132	KAPCA_MOUSE	Prkaca	cAMP-dependent protein kinase catalytic subunit alpha	89414.3	61210.9	72305.6	68942.5	66223.9	69235.1	63435.5	64891.6	69103.1	67012.8
P05201	AATC_MOUSE	Got1	Aspartate aminotransferase, cytoplasmic		4597.49					1995.9	1339.05		
P05202	AATM_MOUSE	Got2	Aspartate aminotransferase, mitochondrial	1059.55	10290.7	1909.3			4229.74	4643.99	2708.16	1993.56	2519.79
P05480	SRC_MOUSE	Src	Proto-oncogene tyrosine-protein kinase Src	8353.07	7858.57	7506.22	6787.35	8600.26	9361.76	7911.08	7888.71	9128.52	8466.72
P05977	MYL1_MOUSE	Myl1	Myosin light chain 1/3, skeletal muscle isoform		28575.2		37080.2	41412.6	39420.7	35747.3	45245.8		
P06151	LDHA_MOUSE	Ldha	L-lactate dehydrogenase A chain	7821.57	34261.3	9850.81	12968	8523.49	10229.9	18606.1	21266.9	10225.7	9457.91
P06330	HVM51_MOUSE		Ig heavy chain V region AC38 205.12	653717	130586	5467.04	5938.11	4923.63	5318.35	3774.42	3003.28	1853.38	2990.63
P06684	CO5_MOUSE	C5	Complement C5				3394.54		4114.42		1567.15		3407.23
P06745	G6PI_MOUSE	Gpi	Glucose-6-phosphate isomerase	7254	24819.5	9312.55	8277.21	8654	10169.3	14305.5	12815.6	9713.44	8511.91
P06801	MAOX_MOUSE	Me1	NADP-dependent malic enzyme		8586.33	4848.42	3967.3			8607.45	4598.56		
P06837	NEUM_MOUSE	Gap43	Neuromodulin	68505.8	60716.2	70203.7	74798.8	68876.2	73035.2	66991.2	84075.6	80134	64857.7
P07214	SPRC_MOUSE	Sparc	SPARC	1691.85	2738.46	3618.79		3961.15		2902.26		3442.04	
P07356	ANXA2_MOUSE	Anxa2	Annexin A2	1037.28	33048.1	2877.43	6082.24	5188.2	8595.94	23265.6	25159.3	3714.55	7410.51
P07724	ALBU_MOUSE	Alb	Albumin	2463.56	111018	27258.5	231616	49440	224497	47866.2	175392	108992	180769
P07744	K2C4_MOUSE	Krt4	Keratin, type II cytoskeletal 4								2206.39		20525.1
P07901	HS90A_MOUSE	Hsp90aa1	Heat shock protein HSP 90-alpha	26376.6	42139	21178	22053.6	27167.9	27819.3	26629.2	34652.8	19887	18630.4
P08113	ENPL_MOUSE	Hsp90b1	Endoplasmin	11575.2	37311.4	9597.52	8561.86	13405	15346.9	15689.3	22308	12053.7	12442.6
P08226	APOE_MOUSE	Apoe	Apolipoprotein E	922.12		1454.08		1661.5	1799.95	2286.3	929.116	1246.05	
P08249	MDHM_MOUSE	Mdh2	Malate dehydrogenase, mitochondrial	5119.74	81191.3	11219.8	9463.1	10623.2	22258.9	20325	15730.4	10449.9	9908.01
P08414	KCC4_MOUSE	Camk4	Calcium/calmodulin-dependent protein kinase type IV	7651.13									
P08551	NFL_MOUSE	Nefl	Neurofilament light polypeptide	602821	506687	721439	770931	806497	937271	754691	883709	937387	985363
P08553	NFM_MOUSE	Nefm	Neurofilament medium polypeptide	988573	940186	1.2297e+06	1.34091e+06	1.3722e+06	1.65032e+06	1.31048e+06	1.46283e+06	1.56016e+06	1.6562e+06
P08556	RASN_MOUSE	Nras	GTPase NRas	3889.92	12030.4	6902.78						1995.56	
P08730	K1C13_MOUSE	Krt13	Keratin, type I cytoskeletal 13					3055.42			3409.5		17765.4
P08752	GNAI2_MOUSE	Gnai2	Guanine nucleotide-binding protein G(i) subunit alpha-2	122821	109178	114697	110010	106519	120383	103995	120070	121728	120969
P09103	PDIA1_MOUSE	P4hb	Protein disulfide-isomerase	1156.04	9805.02	2678.79	1691.66	1765.48	2513.36	4888.29	10646.8	1700	
P09242	PPBT_MOUSE	Alpl	Alkaline phosphatase, tissue-nonspecific isozyme	7135.5	16862.4	11540.1	9494.17	7384.07	10022.8	9534.58	9098.86	8423.98	9819.56
P09405	NUCL_MOUSE	Ncl	Nucleolin	17118.3	16630.7	16469.1	16378.7	19358.8	16753.4	14037.8	14825.7	16081.8	14353.7
P09411	PGK1_MOUSE	Pgk1	Phosphoglycerate kinase 1	2562.22	10958.4	2511.85		3287.71	4200.38	5911.76	7208.42	2413.81	2526.45
P09541	MYL4_MOUSE	Myl4	Myosin light chain 4	1326.06		2234.15	2462.83			3224.94	1514.23	2276.26	
P09671	SODM_MOUSE	Sod2	Superoxide dismutase [Mn], mitochondrial	340.378	5309.03	1178.93	2708.91		3391.06	2905.44	3664.47	1186.2	2918.6
P0C090	RC3H2_MOUSE	Rc3h2	Roquin-2	1368.34		1316.23							
P0C0S6;Q3THW5	H2AV_MOUSE;H2AZ_MOUSE	H2az1;H2az2	Histone H2A.Z	42099.1	217305	209606	164763	283366	123603	87282.4	45685.4	90297.9	72195.5
P0C192	LRC4B_MOUSE	Lrrc4b	Leucine-rich repeat-containing protein 4B	742.375	3153.4		1486.49	1414.31		1066.01	1057.84	753.125	730.757
P0DP26;P0DP27;P0DP28	CALM1_MOUSE;CALM2_MOUSE;CALM3_MOUSE	Calm1;Calm2;Calm3	Calmodulin-1	116314	79905.8	137974	110325	166272	126390	121118	157070	127918	120627
P0DP60	LYNX1_MOUSE	Lynx1	Ly-6/neurotoxin-like protein 1	71318.8	40266.8	58843.6	64264.1	64632.6	59337.4	61024.5	60776	62501.6	64741.1
P10107	ANXA1_MOUSE	Anxa1	Annexin A1								13183.9		11767.8
P10126	EF1A1_MOUSE	Eef1a1	Elongation factor 1-alpha 1	50145.8	113889	43445	45136.5	54712.2	54128.3	96268.3	132438	41419.7	41066
P10605	CATB_MOUSE	Ctsb	Cathepsin B	1600.7	8480.03								
P10630	IF4A2_MOUSE	Eif4a2	Eukaryotic initiation factor 4A-II	1204.15							824.257		
P10637	TAU_MOUSE	Mapt	Microtubule-associated protein tau	8961.6	22026.2	12013.7	12489.2	13991.5	14771.9	12977.2	11756.8	9944.7	10635.4
P10639	THIO_MOUSE	Txn	Thioredoxin	4989.33	17076.9		5270.22		6131.8	9830.99	6303.56	4180.89	4075.02
P10810	CD14_MOUSE	Cd14	Monocyte differentiation antigen CD14	10814.5									
P10852	4F2_MOUSE	Slc3a2	Amino acid transporter heavy chain SLC3A2	1604.84	5873.77	4924.9		6997.96	84383.8	7459.19	57423.2	4209.66	89020.2
P10853;Q64475;Q8CGP1;Q8CGP2	H2B1B_MOUSE;H2B1F_MOUSE;H2B1K_MOUSE;H2B1P_MOUSE	H2bc12;H2bc15;H2bc3;Hist1h2bp	Histone H2B type 1-F/J/L	722600	3.11845e+06	3.64716e+06	2.69625e+06	4.79728e+06	2.41522e+06	1.7509e+06	939621	1.44432e+06	1.34157e+06
P10922	H10_MOUSE	H1-0	Histone H1.0	25141.2	83486.9	91940.8	74126.1	125930	57106.9	40615.5	25640	41408.2	33546.1
P11031	TCP4_MOUSE	Sub1	Activated RNA polymerase II transcriptional coactivator p15	6501.06	30152.1	6846.36	10126.1	10649.7	7601.41	9763.43	8805.41	7364.75	7272.69
P11103	PARP1_MOUSE	Parp1	Poly [ADP-ribose] polymerase 1	5749.06	12548.7	6213.84	7371.49	11276.5	4755.96	6360.05	2666.01	5117.5	4114.91
P11276	FINC_MOUSE	Fn1	Fibronectin	2219.73		4020.81	10357.6	3856.62	9057.79	6638.02	7202.99	3157.8	9023
P11352	GPX1_MOUSE	Gpx1	Glutathione peroxidase 1	17238.4	8480	12451.4	11618.5	14484.3	10947.4	13658	11976.1	12439.1	10974.3
P11438	LAMP1_MOUSE	Lamp1	Lysosome-associated membrane glycoprotein 1	332.617	9260.82			1711.87		2551.57	1840.08	1415.04	
P11499	HS90B_MOUSE	Hsp90ab1	Heat shock protein HSP 90-beta	22703.4	29966.3	20265.5	20358.3	26388.5	25890.1	21496.4	31804.4	18280.3	17315.4
P11531	DMD_MOUSE	Dmd	Dystrophin	65312.6	171570	84002.8	89636.6	87344.9	87486.9	96978.1	84855.4	87808.3	92475.5
P11627	L1CAM_MOUSE	L1cam	Neural cell adhesion molecule L1	12580.4	14884.8	14537.8	14180.2	15251.6	15192.5	11350.2	12438.4	13634.4	12302.2
P11798	KCC2A_MOUSE	Camk2a	Calcium/calmodulin-dependent protein kinase type II subunit alpha	797472	742865	973774	988429	787459	893711	768139	799955	668695	784460
P11881	ITPR1_MOUSE	Itpr1	Inositol 1,4,5-trisphosphate receptor type 1	4041.68	7142.5	8010.25	7219.34	12653.8	6711.31	11030.4	5299	7179.79	5475.56
P11983	TCPA_MOUSE	Tcp1	T-complex protein 1 subunit alpha	17791	29677.2	17754.4	16525.6	23718	24136.8	17744.3	17536.7	15275.3	15100.4
P12023	A4_MOUSE	App	Amyloid-beta precursor protein	1656.28	2760.59	2441.01	1217.01	1793.88	2681.45	2680.7	2012.85	2617.68	1635.77
P12025	MK_MOUSE	Mdk	Midkine	953.407	20507.9	2866.57	4202.57	4460.4	4429.16	3895.71	2957.01	2741.08	4794.33
P12367	KAP2_MOUSE	Prkar2a	cAMP-dependent protein kinase type II-alpha regulatory subunit	34556.8	27838.1	36239.2	36577.2	33477.1	36501.8	32086.6	32497.5	34235	34921.6
P12382	PFKAL_MOUSE	Pfkl	ATP-dependent 6-phosphofructokinase, liver type	4599.59	8316.16	4919.27	6719.22	5699.67	7387.51	5512.47	5911.77	5177.83	5344.09
P12657	ACM1_MOUSE	Chrm1	Muscarinic acetylcholine receptor M1	13180.3	7849.78	7950.58	7875.2	9074.23	6318.87	6857.43	6977.36	7650.4	6743.29
P12787	COX5A_MOUSE	Cox5a	Cytochrome c oxidase subunit 5A, mitochondrial	8672.42									
P12815	PDCD6_MOUSE	Pdcd6	Programmed cell death protein 6				11449		8960.81		7497.28		
P12849	KAP1_MOUSE	Prkar1b	cAMP-dependent protein kinase type I-beta regulatory subunit	16543.7	5870.17	6696.38	4750.51	7201.78	5897.8	5789.58	4991.41	6112.79	5262.27
P12960	CNTN1_MOUSE	Cntn1	Contactin-1	435966	327134	442186	421392	397869	427822	441090	477173	485532	446452
P12970	RL7A_MOUSE	Rpl7a	Large ribosomal subunit protein eL8	148453	72417.1	115400	111565	120293	108723	109878	118953	118431	111628
P13020	GELS_MOUSE	Gsn	Gelsolin	36482.7	42327.3	37188.7	69350.5	40834.5	71414.5	39552	61056	38129.3	66470.9
P13541	MYH3_MOUSE	Myh3	Myosin-3									1360.75	
P13595	NCAM1_MOUSE	Ncam1	Neural cell adhesion molecule 1	144876	132000	158042	144968	158101	166028	133996	151714	164643	154321
P14094	AT1B1_MOUSE	Atp1b1	Sodium/potassium-transporting ATPase subunit beta-1	61315.3	93050.1	60745.3	52171	64358.9	62411.8	65979.6	59180.8	60741.9	56465.3
P14106	C1QB_MOUSE	C1qb	Complement C1q subcomponent subunit B	32649	2.00668e+06	169209	296378	259910	249837	264792	184314	133560	230093
P14115	RL27A_MOUSE	Rpl27a	Large ribosomal subunit protein uL15	181668	117183	192458	173161	184352	175179	180184	184175	188213	170874
P14131	RS16_MOUSE	Rps16	Small ribosomal subunit protein uS9	66825.8	93700.9	63587.2	61098.9	66215	65838.8	67559.4	68184.5	65208.6	61342.6
P14148	RL7_MOUSE	Rpl7	Large ribosomal subunit protein uL30	95687	43270.3	68591.2	59088.7	69406.3	55910.6	66484	67179.1	70714.5	75409.9
P14152	MDHC_MOUSE	Mdh1	Malate dehydrogenase, cytoplasmic	5192.72	18747.3	5170.06		6618.5	8600.89	6892.18	13778.5	5887.31	6376.34
P14206	RSSA_MOUSE	Rpsa	Small ribosomal subunit protein uS2	1557.35	10516.7	1419.67		1456.45	2503.49	4072.65	9062.57	1260.46	1777.01
P14211	CALR_MOUSE	Calr	Calreticulin	1356.87	9556.86			3008.09	2605.01	2763.11	3355.51	1980.07	1747.98
P14231	AT1B2_MOUSE	Atp1b2	Sodium/potassium-transporting ATPase subunit beta-2	8311.31	41835.6	15918.3	9530.62	20730.4	14879.9	19357.3	12380.4	13331.9	12246.1
P14602	HSPB1_MOUSE	Hspb1	Heat shock protein beta-1		6377.66					21811.5	35236.5		
P14685	PSMD3_MOUSE	Psmd3	26S proteasome non-ATPase regulatory subunit 3	15116.9	29313.3	16207.3	18875.6	20752.3	17031.2	17109.6	20703	16029	18038.6
P14733	LMNB1_MOUSE	Lmnb1	Lamin-B1	11765.4	59755.6	58191	48789.2	77954.9	42188.2	27949.2	17072.8	26015.4	21820.8
P14824	ANXA6_MOUSE	Anxa6	Annexin A6	5987.75									
P14869	RLA0_MOUSE	Rplp0	Large ribosomal subunit protein uL10	154410	98655.5	123765	108968	126942	117048	121838	124957	123936	118613
P14873	MAP1B_MOUSE	Map1b	Microtubule-associated protein 1B	301733	135966	221924	132526	309409	146847	276861	136171	222470	119201
P15105	GLNA_MOUSE	Glul	Glutamine synthetase	59131.4	50816.7	36351.9	38366.3	33392.3	36301.2	36401.1	35542.5	29604.3	31493.1
P15116	CADH2_MOUSE	Cdh2	Cadherin-2	69491.9	56114.9	65237.1	65097.9	58971.1	64772.1	59224.7	61858.8	64272.3	67148.2
P15331	PERI_MOUSE	Prph	Peripherin	10617.8	13285.5	15724.7	16677.1	20426	18330.8	16761.8	17415.9	21175	20899.4
P15388	KCNC1_MOUSE	Kcnc1	Potassium voltage-gated channel subfamily C member 1	480.738									
P15508	SPTB1_MOUSE	Sptb	Spectrin beta chain, erythrocytic	40154.8	36590.9	46598.8	45083.7	40666.9	42718.1	45536.7	48032.3	52562.6	49192.7
P15864	H12_MOUSE	H1-2	Histone H1.2	80636	288304	449406	339621	619487	300147	171255	104540	174043	148139
P15920	VPP2_MOUSE	Atp6v0a2	V-type proton ATPase 116 kDa subunit a 2	3132.75									
P16014	SCG1_MOUSE	Chgb	Secretogranin-1			24461.2		33116.2		31795.4		18366.3	
P16054	KPCE_MOUSE	Prkce	Protein kinase C epsilon type	2297.21	4952.65	2249.34	2192.81		2873.03	2093.2	2431.27	1722.95	1430.11
P16110	LEG3_MOUSE	Lgals3	Galectin-3		91563						20256.7		
P16125	LDHB_MOUSE	Ldhb	L-lactate dehydrogenase B chain	1421.02	16607.8	1516.33	2020.22	1852.79	3731.65	4036.74	2489.22	1555.72	1728.95
P16254	SRP14_MOUSE	Srp14	Signal recognition particle 14 kDa protein	2171.37		2175.88			3194.24		3139.4	3182.74	
P16283	B3A3_MOUSE	Slc4a3	Anion exchange protein 3	8620.42		3364.89	5069.9		3838.06		2012.05	3093.48	
P16330	CN37_MOUSE	Cnp	2',3'-cyclic-nucleotide 3'-phosphodiesterase	105623	91672.4	85937.1	77434.5	87956.1	89849.3	62092.4	59854.5	68838.6	63030.1
P16388	KCNA1_MOUSE	Kcna1	Potassium voltage-gated channel subfamily A member 1	16797.3		21427.4	21344.9	19270	24520.9	18398.9	16377.6	17165.7	18438.5
P16390	KCNA3_MOUSE	Kcna3	Potassium voltage-gated channel subfamily A member 3	1493.89		1443.18		1555.92	2388.39			2385.13	2526.3
P16546	SPTN1_MOUSE	Sptan1	Spectrin alpha chain, non-erythrocytic 1	718748	620585	866948	820569	797584	815402	874018	895657	951001	929395
P16627	HS71L_MOUSE	Hspa1l	Heat shock 70 kDa protein 1-like	2536.28	9138.43	2865.38	2815.3	3874.47	2994.2	6252.38	8870.07	2578.27	2702.63
P16858	G3P_MOUSE	Gapdh	Glyceraldehyde-3-phosphate dehydrogenase	34542.2	132749	34625.9	41053.4	43036.3	47361.3	60228.6	52132.7	34615.3	39966
P17095	HMGA1_MOUSE	Hmga1	High mobility group protein HMG-I/HMG-Y	2236.62		4183.01		9316.11			2405.3	2505.91	
P17156	HSP72_MOUSE	Hspa2	Heat shock-related 70 kDa protein 2	16041.4	23816.5	18133.4	18657.6	18319	18168.5	17724.2	17370.5	17525.5	18025.7
P17182	ENOA_MOUSE	Eno1	Alpha-enolase	13499.2	42486.9	13276.1	15409.7	13038	15943.8	24181.3	23287.9	13592.1	13892.6
P17225	PTBP1_MOUSE	Ptbp1	Polypyrimidine tract-binding protein 1	6305.53		6470.57	4211.7	8884	6765.34	8489.96	3903.77	6242.44	3919.54
P17426	AP2A1_MOUSE	Ap2a1	AP-2 complex subunit alpha-1	432497	235725	332927	312172	317536	292501	329591	316578	322746	307831
P17427	AP2A2_MOUSE	Ap2a2	AP-2 complex subunit alpha-2	81037.3	49818.2	61791.6	58906.7	59668.1	55566.2	62560.3	60988.8	61784.7	58499.7
P17710	HXK1_MOUSE	Hk1	Hexokinase-1	5223.81	31373.1	8559.09	8681.67	9027.71	11768.8	10573	8973.78	7609.78	7358.71
P17742	PPIA_MOUSE	Ppia	Peptidyl-prolyl cis-trans isomerase A	11825.3	67169.3	8532.25	10612.3	10419	14072.4	15023.8	24617.1	10262.6	9634.61
P17751	TPIS_MOUSE	Tpi1	Triosephosphate isomerase	16717.9	37522.1	15219.6	17412	17148.1	18448.7	23363	22391.8	14844.1	13984.5
P17809	GTR1_MOUSE	Slc2a1	Solute carrier family 2, facilitated glucose transporter member 1	4719.97	9191.94	3857.07	4329.47	4256.76	5458.41	3868.22	4497.57	5457.29	4743.32
P17879;Q61696	HS71A_MOUSE;HS71B_MOUSE	Hspa1a;Hspa1b	Heat shock 70 kDa protein 1B	3778.68	7604.3	5199.9	5748.65	5480.66	5731.08	8605.25	18616.9	3907.29	5403.69
P17897	LYZ1_MOUSE	Lyz1	Lysozyme C-1	819.132	12502	3700.56	7092.71	4859.22	4709.73	19294.7	5164.07	7173.22	4734.51
P18052	PTPRA_MOUSE	Ptpra	Receptor-type tyrosine-protein phosphatase alpha	1223.1		3154.01					4926.22	2135.76	
P18242	CATD_MOUSE	Ctsd	Cathepsin D	636.977	5123.11		578.356	1571.89	1621.51	1907.01	999.128	822.259	
P18527	HVM56_MOUSE		Ig heavy chain V region 914	7367.29	37131.8						3616.36		
P18529	HVM58_MOUSE		Ig heavy chain V region 5-76	8313.6									
P18760	COF1_MOUSE	Cfl1	Cofilin-1	57466.5	82155.2	69377.9	61274.8	63028.7	66704.7	80534.8	88081.3	79183.2	73921.9
P18872	GNAO_MOUSE	Gnao1	Guanine nucleotide-binding protein G(o) subunit alpha	783754	692843	858690	830421	780324	862223	867539	928994	902784	945394
P19001	K1C19_MOUSE	Krt19	Keratin, type I cytoskeletal 19	5203.29	54011.4					16827.4	16612.7		60400.9
P19096	FAS_MOUSE	Fasn	Fatty acid synthase	55573.6	76546.9	54991.2	54915.4	68959.8	71819	54382.6	50042.8	45742.3	50414.6
P19157;P46425	GSTP1_MOUSE;GSTP2_MOUSE	Gstp1;Gstp2	Glutathione S-transferase P 1	1383.16	13752.5		6013.98			6021.22	13928.2		
P19221	THRB_MOUSE	F2	Prothrombin				6522.19		4119.32		4505.04		6044.86
P19246	NFH_MOUSE	Nefh	Neurofilament heavy polypeptide	186588	186959	189659	193884	214287	234764	205098	234277	245640	244810
P19253	RL13A_MOUSE	Rpl13a	Large ribosomal subunit protein uL13	162402	74790.6	104680	95506.6	102568	88657.6	101533	109195	96822	97975.7
P19536	COX5B_MOUSE	Cox5b	Cytochrome c oxidase subunit 5B, mitochondrial	4685.31	9260.72	7527.94		4607.6	3423.32		19110.5		5645.16
P19783	COX41_MOUSE	Cox4i1	Cytochrome c oxidase subunit 4 isoform 1, mitochondrial	5578.06	20664.5	6013.02	6720.24	6251.82	7787.87	6712.08	6377.24	6286.12	6476.23
P19973	LSP1_MOUSE	Lsp1	Lymphocyte-specific protein 1	528.83	2069.94	490.047		553.157			755.2	682.651	
P20029	BIP_MOUSE	Hspa5	Endoplasmic reticulum chaperone BiP	115748	174911	133135	114856	161996	128590	163657	154721	121872	110555
P20033	PDGFA_MOUSE	Pdgfa	Platelet-derived growth factor subunit A	981.333		800.724					1247.63	931.346	2233.19
P20065;Q6ZWY8	TYB10_MOUSE;TYB4_MOUSE	Tmsb10;Tmsb4x	Thymosin beta-4	846.787		1339	1503.92	1590.67		1456.73	1450.84	1491.28	1268.64
P20108	PRDX3_MOUSE	Prdx3	Thioredoxin-dependent peroxide reductase, mitochondrial	12837.9	15043.8	5860.47	6394.2	6213.13	6702.1	6385.48	6970.69	5125.77	7138.95
P20152	VIME_MOUSE	Vim	Vimentin	82178.8	89133	101167	94528.6	124112	112767	103194	108608	108220	114933
P20357	MTAP2_MOUSE	Map2	Microtubule-associated protein 2	142549	98572.6	47524.9	51080.7	59493.2	53269	53621.4	47945.6	47344.9	48681.1
P20917	MAG_MOUSE	Mag	Myelin-associated glycoprotein	16554.8	18582.9	14769.2	12133.3	14605.5	18957.1	13799	15259.8	15588.3	14128.5
P21107	TPM3_MOUSE	Tpm3	Tropomyosin alpha-3 chain	28728	25695.9	28786.3	25851.1	27200.1	25419.4	29387.4	36064.6	33047.8	32198.9
P21271	MYO5B_MOUSE	Myo5b	Unconventional myosin-Vb	13122.9	33617	15599.9	17775.8	19789.3	20641.3	14281	17837.7	15207.9	19101.5
P21278	GNA11_MOUSE	Gna11	Guanine nucleotide-binding protein subunit alpha-11	29340.3	52101.9	28504.9	33710.5	37030.4	43062.4	40741.6	38517.4	39929.7	42262.4
P21279	GNAQ_MOUSE	Gnaq	Guanine nucleotide-binding protein G(q) subunit alpha	35190.1	35141.6	33509	33756.4	34257.3	37601.5	33399.6	36556.6	34554.6	35523.1
P21460	CYTC_MOUSE	Cst3	Cystatin-C	2599.23		3993.56							
P21619	LMNB2_MOUSE	Lmnb2	Lamin-B2	5612.25	36068.2	24382.3	20486.6	36558.1	18815.2	15779.6	8247.9	13131.9	10437.4
P21956	MFGM_MOUSE	Mfge8	Lactadherin	3072.94		2640.37	4890.93	5553.92	4306.74	3032.07	3280.87	2535.45	3233.57
P22723	GBRG2_MOUSE	Gabrg2	Gamma-aminobutyric acid receptor subunit gamma-2	15844.7	12603	11210.6	14543.4	11976.8	12935.1	13423.9	12687	13097.4	11458.1
P22892	AP1G1_MOUSE	Ap1g1	AP-1 complex subunit gamma-1	888.758		1610.55	1586.01	1766.35	1061.27	1428.48	1626.87	1307.1	1200.83
P22935	RABP2_MOUSE	Crabp2	Cellular retinoic acid-binding protein 2								1707.87		
P23116	EIF3A_MOUSE	Eif3a	Eukaryotic translation initiation factor 3 subunit A	7003.21		7249.66	6444.1	8239.59	8667.56	6156.22	8206.91	7347.27	5980.23
P23198	CBX3_MOUSE	Cbx3	Chromobox protein homolog 3	2420.99	11962	11556.9	9881.5	12831.1	6862.76	6277.99		5169.78	
P23242	CXA1_MOUSE	Gja1	Gap junction alpha-1 protein	238237	148229	202468	188136	182319	174016	194304	186980	220176	196288
P23818	GRIA1_MOUSE	Gria1	Glutamate receptor 1	13292.2	15405.6	17611.6	12900.7	18023.3	13177.3	17049	12690.1	14006.5	11391.9
P23819	GRIA2_MOUSE	Gria2	Glutamate receptor 2	17109.8	21506.5	20012.6	18375	22362.1	18672	20305.2	17564.1	16515.3	15794.5
P23927	CRYAB_MOUSE	Cryab	Alpha-crystallin B chain	2268.3		3874.61	5685.1	5290.77	3481.2		2979.11	2563.84	3327.47
P24270	CATA_MOUSE	Cat	Catalase	4107.24	18299.5	3948.61	5859.77	6318.03	8109.14	11524.5	4913.59	3128.27	5370.77
P24369	PPIB_MOUSE	Ppib	Peptidyl-prolyl cis-trans isomerase B	6286.58	61534	14964.8	29202.7	19821.6	15335.5	20825.8	14686.4	10014.5	12938
P24452	CAPG_MOUSE	Capg	Macrophage-capping protein							3824.9	3744.06		
P24547	IMDH2_MOUSE	Impdh2	Inosine-5'-monophosphate dehydrogenase 2	464.692		4397.31					1812.68		
P25444	RS2_MOUSE	Rps2	Small ribosomal subunit protein uS5	105971	57613.4	74319.9	73601.3	79413	73564.3	73410	82482.4	83248.7	76429.5
P25911	LYN_MOUSE	Lyn	Tyrosine-protein kinase Lyn	71652.3	58461.9	72972.9	72623.8	73846.4	76447.8	67684.4	72901.4	74174.8	83468.6
P25976	UBF1_MOUSE	Ubtf	Nucleolar transcription factor 1	19929.7	54639.9	30225.9	29980.4	33801.9	21804	25365.3	23283.1	21554	23893.3
P26039	TLN1_MOUSE	Tln1	Talin-1	3725.59		6518.91	15668.8		12655		13405.2	6650.76	13646.4
P26040	EZRI_MOUSE	Ezr	Ezrin	2218.6		3248.39		4068.81	2974.91	4317.24	7910.95	2739.82	3322.91
P26041	MOES_MOUSE	Msn	Moesin	1225.46							4059.5	1574.28	
P26043	RADI_MOUSE	Rdx	Radixin	11914	15314.2	10307	11992.2	12591.7	14021.7	16189.1	26561.5	12153	10638.4
P26048	GBRA2_MOUSE	Gabra2	Gamma-aminobutyric acid receptor subunit alpha-2	4402.2					4860.68				
P26049	GBRA3_MOUSE	Gabra3	Gamma-aminobutyric acid receptor subunit alpha-3	2565.07		3659.07	2905.57		2048.52	2524.14	2130.19	3269.82	1416.44
P26151	FCGR1_MOUSE	Fcgr1	High affinity immunoglobulin gamma Fc receptor I	18414.4	934163								
P26231	CTNA1_MOUSE	Ctnna1	Catenin alpha-1	21962	34377.7	21999.1	21444.6	24014.3	22479.6	24173.2	23016.3	26127.3	26451.3
P26369	U2AF2_MOUSE	U2af2	Splicing factor U2AF 65 kDa subunit	28508.7	161788	56018.6	64028	75749.3	65418.1	48561.9	47565.5	45143.5	39841.7
P26443	DHE3_MOUSE	Glud1	Glutamate dehydrogenase 1, mitochondrial	2129.4	19316.5	5143.74	5408.98	7258.43	4880.14	6754.85	4800.44	4247.57	4726.67
P26450	P85A_MOUSE	Pik3r1	Phosphatidylinositol 3-kinase regulatory subunit alpha	745.123						2140.08		620.929	
P26516	PSMD7_MOUSE	Psmd7	26S proteasome non-ATPase regulatory subunit 7	3674.95	7793.54	4364.18	4444.58	4755.88	4201.6	4921.09	5461.44	4922.06	5072.25
P26638	SYSC_MOUSE	Sars1	Serine--tRNA ligase, cytoplasmic	1192.73		1141.32	1436.85		965.472	1436.22	1280.82	1162.13	396.779
P26645	MARCS_MOUSE	Marcks	Myristoylated alanine-rich C-kinase substrate	3047.93	7314.48	3145.65	3004.22	5158.29	5040.42	3217.34	3538.69	3114.79	2892.09
P26883	FKB1A_MOUSE	Fkbp1a	Peptidyl-prolyl cis-trans isomerase FKBP1A	969.176	5372.47	1296.91		2499.14	2082.27	1469.32	1028.48	1214.31	2220.11
P27546	MAP4_MOUSE	Map4	Microtubule-associated protein 4	26762.7	130826	37941.2	60637.1	65613	61652.8	54640	50213.9	38251.7	50638.5
P27600	GNA12_MOUSE	Gna12	Guanine nucleotide-binding protein subunit alpha-12	604.839									
P27601	GNA13_MOUSE	Gna13	Guanine nucleotide-binding protein subunit alpha-13	1133.41		1169.12	1124.93	1175.96		983.87	1482.19	1148.23	1504.56
P27659	RL3_MOUSE	Rpl3	Large ribosomal subunit protein uL3	128849	70668.4	104867	90394.6	95109.8	92702.5	100852	96127	94563.4	102104
P27661	H2AX_MOUSE	H2ax	Histone H2AX	389057	1.24313e+06	1.91513e+06	1.7671e+06	2.87845e+06	1.59496e+06	1.15456e+06	651290	934003	566244
P27671	RGRF1_MOUSE	Rasgrf1	Ras-specific guanine nucleotide-releasing factor 1	508.16					639.04	1312.15	724.481	403.759	
P27773	PDIA3_MOUSE	Pdia3	Protein disulfide-isomerase A3	5135.09							27500.1		
P28028	BRAF_MOUSE	Braf	Serine/threonine-protein kinase B-raf	1410.08		2147.44	3184.24	5323.12				2819	
P28184	MT3_MOUSE	Mt3	Metallothionein-3	253.124									
P28571	SC6A9_MOUSE	Slc6a9	Sodium- and chloride-dependent glycine transporter 1	352.42									
P28652	KCC2B_MOUSE	Camk2b	Calcium/calmodulin-dependent protein kinase type II subunit beta	175782	103336	145449	157113	117928	137594	113316	133857	109867	127460
P28656	NP1L1_MOUSE	Nap1l1	Nucleosome assembly protein 1-like 1	10103.8	12309.1	11794.6	9017.63	12114.8	11892.7	11482.2	11116.4	9361.63	10578.5
P28659	CELF1_MOUSE	Celf1	CUGBP Elav-like family member 1	3173.93									
P28660	NCKP1_MOUSE	Nckap1	Nck-associated protein 1	32232.1	28360.5	29940.2	30455.8	27761.3	29693.5	28488.7	31175	28057.1	28148.4
P28661	SEPT4_MOUSE	Septin4	Septin-4	19052.3	10742.6								
P28663	SNAB_MOUSE	Napb	Beta-soluble NSF attachment protein	2579.56	8701.05	3086.55	3691.42	3837.74	3505.79	4413.63	4118.53	2897.23	3268.97
P28665	MUG1_MOUSE	Mug1	Murinoglobulin-1				46425.3		45672.4		26996.2		40562.3
P28667	MRP_MOUSE	Marcksl1	MARCKS-related protein	824.731		875.069	852.941	1260.82	1322.34	994.265	1042.88	678.305	615.975
P28738	KIF5C_MOUSE	Kif5c	Kinesin heavy chain isoform 5C	20853.2	21987.6	20528.7	22465	22392.7	23661.2	21318.6	20757.6	20244.1	20800.3
P28740	KIF2A_MOUSE	Kif2a	Kinesin-like protein KIF2A	146443	86117.9	120013	114908	114156	111542	117250	122909	136347	130529
P28741	KIF3A_MOUSE	Kif3a	Kinesin-like protein KIF3A	5141.2	7727.32	5646.92	6320.6	5877.25	5754.82	5905.24	4357.11	3807.71	4413.27
P28798	GRN_MOUSE	Grn	Progranulin	16337.6	476877	89874.6	130148	119440	151447	113231	87784.9	54649.1	84877.7
P29341	PABP1_MOUSE	Pabpc1	Polyadenylate-binding protein 1	126315	51149.3	42298.6	40525.9	52477.7	44313	48771.9	45979.9	44096.4	44344.4
P29387	GBB4_MOUSE	Gnb4	Guanine nucleotide-binding protein subunit beta-4	91798.6	80269.9	95957.2	99938.6	85263.7	106919	87465.7	100042	103083	107078
P29533	VCAM1_MOUSE	Vcam1	Vascular cell adhesion protein 1			473307		902886		730091		357710	
P29595	NEDD8_MOUSE	Nedd8	NEDD8	348.849		746.758				497.733		350.03	
P29699	FETUA_MOUSE	Ahsg	Alpha-2-HS-glycoprotein				15902.6		14163.5		8442.48		14368.1
P30275	KCRU_MOUSE	Ckmt1	Creatine kinase U-type, mitochondrial	30143.7	75390.2	26334.1	24874.4	27710.2	29158.4	31017	30600.3	24177	29881.7
P30999	CTND1_MOUSE	Ctnnd1	Catenin delta-1	16603.4	19447.4	16261.8	14311.6	16343.2	16153.7	15047.1	15530.9	13231	14274
P31230	AIMP1_MOUSE	Aimp1	Aminoacyl tRNA synthase complex-interacting multifunctional protein 1	8739.19		7560.56		13270.8	8568.67	9333.41	12055.6	9825.2	10071.6
P31324	KAP3_MOUSE	Prkar2b	cAMP-dependent protein kinase type II-beta regulatory subunit	47351.1	36004.5	43788.9	40076.1	33358.6	37646.4	37643.5	38015.6	42096.5	39859
P31648	SC6A1_MOUSE	Slc6a1	Sodium- and chloride-dependent GABA transporter 1	574.029	2598.32	1002.73	1325.22	1424.49	678.544	991.846	892.113	855.682	809.483
P31650	S6A11_MOUSE	Slc6a11	Sodium- and chloride-dependent GABA transporter 3	1873.45		3112.25					3985.61	3931.86	4579.81
P31938	MP2K1_MOUSE	Map2k1	Dual specificity mitogen-activated protein kinase kinase 1	3507.21	5633.74	2951.24	3763.42	4445.81		3476.56	3353.56	2405.74	3489.95
P32067	LA_MOUSE	Ssb	Lupus La protein homolog	2378.05		4472.43	4910.44	7810.12	4473.52	5863.7	3175.26	3683.41	6237.28
P32233	DRG1_MOUSE	Drg1	Developmentally-regulated GTP-binding protein 1	1561.72					3631.64				
P32261	ANT3_MOUSE	Serpinc1	Antithrombin-III				3295.2		3690.12	839.931	1397.94		1873.45
P32883	RASK_MOUSE	Kras	GTPase KRas	6971.32	16762.9	6564.26	6830.59	8121.5	7221.04	5831.67	6911.32	5391.85	5583.39
P33173	KIF1A_MOUSE	Kif1a	Kinesin-like protein KIF1A	5818.97	7226.84	5062.44	4750.74	4589.99	4980.51	5254.67	5242.49	5372.3	6579.97
P33175	KIF5A_MOUSE	Kif5a	Kinesin heavy chain isoform 5A	2915.8									
P34152	FAK1_MOUSE	Ptk2	Focal adhesion kinase 1	783.597						1614.65	943.186		
P34884	MIF_MOUSE	Mif	Macrophage migration inhibitory factor	934.032	22513.2						4501.42	1780.19	
P35278	RAB5C_MOUSE	Rab5c	Ras-related protein Rab-5C	3866.04	10562.7	4206.19	5761.07	4694.38	7480.22	7533.2	9048.1	4496.29	
P35279	RAB6A_MOUSE	Rab6a	Ras-related protein Rab-6A	7591.72	19673.1	5374.23	7493.66	6549.32	6742.81	8263.3	10467.9	6389.36	7554.72
P35282	RAB21_MOUSE	Rab21	Ras-related protein Rab-21	1032.75		1077.41				2207.54	1200.1	1433.63	
P35283	RAB12_MOUSE	Rab12	Ras-related protein Rab-12	766.884									
P35293	RAB18_MOUSE	Rab18	Ras-related protein Rab-18	4586.76	9519.25	5548.47		5804	5174.82	7451.95	7165.06	4243.57	3266.97
P35436	NMDE1_MOUSE	Grin2a	Glutamate receptor ionotropic, NMDA 2A	119063	91804.2	112685	107825	103617	108914	107784	115391	113594	107318
P35438	NMDZ1_MOUSE	Grin1	Glutamate receptor ionotropic, NMDA 1	421182	294423	431661	396464	397605	382344	418039	411357	424028	404124
P35441	TSP1_MOUSE	Thbs1	Thrombospondin-1				49884		51496		37038.5		45456.6
P35486	ODPA_MOUSE	Pdha1	Pyruvate dehydrogenase E1 component subunit alpha, somatic form, mitochondrial	34815.3	35473.6	37573.3	34064.2	36338.5	40321.2	36509.2	40369.2	35777.8	32586
P35492	HUTH_MOUSE	Hal	Histidine ammonia-lyase		25647.8		9160.29			41437.1	26073.8	4472.69	9664.46
P35550	FBRL_MOUSE	Fbl	rRNA 2'-O-methyltransferase fibrillarin	10863.3	32469.3	24106.8	20187.2	30495.4	20210.6	17001.1	13008.6	14020	11964.7
P35564	CALX_MOUSE	Canx	Calnexin	4395.46	12747.2	4429.42	5454.09	6279.77	6372.36	5065.53	5255.3	4436.44	5498.98
P35569	IRS1_MOUSE	Irs1	Insulin receptor substrate 1	686.686		634.998					1002.99	506.359	
P35585	AP1M1_MOUSE	Ap1m1	AP-1 complex subunit mu-1	1538.67						6125.02	3104.65		
P35700	PRDX1_MOUSE	Prdx1	Peroxiredoxin-1	42964.1	63764.4	42133.5	45033.1	38807.1	40935.3	66605	60862.3	38930.8	38426
P35762	CD81_MOUSE	Cd81	CD81 antigen	1477.66									
P35802	GPM6A_MOUSE	Gpm6a	Neuronal membrane glycoprotein M6-a	16672.5	39393.1	21641.8	16076	22366.7	24660.5	23508.7	20650.6	23585.4	17191.9
P35803	GPM6B_MOUSE	Gpm6b	Neuronal membrane glycoprotein M6-b	2078.55	8146.21					3821.17	2283.58	3478.21	2972.07
P35822	PTPRK_MOUSE	Ptprk	Receptor-type tyrosine-protein phosphatase kappa	702.865									
P35846	FOLR1_MOUSE	Folr1	Folate receptor alpha	694.479		1410.83							
P35922	FMR1_MOUSE	Fmr1	Fragile X messenger ribonucleoprotein 1	26838.6	16585.9	9536.92	10171.8	10994.3	10445.7	10683.2	9627.17	9635.27	10336.6
P35951	LDLR_MOUSE	Ldlr	Low-density lipoprotein receptor	1173.88									
P35979	RL12_MOUSE	Rpl12	Large ribosomal subunit protein uL11	225941	127348	180838	168148	173204	175125	162323	174588	171125	177513
P35980	RL18_MOUSE	Rpl18	Large ribosomal subunit protein eL18	82993.2	20348.1	35227	27623.5	35416.9	27133.2	32522.6	35864.5	36342.1	33230.1
P36536;Q9CQC9	SAR1A_MOUSE;SAR1B_MOUSE	Sar1a;Sar1b	GTP-binding protein SAR1a	3007.7		4023.89					5744.53		
P36916	GNL1_MOUSE	Gnl1	Guanine nucleotide-binding protein-like 1	1119.58								1659.27	
P37040	NCPR_MOUSE	Por	NADPH--cytochrome P450 reductase	530.967							2712.61	999.431	
P38647	GRP75_MOUSE	Hspa9	Stress-70 protein, mitochondrial	15435	65818.1	29421.6	22994.6	40256.4	25930.7	39871	21546.1	26872.8	24277.2
P39038	CADH4_MOUSE	Cdh4	Cadherin-4	4277	3824.35	5579.63	4317.94	5379.76	3468.33	5554.92	3265.47	4407.47	3460.13
P39053	DYN1_MOUSE	Dnm1	Dynamin-1	37902	37517.8	40537.9	39418	43301.6	43523.8	40224.6	38846.8	40277	40013.4
P39054	DYN2_MOUSE	Dnm2	Dynamin-2	1568.94	2044.16	1646.66	1644.62	2503.59	2184.92	2144.54	1759.44		1496.95
P39087	GRIK2_MOUSE	Grik2	Glutamate receptor ionotropic, kainate 2	3910.62		4577.92	5684.79		3926		1760.51	4609.18	3857.76
P39447	ZO1_MOUSE	Tjp1	Tight junction protein ZO-1	103591	97782.9	99800	97316.3	103884	102400	99304	102622	100875	94631.4
P39688	FYN_MOUSE	Fyn	Tyrosine-protein kinase Fyn	51946.2	46536.1	49170.7	45686.7	50433.2	48468.8	47437.5	47050.5	51676.9	50226.7
P39876	TIMP3_MOUSE	Timp3	Metalloproteinase inhibitor 3	19799									
P40124	CAP1_MOUSE	Cap1	Adenylyl cyclase-associated protein 1	12555.3	46468.4	11956.8	15607.3	14203.8	14266.4	13776.3	15017.9	11209.8	14646.7
P40142	TKT_MOUSE	Tkt	Transketolase	678.471	2676.93					1700.41	1699.52	994.804	881.155
P40336	VP26A_MOUSE	Vps26a	Vacuolar protein sorting-associated protein 26A	1230.78									
P40630	TFAM_MOUSE	Tfam	Transcription factor A, mitochondrial	47949.4	25746.9	33866.9	20600.1	51179	19308.2	48033.5	19807.3	32697.5	18329.3
P41105	RL28_MOUSE	Rpl28	Large ribosomal subunit protein eL28	71479.3	20480.6	32267.9	35206.8	37092.1	29491.6	37659.5	36297	36889.4	46326.5
P41234	ABCA2_MOUSE	Abca2	ATP-binding cassette sub-family A member 2	2893.2									
P41241	CSK_MOUSE	Csk	Tyrosine-protein kinase CSK	1343.94		2441.84	3220.7	3269.25			2220.42		
P42208	SEPT2_MOUSE	Septin2	Septin-2	4893.18	4819.24	5289.83	4598.49	4842.78	5726.73	4242.03	4695.62	3705.58	4059.45
P42567	EPS15_MOUSE	Eps15	Epidermal growth factor receptor substrate 15	5001.45	5199.74	4795.7	4483.35	5958.37	6177.36	5893.3	4300.16	4272.63	4271.63
P42669	PURA_MOUSE	Pura	Transcriptional activator protein Pur-alpha	136564	49049.9	87028.8	77899.5	80652	76145.5	79305.9	80299.2	84783.5	86439.4
P42859	HD_MOUSE	Htt	Huntingtin	751.291								2017.49	
P42932	TCPQ_MOUSE	Cct8	T-complex protein 1 subunit theta	9074.69	16251	8934.47	9672.47	9693.47	11546.1	8270.83	9958.81	7235.69	7513.9
P43006	EAA2_MOUSE	Slc1a2	Excitatory amino acid transporter 2	19414.2	60293.9	23435.6	21335.8	28897.8	23927.4	28529	22273.2	19948	19173.2
P43274	H14_MOUSE	H1-4	Histone H1.4	152741	804527	741491	594595	1.07769e+06	501091	318478	196161	346792	285921
P43275	H11_MOUSE	H1-1	Histone H1.1	6550.3	31547.5	28534	21368.7	38372.6	19906.2	10932.4	7872.8	10787.5	10871.5
P43276	H15_MOUSE	H1-5	Histone H1.5	39534	182630	203708	171431	307490	141644	81533.4	56844.6	90929.1	69698.3
P43277	H13_MOUSE	H1-3	Histone H1.3	20953	103755	53268.5	72818	140879	68622	42939.1	25994.5	42383.6	33372.1
P43407	SDC2_MOUSE	Sdc2	Syndecan-2	1294.56								1773.72	
P45376	ALDR_MOUSE	Akr1b1	Aldo-keto reductase family 1 member B1	668.147						1784.53			
P45591	COF2_MOUSE	Cfl2	Cofilin-2	3623.98		4734.87	8834.52	4951.38	7250.92	5232.88	7115.54	5374.15	9845.85
P46061	RAGP1_MOUSE	Rangap1	Ran GTPase-activating protein 1	2960.99	8466.32	8869.36	7184.05	13297	7495.82	7158.71	3369.7	5113.83	5496.86
P46096	SYT1_MOUSE	Syt1	Synaptotagmin-1	29268.1	163768	51930.1	136217	100749	52918.2	70961.7	49807.7	43865.7	54711.3
P46097	SYT2_MOUSE	Syt2	Synaptotagmin-2	1040.62		1364.25					1756.53	1623.82	
P46460	NSF_MOUSE	Nsf	Vesicle-fusing ATPase	41547	55634.8	42775.7	39045.2	41382.2	45198.7	45608.3	44042.6	42131.6	42728
P46471	PRS7_MOUSE	Psmc2	26S proteasome regulatory subunit 7	8350.89	9573.59	8640.19	8144.49	8947.63	11044.8	8810.49	9996.74	8492.46	8999.58
P46638;P62492	RB11A_MOUSE;RB11B_MOUSE	Rab11a;Rab11b	Ras-related protein Rab-11B	5369.82	28432.2	6448.97	3739.76	8423.73	6927.79	9592.24	20034.4	5143.39	4692.04
P46660	AINX_MOUSE	Ina	Alpha-internexin	439044	352070	555259	575218	587893	642567	569492	598273	674781	713117
P46662	MERL_MOUSE	Nf2	Merlin	6064.81		7159.54	7325.15	8198.27	8153.04	9684.79	9135.77	7055.67	6744.33
P46735	MYO1B_MOUSE	Myo1b	Unconventional myosin-Ib	24030	27428.7	32013.5	28451.7	26783	27452.6	30149.7	30410.7	32425.6	31316.3
P47708	RP3A_MOUSE	Rph3a	Rabphilin-3A	2840.41	5271.49	2946.81	3031.67	3589.93	2875.53	2755.29	2196.25	2852.49	3371.22
P47740	AL3A2_MOUSE	Aldh3a2	Aldehyde dehydrogenase family 3 member A2	875.052								1085.65	1862.36
P47743	GRM8_MOUSE	Grm8	Metabotropic glutamate receptor 8	678.405							1007.87	544.762	
P47753	CAZA1_MOUSE	Capza1	F-actin-capping protein subunit alpha-1	33184.5	29939.2	30200.4	28474.3	31496.4	31302.6	32637.3	31760.3	31890.9	33236.3
P47754	CAZA2_MOUSE	Capza2	F-actin-capping protein subunit alpha-2	255133	223920	268664	272432	236764	269383	262540	292457	298624	305583
P47757	CAPZB_MOUSE	Capzb	F-actin-capping protein subunit beta	227505	174015	228972	222104	193401	220122	231398	240733	247403	249647
P47758	SRPRB_MOUSE	Srprb	Signal recognition particle receptor subunit beta					4365.31	1762.27				
P47856	GFPT1_MOUSE	Gfpt1	Glutamine--fructose-6-phosphate aminotransferase [isomerizing] 1	508.97									
P47857	PFKAM_MOUSE	Pfkm	ATP-dependent 6-phosphofructokinase, muscle type	31591.2	39600.4	31703.5	36655.7	36362.3	34942.1	33127.9	33942.5	31820	33111
P47911	RL6_MOUSE	Rpl6	Large ribosomal subunit protein eL6	169585	82236.2	141674	126472	141298	130896	141982	136599	142606	132906
P47915	RL29_MOUSE	Rpl29	Large ribosomal subunit protein eL29	20923.3	10596	10519.7	9414.95	9814.33	9155.21	9894.05	11894.3	11119.6	10317.9
P47941	CRKL_MOUSE	Crkl	Crk-like protein	944.805							1249.65	794.423	
P47955	RLA1_MOUSE	Rplp1	Large ribosomal subunit protein P1	5149.4		2744.69	3400.44	4058.51	3100.76	2620.57		3290.63	3542.31
P47962	RL5_MOUSE	Rpl5	Large ribosomal subunit protein uL18	28556.2	17368.7	20931.5	18500.1	21850.8	21753.7	18862.7	22887.9	18533.5	20465.4
P47963	RL13_MOUSE	Rpl13	Large ribosomal subunit protein eL13	203112	81595.6	120680	120976	125868	88901.6	139944	147233	155369	142715
P47964	RL36_MOUSE	Rpl36	Large ribosomal subunit protein eL36	81040.4	26014.7	51276.7	48005.7	42092.4	36047.1	51589	56870.9	53747.3	53626.4
P48193	EPB41_MOUSE	Epb41	Protein 4.1	13653.7	42714.1	16873.9	24596.9	26440.9	23356.1	18975.9	20887.9	19492.5	20267.6
P48318	DCE1_MOUSE	Gad1	Glutamate decarboxylase 1	1771.04		2162.52	3169.36				2288.95		
P48437	PROX1_MOUSE	Prox1	Prospero homeobox protein 1	631.127		3029.75	2700.18	4331.18	2990.23	983.665	1122.15	1440.07	1670.74
P48453	PP2BB_MOUSE	Ppp3cb	Serine/threonine-protein phosphatase 2B catalytic subunit beta isoform	5723.73	9567.75	5878.72	6982.8	8742.51	7137.83	6228.7	6600.02	4873.67	5938.6
P48678	LMNA_MOUSE	Lmna	Prelamin-A/C	7237.43	48423.9	35064.9	31334.3	48038.8	25952.7	39764.5	38522.8	17880.2	16437.7
P48722	HS74L_MOUSE	Hspa4l	Heat shock 70 kDa protein 4L	10343.9		14040.6	12804.3	10719.3	16730.5	14960.7	12876.6	11554.4	16469.6
P48725	PCNT_MOUSE	Pcnt	Pericentrin	1933.72		4010.07		6409.24	5302.27	5765.8		5497.67	5105.77
P48758	CBR1_MOUSE	Cbr1	Carbonyl reductase [NADPH] 1	3386.76	15115.3			5382.92		6795.94	8487.7	2597.75	5038.54
P48759	PTX3_MOUSE	Ptx3	Pentraxin-related protein PTX3	2254.99									
P48774	GSTM5_MOUSE	Gstm5	Glutathione S-transferase Mu 5	1690.3		1957.69			3098.57	3653.74	2002.88		
P48962	ADT1_MOUSE	Slc25a4	ADP/ATP translocase 1	339620	486155	358920	358959	403134	350819	381018	300874	314447	324040
P49025	CTRO_MOUSE	Cit	Citron Rho-interacting kinase	20167.7	21125.3	20431	20308.6	17131.5	18177.5	18381.9	18277.3	20360.1	20882.6
P49312	ROA1_MOUSE	Hnrnpa1	Heterogeneous nuclear ribonucleoprotein A1	11752.5	23599.5	24066.2	20280.7	39175.4	20091.2	14632	11752.8	12055.8	10369.6
P49446	PTPRE_MOUSE	Ptpre	Receptor-type tyrosine-protein phosphatase epsilon	676.124									
P49615	CDK5_MOUSE	Cdk5	Cyclin-dependent kinase 5	7564.51	11319.9	5564.49	5130.98	5564.72	6309.42	5588.53	4531.47	6036.57	4665.33
P49722	PSA2_MOUSE	Psma2	Proteasome subunit alpha type-2	2895.87	9501.37	3538.34	3508.95	4107.16	3213.63	5001.57	3386.77	3350.36	2652.92
P49813	TMOD1_MOUSE	Tmod1	Tropomodulin-1	264725	251424	296622	293736	265610	283000	296815	303841	333282	315666
P49962	SRP09_MOUSE	Srp9	Signal recognition particle 9 kDa protein	1138.26									
P50247	SAHH_MOUSE	Ahcy	Adenosylhomocysteinase	367.686	4002.09						3242.81		
P50396	GDIA_MOUSE	Gdi1	Rab GDP dissociation inhibitor alpha	10783.3	81243.1	14723.2	15324.8		13601.7	35909.3	30273.1	15428.8	27415.9
P50429	ARSB_MOUSE	Arsb	Arylsulfatase B	843.855		949.335							
P50446	K2C6A_MOUSE	Krt6a	Keratin, type II cytoskeletal 6A	74788	207975	9957.44	57905.7	17678.7	33317.2	205658	438315	21192.1	87788.9
P50516	VATA_MOUSE	Atp6v1a	V-type proton ATPase catalytic subunit A	65425.5	57389.3	52825.4	49019.7	52509.3	53672.6	50352.1	56918.3	49677.5	46427.5
P50518	VATE1_MOUSE	Atp6v1e1	V-type proton ATPase subunit E 1	50311	41760.2	34808.6	31953.9	37016.9	37108.4	32919.3	41309.1	34692.4	32203.4
P50571	GBRB1_MOUSE	Gabrb1	Gamma-aminobutyric acid receptor subunit beta-1	7387.26		7372.22	8516.33	8348.59	7501.48	6100.03	8455.47	5822.27	9130.05
P50586	TUB_MOUSE	Tub	Tubby protein	4390.01		5755.41	8323.21	7856.24	5629.07	7538.24	5420.36	4320.41	
P51141	DVL1_MOUSE	Dvl1	Segment polarity protein dishevelled homolog DVL-1	553.336									
P51150	RAB7A_MOUSE	Rab7a	Ras-related protein Rab-7a	1221.29	17968.1	4028.22		5846.21	6956.15	7210.62	8584.96	2714.9	
P51410	RL9_MOUSE	Rpl9	Large ribosomal subunit protein uL6	75889.8	51466.1	64312.1	62320.3	58351.9	63249.3	63038.2	63440	58344.3	54946.9
P51655	GPC4_MOUSE	Gpc4	Glypican-4	35876.5	31753.4	35772.4	37060.2	35712.1	38975.7	35760.3	35370	37754.7	37954.2
P51660	DHB4_MOUSE	Hsd17b4	Peroxisomal multifunctional enzyme type 2	1518.33	14279.5						5379.65		
P51807	DYLT1_MOUSE	Dynlt1	Dynein light chain Tctex-type 1	1157.99	4660.05	2103.23			2048.97	5192.96	2193.64	2449.38	2712.71
P51830	ADCY9_MOUSE	Adcy9	Adenylate cyclase type 9	1249.9								1236.5	
P51863	VA0D1_MOUSE	Atp6v0d1	V-type proton ATPase subunit d 1	58960.3	48780.5	43473.9	43729.2	49370.2	41242.6	39421.8	47157.7	37289.5	39584.3
P51880	FABP7_MOUSE	Fabp7	Fatty acid-binding protein, brain	4694.24	12168.1	4312.73	4263.59	5506.39				4125.79	
P51881	ADT2_MOUSE	Slc25a5	ADP/ATP translocase 2	197226	233416	195413	191726	215021	190657	212045	154984	170885	169881
P51906	EAA3_MOUSE	Slc1a1	Excitatory amino acid transporter 3	2777.54		3877.78		7865.1		8027.05		5299.85	4543.34
P51954	NEK1_MOUSE	Nek1	Serine/threonine-protein kinase Nek1	937.808							1486.9		
P52189	KCNJ4_MOUSE	Kcnj4	Inward rectifier potassium channel 4	13649.1	14082	15696.4	13968.2	15598.2	12038.9	13355	11267.5	13379.6	13206.4
P52332	JAK1_MOUSE	Jak1	Tyrosine-protein kinase JAK1	639.356		2128.54							
P52430	PON1_MOUSE	Pon1	Serum paraoxonase/arylesterase 1	225.027			2593.5		3572.46		2260.57		3436.37
P52479	UBP10_MOUSE	Usp10	Ubiquitin carboxyl-terminal hydrolase 10	4037.77	3232.44		3624.46	3527.42	3263.97	3023.42	3095.6		3160.83
P52480	KPYM_MOUSE	Pkm	Pyruvate kinase PKM	8311.41	49541.7	9475.19	15548.2	11359.1	18322.5	30797.1	34093.4	9591.21	14525.3
P52503	NDUS6_MOUSE	Ndufs6	NADH dehydrogenase [ubiquinone] iron-sulfur protein 6, mitochondrial	4344.84		3741.08	3726.12		5603.25	4734.61	5468.96	2889.68	7196.81
P52623;Q99PM9	UCK1_MOUSE;UCK2_MOUSE	Uck1;Uck2	Uridine-cytidine kinase 1	1398.98		1415.15	1359.23	2601.16		1736.56	900.244	1375.85	1496.17
P52801	EFNA2_MOUSE	Efna2	Ephrin-A2	1137.46		1271.13						1310.81	
P53026	RL10A_MOUSE	Rpl10a	Large ribosomal subunit protein uL1	142204	86078.5	114502	102177	114579	109073	113143	114124	119050	114149
P53351	PLK2_MOUSE	Plk2	Serine/threonine-protein kinase PLK2	1084.27									
P53395	ODB2_MOUSE	Dbt	Lipoamide acyltransferase component of branched-chain alpha-keto acid dehydrogenase complex, mitochondrial	912.126		1748.1	5996.76		6055.35		3569.69	822.825	4192.53
P53986	MOT1_MOUSE	Slc16a1	Monocarboxylate transporter 1	928.964		1366.61		2367.71	2012.83			1010.04	
P53995	APC1_MOUSE	Anapc1	Anaphase-promoting complex subunit 1	319.983									
P54071	IDHP_MOUSE	Idh2	Isocitrate dehydrogenase [NADP], mitochondrial					30456.4		20512.4	9982.54	9512.38	
P54099	DPOG1_MOUSE	Polg	DNA polymerase subunit gamma-1	3665.76									
P54285	CACB3_MOUSE	Cacnb3	Voltage-dependent L-type calcium channel subunit beta-3	4752.54		4930.68	8722.08	8384.99	5867.28	6141.6	5367.68	7226.23	6609.64
P54775	PRS6B_MOUSE	Psmc4	26S proteasome regulatory subunit 6B	10569.4	10933.7	9492.03	11695.8	12295.1	11334.8	10267.3	9824.8	9899.23	10506.5
P54818	GALC_MOUSE	Galc	Galactocerebrosidase	70260.2	60032.7	68388.8	58562.7	69324.7	63900.9	61229.5	64958.1	68408.7	58017.7
P54823	DDX6_MOUSE	Ddx6	Probable ATP-dependent RNA helicase DDX6	13117.1	9606	6507.95	8656.82	7008.54	7857.47	7637.76	7814.81	7778.05	7201.5
P55012	S12A2_MOUSE	Slc12a2	Solute carrier family 12 member 2	4594.91	8614.91	5395.52	5328.91	5225.66	6447.12	5199.52	5146.74	5690.25	6024.02
P55066	NCAN_MOUSE	Ncan	Neurocan core protein	72263	46183.8	57213.7	54347.2	49977.7	51898.6	56251	59079.7	59726.9	62657.9
P55088	AQP4_MOUSE	Aqp4	Aquaporin-4	21596.8	10672.3	352618	6238.02	758837	6096.05	582698	5086.84	256763	4678.48
P55096	ABCD3_MOUSE	Abcd3	ATP-binding cassette sub-family D member 3	21906.5	32623.8	25926.4	23271.4	28118.2	27538.9	21485.4	22681.4	23834.9	22164
P55144	TYRO3_MOUSE	Tyro3	Tyrosine-protein kinase receptor TYRO3	490.555								851.318	
P55288	CAD11_MOUSE	Cdh11	Cadherin-11	9979.26	14139.3	8755.59	10489.2	9562.4	9962.74	9226.27	9792.7	8217.14	8483.23
P55821	STMN2_MOUSE	Stmn2	Stathmin-2	437.258		562.459							812.601
P56135	ATPK_MOUSE	Atp5mf	ATP synthase subunit f, mitochondrial	28706.8	73798.8	46997.2	46187.9	53350	42340.7	53336	38954.2	36247.6	42127.5
P56379	ATP68_MOUSE	Atp5mpl	ATP synthase subunit ATP5MPL, mitochondrial	21223.3	123542	44468.6	38275.8	58586.2	34929	45378.1	31676.7	27897.9	39720.4
P56387	DYLT3_MOUSE	Dynlt3	Dynein light chain Tctex-type 3	3341.41		3373.23				4636.65			4129.44
P56391	CX6B1_MOUSE	Cox6b1	Cytochrome c oxidase subunit 6B1	1585.22		1794.31	2341.14	1868.94	2464.85	2580.19	2160.04	1859.65	1663.52
P56395	CYB5_MOUSE	Cyb5a	Cytochrome b5								19315.4		
P56399	UBP5_MOUSE	Usp5	Ubiquitin carboxyl-terminal hydrolase 5	3694.79		6442.75				3828.51	6469.62	2819.66	
P56480	ATPB_MOUSE	Atp5f1b	ATP synthase subunit beta, mitochondrial	40136	86908.3	44820	39925	45055.6	55292.3	56560.5	54611.4	43387	41534.8
P56564	EAA1_MOUSE	Slc1a3	Excitatory amino acid transporter 1	9410.61	16104.7	9851.21	13742.9	13455.4	14136.4	12171.7	11911.5	10143.3	14373
P56695	WFS1_MOUSE	Wfs1	Wolframin	5365.53	6694.05	6631.47	7811.86	6924.17	7180.9	7474.01	7158.1	6512.43	7737.32
P56942	MCH_MOUSE	Pmch	Pro-MCH	659.268		4572.55		12626.6		9884.2		4989.77	
P56959	FUS_MOUSE	Fus	RNA-binding protein FUS	3157.91	10487.8	7202.39	8014.68	9359.54	4733.49	7190.96	5672.65	5731.49	5159.81
P57746	VATD_MOUSE	Atp6v1d	V-type proton ATPase subunit D	16144.4	18617.4	11940.6	11420.2	12973	14365.8	11295.4	12259.8	10627.8	12490.9
P57776	EF1D_MOUSE	Eef1d	Elongation factor 1-delta	17448.7		8017.67	11243.1	13186.1	11334.9	10720.2	11751.7	7308.31	7343.18
P57780	ACTN4_MOUSE	Actn4	Alpha-actinin-4	169689	134218	174981	171916	159319	166515	183922	205794	210044	194340
P57784	RU2A_MOUSE	Snrpa1	U2 small nuclear ribonucleoprotein A'	6066.93	18036.9	17597.4	18103.5	22990	13177.8	14160.8	9132.11	8523.93	8188.44
P58059	RT21_MOUSE	Mrps21	Small ribosomal subunit protein bS21m	4595.94	9255.25	3404.77	4508.84	3431.54	4428.19	4675.8	4981.15	4752.69	4424.69
P58064	RT06_MOUSE	Mrps6	Small ribosomal subunit protein bS6m	8912.01	12868.5	7992.9	7781.51	7987.39	7945.42	10584.9	8002.15	9354.97	9023.36
P58069	RASA2_MOUSE	Rasa2	Ras GTPase-activating protein 2	1265.81		733.2		1716.85			1116.1	1098.65	1252.64
P58242	ASM3B_MOUSE	Smpdl3b	Acid sphingomyelinase-like phosphodiesterase 3b	2818.72									
P58252	EF2_MOUSE	Eef2	Elongation factor 2	13413.5	37968.5	12388.5	18619.6	17054.2	13913.5	25877.2	30582.1	9368.33	11049.1
P58281	OPA1_MOUSE	Opa1	Dynamin-like 120 kDa protein, mitochondrial	3566.08	6492.12	3826.9	6011.71	4675.4	5659.96	5013.01	4544.53	3923.78	4873.24
P58389	PTPA_MOUSE	Ptpa	Serine/threonine-protein phosphatase 2A activator	785.316	2036.04	1073.1		2515.12			757.562	1151.76	
P58390	KCNN2_MOUSE	Kcnn2	Small conductance calcium-activated potassium channel protein 2	6979.49		6328.51	6440.5	7788.11	6614.98	5935.54	5848.45	5888.94	6333.96
P58404	STRN4_MOUSE	Strn4	Striatin-4	17911.9	26720.8	19898.7	23284.7	18621.5	22377.4	20817.7	21725.6	20649.8	21115.2
P58544	BTBD1_MOUSE	Btbd1	BTB/POZ domain-containing protein 1	5816.23									
P58771	TPM1_MOUSE	Tpm1	Tropomyosin alpha-1 chain	39091.4	35828.6	45082.4	44090.9	41540.4	38874.9	39027.7	45931.2	44231.3	55278.6
P58854	GCP3_MOUSE	Tubgcp3	Gamma-tubulin complex component 3	1913.83		2099.31	4113.54		4974		4406.46	1862.22	4155.5
P58871	TB182_MOUSE	Tnks1bp1	182 kDa tankyrase-1-binding protein	5633.97	10215.7	7938.61	11109.8	8701.31	8195.87	7940.82	7637.28	8349.64	6787.69
P59240	NPHP4_MOUSE	Nphp4	Nephrocystin-4	1371.17									
P59281	RHG39_MOUSE	Arhgap39	Rho GTPase-activating protein 39	96430.4	69162.9	77155.7	77711.9	77101.4	76229.8	80593.4	76562.3	77504.1	77269.7
P59672	ANS1A_MOUSE	Anks1a	Ankyrin repeat and SAM domain-containing protein 1A	2420.57		3691.95		6346.65		4755.37	3392.8	4751.4	
P59708	SF3B6_MOUSE	Sf3b6	Splicing factor 3B subunit 6	1503.22		4059.11	3585.37	5484.15			2052.36		
P59759	MRTFB_MOUSE	Mrtfb	Myocardin-related transcription factor B	3280.83									
P59764	DOCK4_MOUSE	Dock4	Dedicator of cytokinesis protein 4	43427.5	41130.2	38354.5	40329.2	41505.1	40270.7	35148.4	37769.5	32121.6	34726
P59823	IRPL1_MOUSE	Il1rapl1	Interleukin-1 receptor accessory protein-like 1	1921.58				5064.92					
P59999	ARPC4_MOUSE	Arpc4	Actin-related protein 2/3 complex subunit 4	164077	138806	211224	193393	188113	197217	222670	231117	254350	237180
P60041	SMS_MOUSE	Sst	Somatostatin	1394.59		1085.29							1226.38
P60122	RUVB1_MOUSE	Ruvbl1	RuvB-like 1	3241.03	13117.2	8071.13	8367.26	11905.1	8106.34	5921.2	5152.14	4659.71	5489.35
P60191	RIMS4_MOUSE	Rims4	Regulating synaptic membrane exocytosis protein 4	612.94								1360.14	
P60202	MYPR_MOUSE	Plp1	Myelin proteolipid protein	63013.9	73541.2	49040.7	43037.1	56358.7	68306.4	38691	44611.8	44645.9	39970.8
P60229	EIF3E_MOUSE	Eif3e	Eukaryotic translation initiation factor 3 subunit E	3836.11	6600.58	4248.27	3572.12	4945.28	4519.49	4344.93	5134.37	3786.59	3569.53
P60335	PCBP1_MOUSE	Pcbp1	Poly(rC)-binding protein 1	7942.79	20471.1	7818.45	6910.9	11256.9	8304.07	9713.92	8273.46	6180.79	5532.68
P60469	LIPA3_MOUSE	Ppfia3	Liprin-alpha-3	13909.9	18175.6	15237.7	17216.9	13898.6	17036.8	12626.6	13829.5	11183.8	13745.1
P60521	GBRL2_MOUSE	Gabarapl2	Gamma-aminobutyric acid receptor-associated protein-like 2	56918.7	39844.4	58519.5	51354.6	47555.2	47482.5	47242.3	52307.8	57644.5	53301
P60710	ACTB_MOUSE	Actb	Actin, cytoplasmic 1	1.0974e+06	1.28339e+06	1.66973e+06	1.60728e+06	1.56545e+06	1.65638e+06	1.95561e+06	1.54157e+06	1.63531e+06	1.75953e+06
P60755	MDGA2_MOUSE	Mdga2	MAM domain-containing glycosylphosphatidylinositol anchor protein 2	3131.22	4216.46	3749.9	4543.9	4715.78	5061.75	5748.76	4283.15	4351.04	4312.79
P60764	RAC3_MOUSE	Rac3	Ras-related C3 botulinum toxin substrate 3	4789.13			6473.5	4681.47		7442.78	4999.62		
P60766	CDC42_MOUSE	Cdc42	Cell division control protein 42 homolog	5001.97	7752.65	4140.04	5214.16	5091.95	5822.11	4446.77	5176.8	4099.82	4870.29
P60824	CIRBP_MOUSE	Cirbp	Cold-inducible RNA-binding protein	2099.05		1801.8	3620.59				1425.7	2122.71	2600.48
P60843	IF4A1_MOUSE	Eif4a1	Eukaryotic initiation factor 4A-I	7310.62	20769.6	7545.02	10737.7	12952.5	9253.4	13869.6	20789.4	6280.51	10366.3
P60853	LZTS1_MOUSE	Lzts1	Leucine zipper putative tumor suppressor 1	13376.4		12323.2	10324.2	14785.6	14430.1	11761	10623.3	12515	14180.2
P60867	RS20_MOUSE	Rps20	Small ribosomal subunit protein uS10	31201.2	62863.9	25495.4	32916.2	30623.2	30167.7	32272.3	32814.7	24183.2	26049.5
P60879	SNP25_MOUSE	Snap25	Synaptosomal-associated protein 25	21722.1	39452.3	22154.2	23393.9	24915.5	26055.2	22686.3	24890.5	23031	23749
P61027	RAB10_MOUSE	Rab10	Ras-related protein Rab-10	858.439		1000.44	838.783	1086.58	924.88	1566.53	1937.01	845.047	866.408
P61089	UBE2N_MOUSE	Ube2n	Ubiquitin-conjugating enzyme E2 N	1570.1	6981.08	2133.6			2104.84	1887.6	5875.14	1902.35	
P61161	ARP2_MOUSE	Actr2	Actin-related protein 2	145552	119540	163480	140806	145007	151788	170694	184265	204978	181863
P61164	ACTZ_MOUSE	Actr1a	Alpha-centractin	40536	27474.9	33606.6	34066.2	33166.6	34525	31633.6	31323.8	33069.7	32829.7
P61202	CSN2_MOUSE	Cops2	COP9 signalosome complex subunit 2	480.363				1170.47			1396.63	1125.23	
P61211	ARL1_MOUSE	Arl1	ADP-ribosylation factor-like protein 1	367.521					1048.62		1227.14		
P61222	ABCE1_MOUSE	Abce1	ATP-binding cassette sub-family E member 1	1084.61	2007.24	1105.09					1102.67	2396.25	
P61226	RAP2B_MOUSE	Rap2b	Ras-related protein Rap-2b	9589.22	14686.1	10387.6	7673.68	8890.34	9459.34	8808.36	8040.88	8874.85	7919.08
P61255	RL26_MOUSE	Rpl26	Large ribosomal subunit protein uL24	121232	73087.7	86276.5	94056.3	91720.9	89917.7	96438.8	86264.1	93476.9	98327.5
P61264	STX1B_MOUSE	Stx1b	Syntaxin-1B	6321.39	14118.6	5705.28	5819.84	5875.79	6074.57	7520.31	5671.7	4982.29	4539.07
P61315	G3ST3_MOUSE	Gal3st3	Galactose-3-O-sulfotransferase 3	1472.87		2283.15		2392.91	1446.73		1391.86	1911.79	2018.66
P61327	MGN_MOUSE	Magoh	Protein mago nashi homolog	2862.84	7936.17	5182.99		7189.53	4359.99				
P61329;P70379	FGF12_MOUSE;FGF14_MOUSE	Fgf12;Fgf14	Fibroblast growth factor 12	1917.72	6083.76	2662.25	2696.79	3125.69	2716.21	1992.05	2203.19	2321.54	1508.35
P61358	RL27_MOUSE	Rpl27	Large ribosomal subunit protein eL27	230122	156971	187853	187567	200979	198194	188023	201230	200534	189242
P61406	EST1A_MOUSE	Smg6	Telomerase-binding protein EST1A	13833.5						15376.8			
P61514	RL37A_MOUSE	Rpl37a	Large ribosomal subunit protein eL43	17238	50711	14115.5	18674.2	15867.5	18094.6	16848.9	16489.1	12598.8	16384.6
P61620	S61A1_MOUSE	Sec61a1	Protein transport protein Sec61 subunit alpha isoform 1	3074.54	9279.57	4108.04	5704.08	7394.87		4983.51	6662.42	4994.48	
P61750	ARF4_MOUSE	Arf4	ADP-ribosylation factor 4	3437.55	9950.75	3200.56				2947.27	4182.65	2794.1	3885.14
P61809	CD5R1_MOUSE	Cdk5r1	Cyclin-dependent kinase 5 activator 1	990.943		649.032	892.765	1689.08		1169.26		953.247	729.676
P61957;Q9Z172	SUMO2_MOUSE;SUMO3_MOUSE	Sumo2;Sumo3	Small ubiquitin-related modifier 2	2109.81		5083.88		5955.57					
P61961	UFM1_MOUSE	Ufm1	Ubiquitin-fold modifier 1	1176.02								2697.62	2623.91
P61963	DCAF7_MOUSE	Dcaf7	DDB1- and CUL4-associated factor 7	5647.39		5194.39	4643.58	6257.46	5363.28	5364.81	5586.02	6003.41	4583.99
P61967	AP1S1_MOUSE	Ap1s1	AP-1 complex subunit sigma-1A	5979.19		8648.27	6585.24	10935.5		7594.36	6332.61		
P61979	HNRPK_MOUSE	Hnrnpk	Heterogeneous nuclear ribonucleoprotein K	39133.1	24777.4	22419.1	18982.3	30980.9	20631.4	16989.9	15022.4	15706.1	13168.8
P61982	1433G_MOUSE	Ywhag	14-3-3 protein gamma	63604.5	66917.1	57564.9	53991.4	57691.5	54387.1	55148.4	65281.3	58103.1	53956.3
P62046	LRCH1_MOUSE	Lrch1	Leucine-rich repeat and calponin homology domain-containing protein 1	2805.1	2746.36	2656.73	3647.08	3927.46	2501.25	3092.59	2007.26	2048.1	3243.77
P62069	UBP46_MOUSE	Usp46	Ubiquitin carboxyl-terminal hydrolase 46	9560.29	9170.94	9619.5	7337.48	9477.5	8637.52	9996.06	7836.46	9840.95	8314.11
P62071	RRAS2_MOUSE	Rras2	Ras-related protein R-Ras2	23126	24315.9	22539.1	21617.8	24698.4	23862.9	19479.3	21055.7	19327.5	22148.7
P62082	RS7_MOUSE	Rps7	Small ribosomal subunit protein eS7	32949.7	16499.8	20118.2	17756.2	20459.5	17015.6	18357.2	21950.5	19391.9	19161.9
P62137	PP1A_MOUSE	Ppp1ca	Serine/threonine-protein phosphatase PP1-alpha catalytic subunit	245290	156342	247193	236846	213590	233121	271581	278591	274712	273069
P62141	PP1B_MOUSE	Ppp1cb	Serine/threonine-protein phosphatase PP1-beta catalytic subunit	23050.6	19237.9	21864.5	18527.8	21457.8	20759.5	22753.2	21564.6	20521.3	21625.1
P62192	PRS4_MOUSE	Psmc1	26S proteasome regulatory subunit 4	10539.3	12906.2	11395.4	15619.2	12992.7	17154.1	14986.1	16004.6	14043.2	14022.6
P62196	PRS8_MOUSE	Psmc5	26S proteasome regulatory subunit 8	18053.8	20393.4	21701.4	23075.3	22380.5	24182.8	22041.1	26506.8	21471.1	19485.3
P62242	RS8_MOUSE	Rps8	Small ribosomal subunit protein eS8	103733	55856.7	64422.8	59058.7	66523	62628.4	64141.4	67801.8	68049.1	66091.6
P62245	RS15A_MOUSE	Rps15a	Small ribosomal subunit protein uS8	89475.2	58634.5	81921.8	73529.5	84989.6	80259.6	73083.3	83486.9	83894.4	77970.4
P62259	1433E_MOUSE	Ywhae	14-3-3 protein epsilon	294744	363601	282385	294953	292847	282179	299943	390991	314976	309379
P62264	RS14_MOUSE	Rps14	Small ribosomal subunit protein uS11	47890.9	39996.7	30602.5	31837	33929.1	35544.9	30687.8	34941.6	32711.3	34094.3
P62267	RS23_MOUSE	Rps23	Small ribosomal subunit protein uS12	31830.9	50403.5	27363.7	24456.3	29253.5	31236.5	28601.7	30701.1	26785.3	29321.3
P62270	RS18_MOUSE	Rps18	Small ribosomal subunit protein uS13	54677.3	110344	51699.7	52722.4	63659.3	53500.1	56229.5	55642	53316.8	52476.8
P62274	RS29_MOUSE	Rps29	Small ribosomal subunit protein uS14	13418.4	61587	12881.8	14952.1	19275.5	17686.1	18980.6	13411.2	12728	19931.6
P62281	RS11_MOUSE	Rps11	Small ribosomal subunit protein uS17	70547.4	113227	57969.9	54188.9	67730.5	59912.2	57080	56071.7	58514.5	67252.8
P62301	RS13_MOUSE	Rps13	Small ribosomal subunit protein uS15	82005.3	90723.7	75164.1	74930	83414.3	75719.3	77752.6	64540.8	70396.2	79072.8
P62305	RUXE_MOUSE	Snrpe	Small nuclear ribonucleoprotein E	3964.15	9831.64	8062.84	5456.09	12125.8	6342.89	3741.49	3769.94	4165.04	2965.08
P62307	RUXF_MOUSE	Snrpf	Small nuclear ribonucleoprotein F	1795.09	7238.69	3324.12		6981.45				2193.18	3509.49
P62309	RUXG_MOUSE	Snrpg	Small nuclear ribonucleoprotein G	2112.55	6823.04	3206.85	2462.95	5514.58	4065.12	3094.97	2662.5	1958.53	
P62311	LSM3_MOUSE	Lsm3	U6 snRNA-associated Sm-like protein LSm3	540.192	2190.45	1310.22	1899.98	2190.51	1615.06	1652.68		614.904	
P62313	LSM6_MOUSE	Lsm6	U6 snRNA-associated Sm-like protein LSm6	329.767		820.811	1122.42	769.896	605.861	553.838		732.806	
P62315	SMD1_MOUSE	Snrpd1	Small nuclear ribonucleoprotein Sm D1	3424.81	12668.4	8245.58	7719.15	12387.6	7234.64	6771.66	4012.76	5024.09	5529.99
P62317	SMD2_MOUSE	Snrpd2	Small nuclear ribonucleoprotein Sm D2	14964.2	62350.3	35099.9	28769.8	47010.2	29138.6	24083.3	16116.4	19207.2	16203.1
P62320	SMD3_MOUSE	Snrpd3	Small nuclear ribonucleoprotein Sm D3	9938.72	31867.2	19369.3	15116.7	27478.7	15522.5	12949.6	9756.27	10997.7	9581.21
P62331	ARF6_MOUSE	Arf6	ADP-ribosylation factor 6	1267.39	6376.44								
P62334	PRS10_MOUSE	Psmc6	26S proteasome regulatory subunit 10B	7928.61	10317.9	7390.09	7784.13	10525.9	8861.76	8645.19	8264.29	7540.41	8809.77
P62482	KCAB2_MOUSE	Kcnab2	Voltage-gated potassium channel subunit beta-2	15725.8	14877	12586.2	14181.3	13130.6	13530.6	13633.2	11732.9	11549.4	14354.4
P62484	ABI2_MOUSE	Abi2	Abl interactor 2	31837.7	40011.8	34799.3	36283.8	30504.7	35624	28915.6	32331	33968.6	33074.7
P62488	RPB7_MOUSE	Polr2g	DNA-directed RNA polymerase II subunit RPB7	1540.18		7544.61	7292.2	8624.9	6201.56			3594.86	
P62627	DLRB1_MOUSE	Dynlrb1	Dynein light chain roadblock-type 1	8957.3	24702.8	7421.04	14795.1	8922.38	17328.6	11089.3	8966.06	7619.26	9085.02
P62631	EF1A2_MOUSE	Eef1a2	Elongation factor 1-alpha 2	2631.24		1480.19		2619.67	2182.64	1417.98	1978.73	1481.72	2786.1
P62702	RS4X_MOUSE	Rps4x	Small ribosomal subunit protein eS4	76993.5	67145.4	67540.3	60803.5	73250.2	71696.1	65576	69066.5	73880.3	67926.5
P62715	PP2AB_MOUSE	Ppp2cb	Serine/threonine-protein phosphatase 2A catalytic subunit beta isoform	42952.1	50739.1	36724.6	42675.3	32986.3	40816.7	39330.6	42055.4	36076.1	41947
P62717	RL18A_MOUSE	Rpl18a	Large ribosomal subunit protein eL20	95418	37667.2	69839.6	60609.2	67339.8	59287.2	64258	63360.2	71369.3	64331.6
P62743	AP2S1_MOUSE	Ap2s1	AP-2 complex subunit sigma	238450	182399	192004	162674	191346	161343	188513	164720	184972	168898
P62746	RHOB_MOUSE	Rhob	Rho-related GTP-binding protein RhoB	8161.83	17327.6	7774.69	7209.22	7229.1	8579.55	7281.58	6320.52	7482.38	6285.27
P62748	HPCL1_MOUSE	Hpcal1	Hippocalcin-like protein 1	271.472									
P62751	RL23A_MOUSE	Rpl23a	Large ribosomal subunit protein uL23	136257	150765	114711	106062	123112	106920	111287	106021	106202	105728
P62754	RS6_MOUSE	Rps6	Small ribosomal subunit protein eS6	91589.9	40657.4	54479.7	53376.7	56006.4	44789	53417	61294.3	59301	54812.5
P62761	VISL1_MOUSE	Vsnl1	Visinin-like protein 1	3121.21		6598.67		5282.31			5168.71	6108.66	4062.79
P62806	H4_MOUSE	H4c16	Histone H4	831078	3.49992e+06	4.5049e+06	3.35896e+06	5.7781e+06	2.78847e+06	2.05936e+06	1.20298e+06	1.90805e+06	1.74388e+06
P62812	GBRA1_MOUSE	Gabra1	Gamma-aminobutyric acid receptor subunit alpha-1	19924.3	18528.5	16459.6	19284.4	18591.9	16431.9	17030.1	15764.8	14979.1	17554.5
P62814	VATB2_MOUSE	Atp6v1b2	V-type proton ATPase subunit B, brain isoform	42067.8	37814.5	33132.8	32504.6	32955.4	36588.7	33661.1	36258.3	32113.5	31226.3
P62818	S10A3_MOUSE	S100a3	Protein S100-A3		301824								
P62821	RAB1A_MOUSE	Rab1A	Ras-related protein Rab-1A	277.84		880.388		981.095	1652.28		1193.84	638.674	
P62827	RAN_MOUSE	Ran	GTP-binding nuclear protein Ran	5813.96	39106.6	13091.4	14063.5	16456.3	13985.5	11268.9	13014.6	7057.32	8918.42
P62830	RL23_MOUSE	Rpl23	Large ribosomal subunit protein uL14	72247.4	168467	65427.5	71599.4	69973.8	75181.2	70832.7	64631	61551.2	69343.1
P62835	RAP1A_MOUSE	Rap1a	Ras-related protein Rap-1A	17189.2	26332.3	17840.2	20024.7	15782.3	24291.3	16756.7	21077.5	14814	21843.5
P62838;P61079;Q6ZWY6	U2D2B_MOUSE;UB2D2_MOUSE;UB2D3_MOUSE	Ube2d2;Ube2d2b;Ube2d3	Ubiquitin-conjugating enzyme E2 D3	3860.75	7209.58	12270.8			12712.7	9427.2	18748.1		
P62843	RS15_MOUSE	Rps15	Small ribosomal subunit protein uS19	28581.9	25120.1	18884.2	22981.2	21093.4	24548.8	19517.3	22495.7	23468.4	18718.6
P62849	RS24_MOUSE	Rps24	Small ribosomal subunit protein eS24	27348.1	25758.3	24546.8	24448.8	28041.2	23892.8	20100.1	25670.3	25182.3	26344.1
P62852	RS25_MOUSE	Rps25	Small ribosomal subunit protein eS25	120656	1.24434e+06	235455	283508	365923	285577	323706	232925	223385	288132
P62855	RS26_MOUSE	Rps26	Small ribosomal subunit protein eS26	83087.4	75462.2	73932.7	65931.1	72450.3	61777.3	63461.6	65841.8	68032.4	71187.9
P62858	RS28_MOUSE	Rps28	Small ribosomal subunit protein eS28	9927.67	13069	7151.56	7131.58	6775.91	10364.7	8168.46	10876.3	6752.08	6518.67
P62862	RS30_MOUSE	Fau	Ubiquitin-like FUBI-ribosomal protein eS30 fusion protein	80812.2	755109	103276	124755	151769	112665	121753	91578.3	79338.7	100856
P62869	ELOB_MOUSE	Elob	Elongin-B	5827.68	16098.4	6084.59	7182.79	9393.79	6792.3	5906.21	6068.05	5873.43	6666.3
P62874	GBB1_MOUSE	Gnb1	Guanine nucleotide-binding protein G(I)/G(S)/G(T) subunit beta-1	271186	193855	274196	247667	251414	266957	252467	268496	264120	273972
P62880	GBB2_MOUSE	Gnb2	Guanine nucleotide-binding protein G(I)/G(S)/G(T) subunit beta-2	60648.1	40846.4	51486	49487.6	47091	61232.1	48200.1	52045.4	56023.5	52300.9
P62881	GNB5_MOUSE	Gnb5	Guanine nucleotide-binding protein subunit beta-5	2721.27		2882.11	3671.98	3201.4	3250.3	3692.85	3383.29	2858.61	3836.52
P62889	RL30_MOUSE	Rpl30	Large ribosomal subunit protein eL30	63234.3	40638.6	49827.3	49330.9	43707.8	46624.1	44024	46107.6	45192	49903.1
P62892	RL39_MOUSE	Rpl39	Large ribosomal subunit protein eL39	41741.9	208523	57898.1	75978.3	90653.6	65698.4	93057.3	60047.5	52190.6	68565.5
P62897	CYC_MOUSE	Cycs	Cytochrome c, somatic	995.929	15080.8					5014.93	2981.34		
P62900	RL31_MOUSE	Rpl31	Large ribosomal subunit protein eL31	113611	82541.1	84656.5	82638.5	86011.6	80752.5	78703.8	81614.1	79941.4	80517.9
P62908	RS3_MOUSE	Rps3	Small ribosomal subunit protein uS3	41479.2	51399.9	35475.2	35676.6	35348.3	37164	37332.8	40172.1	32803.3	32100.1
P62911	RL32_MOUSE	Rpl32	Large ribosomal subunit protein eL32	57359.3	23103.9	31692.9	36551.6	27308.3	29907.8	36926	40521.3	36053.7	43968.7
P62918	RL8_MOUSE	Rpl8	Large ribosomal subunit protein uL2	121546	55242.5	95994.5	87958.4	98513.4	95806.2	92798.8	95777.9	98843.4	92374
P62960	YBOX1_MOUSE	Ybx1	Y-box-binding protein 1	11746.1		4622.29	5350.01	6045.11	6709.83	5453.84	6303.21	6487.31	5931.99
P62962	PROF1_MOUSE	Pfn1	Profilin-1	5261.52	18198.5	3511.95	5034.94	5091.17	7716.74	4227.86	14367.4	3243.03	5585.74
P62983	RS27A_MOUSE	Rps27a	Ubiquitin-ribosomal protein eS31 fusion protein	197088	330178	285835	245065	344893	254592	266106	203613	222952	193587
P62996	TRA2B_MOUSE	Tra2b	Transformer-2 protein homolog beta	19005.9	24342.9	22272.7	19688.5	35224.8	24332.1	14238.8	15429.3	16417.8	14136.6
P63001	RAC1_MOUSE	Rac1	Ras-related C3 botulinum toxin substrate 1	165325	101841	106723	124536	115697	115896	120012	114654	112101	113009
P63005	LIS1_MOUSE	Pafah1b1	Platelet-activating factor acetylhydrolase IB subunit beta	16388.8	21788.2	14672.2	15054.2	14892.5	16526.2	14386	16738.6	12113.5	15275.5
P63011	RAB3A_MOUSE	Rab3a	Ras-related protein Rab-3A	14711.1	53118.3	16868	14723.1	17652.4	19191.2	19236.2	17777.9	15629.6	14399.9
P63017	HSP7C_MOUSE	Hspa8	Heat shock cognate 71 kDa protein	283175	224089	250184	232148	264830	257024	250332	254002	243306	238850
P63024	VAMP3_MOUSE	Vamp3	Vesicle-associated membrane protein 3	4714.24	13241.4	4408.37	5888.57	6932.35	5139.35	6175	5149.5	5117.68	5943.79
P63030	MPC1_MOUSE	Mpc1	Mitochondrial pyruvate carrier 1	2453.1					3447.97			2012.91	3311.26
P63034	CYH2_MOUSE	Cyth2	Cytohesin-2	24506.5	20264.6	24815.9	20841.1	23546.3	22323.5	22304.1	23458.7	23581.2	21812.4
P63037	DNJA1_MOUSE	Dnaja1	DnaJ homolog subfamily A member 1	4896.42	4786.1	4141.55	3819.59	6028.8	6938.58	5031.35	4279.26	3238.42	4048.67
P63038	CH60_MOUSE	Hspd1	60 kDa heat shock protein, mitochondrial	5870.13	44089.7	9243.99	8420.17	9881.76	15646.8	15478.8	13941.7	8424.87	11032
P63040;P84086	CPLX1_MOUSE;CPLX2_MOUSE	Cplx1;Cplx2	Complexin-1	4839.71		2364.09							
P63046	ST4A1_MOUSE	Sult4a1	Sulfotransferase 4A1	1686.6			3307.42		2726.16			1476.55	
P63056	NOE3_MOUSE	Olfm3	Noelin-3	233.777								333.925	
P63073	IF4E_MOUSE	Eif4e	Eukaryotic translation initiation factor 4E	12915.7	53763.8	10116.8	16333.8		10338.4	13559.7	9948	10696.3	
P63080	GBRB3_MOUSE	Gabrb3	Gamma-aminobutyric acid receptor subunit beta-3	17199.6	15942.3	15362.6	16535.6	16316.8	15760.7	18736.3	14660.4	14908.4	15095.7
P63082	VATL_MOUSE	Atp6v0c	V-type proton ATPase 16 kDa proteolipid subunit c	156788	87838.6	140641	132671	129100	147834	137029	122904	131115	166521
P63085	MK01_MOUSE	Mapk1	Mitogen-activated protein kinase 1	56455.4	67371.3	51016.7	56119.1	47608.9	58137.2	53781.4	50895.3	53950.7	59150.3
P63087	PP1G_MOUSE	Ppp1cc	Serine/threonine-protein phosphatase PP1-gamma catalytic subunit	82354.8	58595.3	95340.6	85419.3	81564.3	81553.4	91563.3	99098.7	110611	94551.5
P63089	PTN_MOUSE	Ptn	Pleiotrophin	1151.51	35111.9	4080.15	6726.28	7367.27	6833.78	6618.73	4153.5	3938.57	6497.02
P63101	1433Z_MOUSE	Ywhaz	14-3-3 protein zeta/delta	85328.2	97167.1	70119.1	63866.7	63087.1	71526.7	74626.2	84857.4	70394.2	77120.4
P63137	GBRB2_MOUSE	Gabrb2	Gamma-aminobutyric acid receptor subunit beta-2	9825.37	14959.1	10299.6	10166.7	12181.6	9706.86	10187.7	8835.82	9997.94	9775.68
P63143	KCAB1_MOUSE	Kcnab1	Voltage-gated potassium channel subunit beta-1	4752.39		6166.68	4425.43	9867.59	7052.02	5702.12	5893.16	4251.58	5196.83
P63163;P27048	RSMB_MOUSE;RSMN_MOUSE	Snrpb;Snrpn	Small nuclear ribonucleoprotein-associated protein B	7629.76	24488.4	21931.2	14241.7	32268	14554.8	13786.5	8534.42	9389.2	9497.8
P63168	DYL1_MOUSE	Dynll1	Dynein light chain 1, cytoplasmic	137783	67322.8	94931	85969.2	94287.8	86772.2	78859.9	76977.9	78717.8	78668.9
P63239	NEC1_MOUSE	Pcsk1	Neuroendocrine convertase 1	216.484		338.792		711.103		652.727	436.47	357.614	
P63242	IF5A1_MOUSE	Eif5a	Eukaryotic translation initiation factor 5A-1	2151.52	8544.7	1831.43	2019.8	1767.88	2566.88	4987.9	7027.69	2232.88	1872.82
P63260	ACTG_MOUSE	Actg1	Actin, cytoplasmic 2	259148	250611	440815	534126	348433	462628	513545	450495	487229	539656
P63276	RS17_MOUSE	Rps17	Small ribosomal subunit protein eS17	19988.9	20954.1	15190.8	16223.3	17599.6	17415.6	15411.3	17305	16145.3	17622.6
P63280	UBC9_MOUSE	Ube2i	SUMO-conjugating enzyme UBC9	2319.02		6197.04	6517.44	9192.47	6515.24		2974.43	3047.79	
P63318	KPCG_MOUSE	Prkcg	Protein kinase C gamma type	16119	21866.6	12369.7	13240.2	12953.7	14196.7	14436.7	11534.4	11900.1	12153.2
P63321	RALA_MOUSE	Rala	Ras-related protein Ral-A	2386.34	10532.6	3563.36	4233.09	4613.47	4489.5	5620.07	4465.32	2450.71	2543.43
P63323	RS12_MOUSE	Rps12	Small ribosomal subunit protein eS12	1708.78	3284.5	927.074			1793.06	1264.6	3214.17	1144.23	
P63325	RS10_MOUSE	Rps10	Small ribosomal subunit protein eS10	5480.99	9618.14	5040.11	5740.25	6959.47	5223.55	8085.51	6712.55	4439	5277.24
P63328	PP2BA_MOUSE	Ppp3ca	Protein phosphatase 3 catalytic subunit alpha	20405.4	26873.1	19789.5	16257.9	17593.8	18036.5	19258.9	19599.9	18962.9	16500.8
P63330	PP2AA_MOUSE	Ppp2ca	Serine/threonine-protein phosphatase 2A catalytic subunit alpha isoform	2564.37		2552.53		5742.07	6369.58	4829.14	4233.52	3763.04	5095.44
P67778	PHB1_MOUSE	Phb1	Prohibitin 1	8319.62	15514.7	8609.54	8833.19	9966.71	9961.58	10474.2	10511.9	8325.99	8424.72
P67871	CSK2B_MOUSE	Csnk2b	Casein kinase II subunit beta	66319.7	50101	63933	46935.9	83570.7	50677	68567.9	52551	59574.6	45602.7
P67984	RL22_MOUSE	Rpl22	Large ribosomal subunit protein eL22	100643	135293	79051.7	80714.3	85728.2	75344.5	79436.5	78131.6	74785	70582.7
P68040	RACK1_MOUSE	Rack1	Small ribosomal subunit protein RACK1	2186.45	16576.4	4226.55			6689.45	12375.3	16890.4		4657.11
P68134	ACTS_MOUSE	Acta1	Actin, alpha skeletal muscle	1.19265e+06	663237	1.13758e+06	1.09203e+06	1.09834e+06	1.02801e+06	1.38132e+06	1.14621e+06	1.25519e+06	1.26098e+06
P68181	KAPCB_MOUSE	Prkacb	cAMP-dependent protein kinase catalytic subunit beta	14787.7	13800.5	10286.8	9427.43	10857.8	9630.78	8873.86	9235.44	9412.58	9704.61
P68254	1433T_MOUSE	Ywhaq	14-3-3 protein theta	13670.8	16933.2	11064.2	13650.4	11772.2	12763.4	12884.4	12265.9	11702	11880.8
P68368	TBA4A_MOUSE	Tuba4a	Tubulin alpha-4A chain	391668	396544	325346	313675	328828	316886	270913	268119	224339	239615
P68369	TBA1A_MOUSE	Tuba1a	Tubulin alpha-1A chain	379763	384710	307289	288959	298833	310875	247689	243024	207266	214001
P68372	TBB4B_MOUSE	Tubb4b	Tubulin beta-4B chain	38358.9	40014.6	26230.5	26299.1	27093.8	27867.5	28462.7	31016.6	25110.5	21652.5
P68404	KPCB_MOUSE	Prkcb	Protein kinase C beta type	14119.9		10102.5	14287.9	10985.2	10095.5	10612.7	13012.7	10222.2	11231.5
P68500	CNTN5_MOUSE	Cntn5	Contactin-5	411.09		840.688					768.685		
P68510	1433F_MOUSE	Ywhah	14-3-3 protein eta	71559.6	75341.6	62110.6	66261.8	68267.5	68634.4	63606.4	70697.1	69016.9	68721.4
P69566	RANB9_MOUSE	Ranbp9	Ran-binding protein 9	3444.78		5381.28	3922.32	3354.35	6430.28	5811.98	5987.26	4786.72	4515.11
P70124	SPB5_MOUSE	Serpinb5	Serpin B5		6432.84					6988.87	8434.48		
P70168	IMB1_MOUSE	Kpnb1	Importin subunit beta-1	9905.42	29548.1	18198.4	15522.9	23175.2	18361.7	16046.8	13915.5	11328.6	11571.8
P70175	DLG3_MOUSE	Dlg3	Disks large homolog 3	231655	154631	207445	198284	189152	191238	200085	209028	202785	195035
P70182	PI51A_MOUSE	Pip5k1a	Phosphatidylinositol 4-phosphate 5-kinase type-1 alpha	2572.89		4488.15	5985.28	5338.67		4248.11	3671.74	4456.72	3809.84
P70188	KIFA3_MOUSE	Kifap3	Kinesin-associated protein 3	6212.83	10619.5	7061.62	7270.83	7751.35	7581.03	7250.61	6138.85	5768.94	7319.58
P70195	PSB7_MOUSE	Psmb7	Proteasome subunit beta type-7	4317.09	7560.06	3354.35	4785.86	3932.87	5577.72	3924.52	2682.81	4378.16	5372.09
P70206	PLXA1_MOUSE	Plxna1	Plexin-A1	936.46		1770.97				4510.44			
P70211	DCC_MOUSE	Dcc	Netrin receptor DCC	1556.77									
P70248	MYO1F_MOUSE	Myo1f	Unconventional myosin-If	7665.71	24210.4	9296	8461.92	9614.8	9311.96	9090.82	8101.91	8489.58	8644.05
P70257	NFIX_MOUSE	Nfix	Nuclear factor 1 X-type	4497.52		8260	7257.33	8092.7	5185.04	3257.84	4471.16	3875.92	3494.77
P70261	PALD_MOUSE	Pald1	Paladin	455.517					1000.74				
P70265	F262_MOUSE	Pfkfb2	6-phosphofructo-2-kinase/fructose-2,6-bisphosphatase 2				13898		13091.3		11721.5		13813.2
P70275	SEM3E_MOUSE	Sema3e	Semaphorin-3E	319.116								207.785	
P70288	HDAC2_MOUSE	Hdac2	Histone deacetylase 2	2213.63	10654.9	7989.34	8499.39	10450.5	7612.71	4796.47	5215.93	3594.11	2996.59
P70290	EM55_MOUSE	Mpp1	55 kDa erythrocyte membrane protein	911.256									
P70296	PEBP1_MOUSE	Pebp1	Phosphatidylethanolamine-binding protein 1	2038.1	17228.6	2500.66		5043	4507.29	4334.94	6314.67	2844.9	2918.59
P70297	STAM1_MOUSE	Stam	Signal transducing adapter molecule 1	4231.51			3195.15						
P70333	HNRH2_MOUSE	Hnrnph2	Heterogeneous nuclear ribonucleoprotein H2	3821.84		4996.93	6494.41	6919.75	5120.24	7626	3718.86	3124.99	3126.33
P70336	ROCK2_MOUSE	Rock2	Rho-associated protein kinase 2	6175.95		8508.55	11802.1	8873.21	8011.77	7168.89	8491.61	7311.06	10446.7
P70349	HINT1_MOUSE	Hint1	Adenosine 5'-monophosphoramidase HINT1	1194.14		2398.21		2947.83				1137.82	
P70372	ELAV1_MOUSE	Elavl1	ELAV-like protein 1	62727.5	37489.5	54420.1	44418.4	82929.3	39521.4	38649.1	24341.4	35909.3	27620.5
P70377	FGF13_MOUSE	Fgf13	Fibroblast growth factor 13	7420.32	10022.6	7960.68	6564.39	5657.22	7462.42	7694.72	7803.05	5120.08	8422.45
P70392	RGRF2_MOUSE	Rasgrf2	Ras-specific guanine nucleotide-releasing factor 2	3690.1		5344.95					4708.13	6413.76	
P70398	USP9X_MOUSE	Usp9x	Probable ubiquitin carboxyl-terminal hydrolase FAF-X	12405	22524	12996.3	16493.4	13781.5	12717.8	13283.6	13120.4	10897.2	16081.3
P70399	TP53B_MOUSE	Tp53bp1	TP53-binding protein 1	1963.5		12281.4	9315.6	19286.6	10405.3			7689.15	
P70407	CADH9_MOUSE	Cdh9	Cadherin-9	11474.2		10293.9	15153.7	9996.25	13195.3	14510.4	9547.02	10463.5	10797.3
P70408	CAD10_MOUSE	Cdh10	Cadherin-10	12253.6	13408.1	11703.1	11444.9	10258.2	12404	10983.7	11333.5	9607.85	9278.19
P70414	NAC1_MOUSE	Slc8a1	Sodium/calcium exchanger 1	3952.06	4350.31	4159.01	6438.37	5048.56	6139.05	6356.8	3906.62	3989.46	5086.95
P70425	RIT2_MOUSE	Rit2	GTP-binding protein Rit2	736.217			1341.98	2073.51	1316.86		1046.63	1388.18	
P70441	NHRF1_MOUSE	Nherf1	Na(+)/H(+) exchange regulatory cofactor NHE-RF1	1769.98	15280.2								
P70689	CXB6_MOUSE	Gjb6	Gap junction beta-6 protein	7323.56	5637.95	6339.04	4930.99	5812.59	5441.41	7067.4	6238.2	6113.66	6757.28
P70694;Q8K023;Q91WR5	AK1CL_MOUSE;AKC1H_MOUSE;DHB5_MOUSE	Akr1c18;Akr1c21;Akr1c6	Estradiol 17 beta-dehydrogenase 5							2630.24			
P70698	PYRG1_MOUSE	Ctps1	CTP synthase 1	937.911		1900							
P70704	AT8A1_MOUSE	Atp8a1	Phospholipid-transporting ATPase IA	6207.52	36214.1	7092.86	6839.9	6213.54	11274.6	8294.54	5452	6691.2	7541.28
P80313	TCPH_MOUSE	Cct7	T-complex protein 1 subunit eta	8936.89	13713.1	7687.67	8743.21	9816.37	10562.7	9041.27	10628.3	7539.03	8293.91
P80314	TCPB_MOUSE	Cct2	T-complex protein 1 subunit beta	6692.2	11103.5	6153.22	6081.73	7201.53	7339.58	5512.02	6477.3	5249.21	6217.7
P80315	TCPD_MOUSE	Cct4	T-complex protein 1 subunit delta	8192.37	11636.9	8561.41	8419.92	9848.01	10456.2	9492.75	10374.1	7630.86	7753.86
P80316	TCPE_MOUSE	Cct5	T-complex protein 1 subunit epsilon	11517.7	24455	10152.4	14951.4	12416.1	16671.9	17465.1	14763.7	9613.91	11904.7
P80317	TCPZ_MOUSE	Cct6a	T-complex protein 1 subunit zeta	13106.5	17027.9	10767.3	14172.2	15408.9	13855	14617.5	14518.4	10207.7	12825.4
P80318	TCPG_MOUSE	Cct3	T-complex protein 1 subunit gamma	11887.7	13514.6	10142.9	9257.27	13148.7	12525.1	10045.7	12324.4	8908.13	9291.21
P80560	PTPR2_MOUSE	Ptprn2	Receptor-type tyrosine-protein phosphatase N2	5446.12		4926.74	8283.82	6188.34	7319.51	6989.87	3560.8	4393.45	5964.01
P81122	IRS2_MOUSE	Irs2	Insulin receptor substrate 2	5565.81		5034.36		6898.77			7234.31	5371.79	
P81269;Q01147	ATF1_MOUSE;CREB1_MOUSE	Atf1;Creb1	Cyclic AMP-dependent transcription factor ATF-1			1028.14	1806.73	4075.08					
P83093	STIM2_MOUSE	Stim2	Stromal interaction molecule 2	2375.46		4493.14	9073.76		10495.9	4754.63	10025.4	2978.39	
P83510	TNIK_MOUSE	Tnik	Traf2 and NCK-interacting protein kinase	56242.9	39356.9	44822	44680.4	42281.3	43972	40536.8	40774	41529.7	38661
P83741	WNK1_MOUSE	Wnk1	Serine/threonine-protein kinase WNK1	39921.4		46103.7	53405.8	50473.9	64185.2	53843.1	43529.7	39501.3	46637.5
P83870	PHF5A_MOUSE	Phf5a	PHD finger-like domain-containing protein 5A	2711.72	6346.35	5681.4	4678.14	10618.7	3877.12	3263.71		2891.28	3390.08
P83882	RL36A_MOUSE	Rpl36a	Large ribosomal subunit protein eL42	40442.4	22641.5	28377	26250.3	26109.2	27196.1	24623.6	29205.6	25887	27769.1
P83887	TBG1_MOUSE	Tubg1	Tubulin gamma-1 chain	2680.36	3965.29	2886.27	5268.96	3456.45	5446.26	3566.57	4756.26	3068.84	5861.23
P83940	ELOC_MOUSE	Eloc	Elongin-C	5905.55	14935.9	7197.14		8693.84		3312.35	5799.75		6246.94
P84075	HPCA_MOUSE	Hpca	Neuron-specific calcium-binding protein hippocalcin	5377.94	6797.58	5810.53	5376.32	6821.68	6572.49	6514.25	4876.08	4686.16	
P84084	ARF5_MOUSE	Arf5	ADP-ribosylation factor 5	19926.8	69033.2	20888.7	19505	23927.6	24286.5	24446.5	31133.7	20825.2	17403.1
P84089	ERH_MOUSE	Erh	Enhancer of rudimentary homolog	21010.5		9101.82	8856.58	15855.9	8992.71	8054.06	5084.75	4761.68	4322.54
P84091	AP2M1_MOUSE	Ap2m1	AP-2 complex subunit mu	242043	160894	184566	176763	184169	168356	187612	159178	173253	178569
P84096	RHOG_MOUSE	Rhog	Rho-related GTP-binding protein RhoG	19957.6	16050.3	16379.8	15032.3	15981	19150.3	17870	16651.4	14494.5	14439.8
P84099	RL19_MOUSE	Rpl19	Large ribosomal subunit protein eL19	67341.5	33050.7	37153	44884.6	43450.1	36463.3	46321.4	45683.1	48315.3	51023.5
P84104	SRSF3_MOUSE	Srsf3	Serine/arginine-rich splicing factor 3	48808.1	36894.2	43865.3	37160.8	42340.9	33795.5	34222.2	34074	37437.1	36126.7
P84751	HVM63_MOUSE		Ig heavy chain Mem5 (Fragment)	486634		10458.6	41052.1	13154.9	40375.6	11920.1	43110.6	6665.11	45570
P97291	CADH8_MOUSE	Cdh8	Cadherin-8	5237.48		8995.58	7340.89	7855.54	8637.55		8599.55	6593.04	6712.04
P97300	NPTN_MOUSE	Nptn	Neuroplastin	13286.8	32457.5	13987.5	16643.5	15297.5	19660.7	13966.7	17437.6	14699.5	18614.8
P97315	CSRP1_MOUSE	Csrp1	Cysteine and glycine-rich protein 1	2472.27	13542.2	4230.15	5699.32	4441.21	4711.48	4284.41	3187.23	2893.91	4354.78
P97318	DAB1_MOUSE	Dab1	Disabled homolog 1	3630.42		5644.81		5064.49	6501.36	5986.82	6451.07	5293.35	8105.06
P97326	CADH6_MOUSE	Cdh6	Cadherin-6	2707.58		2486.2	3226.82	3319.43	2906.16	2034.63	2632.16	2386.17	2387.35
P97343	UHMK1_MOUSE	Uhmk1	Serine/threonine-protein kinase Kist	931.867								981.914	
P97350	PKP1_MOUSE	Pkp1	Plakophilin-1	705.735	24901.7		3514.72		2939.27	7847.29	8289.2	2173.61	3772.83
P97351	RS3A_MOUSE	Rps3a	Small ribosomal subunit protein eS1	55372.4	35183.2	43036.3	42992	42896.8	42909.3	43532.3	47437.4	45153.6	46690.2
P97370	AT1B3_MOUSE	Atp1b3	Sodium/potassium-transporting ATPase subunit beta-3	405.275									
P97371	PSME1_MOUSE	Psme1	Proteasome activator complex subunit 1								1127		
P97376	FRG1_MOUSE	Frg1	Protein FRG1		16866.4	1761.91	5094.29	3783.28	3357.82	2144.72	2432.15		
P97379	G3BP2_MOUSE	G3bp2	Ras GTPase-activating protein-binding protein 2	31070.5	13781.6	11561.5	13347.8	13214	14433.2	11284.1	13613.8	11259.5	13624.4
P97386	DNLI3_MOUSE	Lig3	DNA ligase 3	312.526									
P97393	RHG05_MOUSE	Arhgap5	Rho GTPase-activating protein 5	4326.11									
P97427	DPYL1_MOUSE	Crmp1	Dihydropyrimidinase-related protein 1	21991.8	20603.6	18756.6	22882.9	18071.7	25165.2	17816.6	20003.1	17135.1	21858.4
P97429	ANXA4_MOUSE	Anxa4	Annexin A4							4930.15	5301.02		
P97434	MPRIP_MOUSE	Mprip	Myosin phosphatase Rho-interacting protein	30116.4	34277.8	36421.6	34489.1	36007.9	36413.1	35948.5	38979.1	40818.5	37516.2
P97445	CAC1A_MOUSE	Cacna1a	Voltage-dependent P/Q-type calcium channel subunit alpha-1A	33337	26401	28150.5	30190.7	28031	27837	27259	27012.8	25731.1	26213.1
P97447	FHL1_MOUSE	Fhl1	Four and a half LIM domains protein 1	1898.51	4345.03	2869.18		2289.68			1143.58	1172.21	1399.17
P97461	RS5_MOUSE	Rps5	Small ribosomal subunit protein uS7	19518.9	41377.1	21728.2	26673.1	23405.9	26574.1	22506.1	23246.7	16321.9	20051.2
P97467	AMD_MOUSE	Pam	Peptidyl-glycine alpha-amidating monooxygenase	1207.75		1092.28		3470.11					1505.07
P97473	TRBP2_MOUSE	Tarbp2	RISC-loading complex subunit TARBP2	1896.07									
P97490	ADCY8_MOUSE	Adcy8	Adenylate cyclase type 8	907.977									
P97492	RGS14_MOUSE	Rgs14	Regulator of G-protein signaling 14	540.817		604.531		922.626	1008.34			665.132	624.05
P97742	CPT1A_MOUSE	Cpt1a	Carnitine O-palmitoyltransferase 1, liver isoform	4006.06			8927.4		7145.92		9218.91		
P97772	GRM1_MOUSE	Grm1	Metabotropic glutamate receptor 1	13331.6	16947.1	12352.7	12774.3	13436	12058.9	11510.8	12403.9	12084.1	13126.2
P97785	GFRA1_MOUSE	Gfra1	GDNF family receptor alpha-1	6126.93		5774.55	7310.74	5622.35	5655.91	6155.2	7313.3	6167.11	6919.73
P97789	XRN1_MOUSE	Xrn1	5'-3' exoribonuclease 1	4599.77									
P97813	PLD2_MOUSE	Pld2	Phospholipase D2	385.93		775.629	529.632	867.004	560.421	772.885	627.53	455.358	
P97820	M4K4_MOUSE	Map4k4	Mitogen-activated protein kinase kinase kinase kinase 4	22946.9	28257.7	21552	25236.3	20432.1	21875.8	20319	19402.4	19981.4	18479.2
P97855	G3BP1_MOUSE	G3bp1	Ras GTPase-activating protein-binding protein 1	5774.51		3474.97			4633.66	4693.25	5621.56	4014.88	3346.32
P97863	NFIB_MOUSE	Nfib	Nuclear factor 1 B-type	606.231									
P97950	RB33A_MOUSE	Rab33a	Ras-related protein Rab-33A	2013.08									
P98078	DAB2_MOUSE	Dab2	Disabled homolog 2	1097.12									
P98086	C1QA_MOUSE	C1qa	Complement C1q subcomponent subunit A	47786.9	1.95925e+06	285918	446605	426457	365693	384448	271076	215438	355650
P98203	ARVC_MOUSE	Arvcf	Splicing regulator ARVCF	8521.59	10573.4	8184.65	8856.13	8662.67	8130.75	7842.32	8313.49	8005.56	8519.17
P99024	TBB5_MOUSE	Tubb5	Tubulin beta-5 chain	232292	266998	189735	176947	186983	185426	152928	151190	134558	132196
P99026	PSB4_MOUSE	Psmb4	Proteasome subunit beta type-4	5951.57		5942.7	7458.84	8918.78	8055.48	12076.3	7317.74	8755.5	6742.57
P99027	RLA2_MOUSE	Rplp2	Large ribosomal subunit protein P2	29191.8	30227.3	27402.1	26769.3	26826.9	25892.3	21192.4	30102.4	22758.6	22385
P99028	QCR6_MOUSE	Uqcrh	Cytochrome b-c1 complex subunit 6, mitochondrial	1616.95							2560.31		
P99029	PRDX5_MOUSE	Prdx5	Peroxiredoxin-5, mitochondrial	26299.3	43427.8	34254.7	26500.5	34225	38253.1	27731.3	30438.2	32234.2	25158.5
Q00493	CBPE_MOUSE	Cpe	Carboxypeptidase E	7733.6	11794.5	10159.6	10925.8	9709.18	10526.7	11392.9	9330.85	11860.3	7949.19
Q00977	CXB2_MOUSE	Gjb2	Gap junction beta-2 protein	184.982		498.012		298.469		623.371	416.104	640.459	538.554
Q00PI9	HNRL2_MOUSE	Hnrnpul2	Heterogeneous nuclear ribonucleoprotein U-like protein 2	14471.8	49839.2	36942.1	31889	56629.9	30286.5	30147.7	16145.9	21814	17875.5
Q01063	PDE4D_MOUSE	Pde4d	3',5'-cyclic-AMP phosphodiesterase 4D	2003.87		2085.03			1818.57		2184.85	1501.69	2314.11
Q01097	NMDE2_MOUSE	Grin2b	Glutamate receptor ionotropic, NMDA 2B	198303	146104	187904	181079	172970	177559	183694	192840	189864	180629
Q01341	ADCY6_MOUSE	Adcy6	Adenylate cyclase type 6	2087.38									
Q01405	SC23A_MOUSE	Sec23a	Protein transport protein Sec23A	1907.9		844.773			1980.24	1533.07	4412.36		
Q01730	RSU1_MOUSE	Rsu1	Ras suppressor protein 1							4665.63			
Q01768	NDKB_MOUSE	Nme2	Nucleoside diphosphate kinase B	3035.07	33244.2	4105.49		5846.79	6387.21	11283.8	19751.7	3114.11	6009.33
Q01815	CAC1C_MOUSE	Cacna1c	Voltage-dependent L-type calcium channel subunit alpha-1C	2259.51		2401.18	2631.79	2558.34	2901.22	1970.23	1494.53	2293.53	3942.05
Q01853	TERA_MOUSE	Vcp	Transitional endoplasmic reticulum ATPase	21413.2	29257.1	22842	21367.2	26496.2	28477.6	25119.6	30693.4	21410.7	22019
Q02053	UBA1_MOUSE	Uba1	Ubiquitin-like modifier-activating enzyme 1	2706.22	5620.12	2488.73	3943.66	2726.57	2579.03	2477.01	3383.97	2482.05	2185.87
Q02105	C1QC_MOUSE	C1qc	Complement C1q subcomponent subunit C	30199.3	1.9893e+06	196526	335179	312408	287148	298159	196411	150151	275227
Q02248	CTNB1_MOUSE	Ctnnb1	Catenin beta-1	221592	171546	198863	182470	175833	182106	178488	183305	184402	182900
Q02257	PLAK_MOUSE	Jup	Junction plakoglobin	9574.4	90278.9	11280.5	22240.9	12005.7	16969.3	47100.2	34037.2	16453.2	19007.7
Q03137	EPHA4_MOUSE	Epha4	Ephrin type-A receptor 4	2783.54		4643.75	4600.15		5356.94		4512.16	3010.35	5645.62
Q03141	MARK3_MOUSE	Mark3	MAP/microtubule affinity-regulating kinase 3	47712.7	30520.5	34226.4	32322.2	35717.2	35284.7	35807.4	33371.3	32647.4	33555
Q03157	APLP1_MOUSE	Aplp1	Amyloid beta precursor like protein 1	787.647									
Q03173	ENAH_MOUSE	Enah	Protein enabled homolog	25776.7	58248.4	26143.7	26398.6	26094.1	25748.9	21984.1	24698	24447	23409.5
Q03265	ATPA_MOUSE	Atp5f1a	ATP synthase subunit alpha, mitochondrial	59035.7	149015	70781.1	70280.3	76131.8	87594.6	85351.2	80272.5	66344.4	74421.1
Q03391	NMDE4_MOUSE	Grin2d	Glutamate receptor ionotropic, NMDA 2D	9622.15	12773.6	12885.8	11243.9	11969.5	12159.7	11592.5	10638.1	11209.9	11366
Q03717	KCNB1_MOUSE	Kcnb1	Potassium voltage-gated channel subfamily B member 1	585.848		1219.03	1799.68	1161.78		1844.09	926.651	1208.05	1561
Q03719	KCND1_MOUSE	Kcnd1	Potassium voltage-gated channel subfamily D member 1	4508.09	45586.9	11492.2		13435.8	12233.5				
Q04447	KCRB_MOUSE	Ckb	Creatine kinase B-type	16634.6	31204	14397.1	14687.1	13748.7	16147.6	17283.4	17844.8	16630.4	15951.3
Q04690	NF1_MOUSE	Nf1	Neurofibromin	9588.4		11088	10394.8	16857.2	13941.2	10755.3	7151.97	10161.1	9631.05
Q04736	YES_MOUSE	Yes1	Tyrosine-protein kinase Yes	7606.93	7897.84	10127.7	8768.54	7263.31	8076.79	7876.29	7638.37	7498.7	7686.72
Q04750	TOP1_MOUSE	Top1	DNA topoisomerase 1	4926.7	45333.1	16896.2	10451.4	23248.8	19245		5835.72	7369.32	
Q05144	RAC2_MOUSE	Rac2	Ras-related C3 botulinum toxin substrate 2	345.068									
Q05186	RCN1_MOUSE	Rcn1	Reticulocalbin-1	622.281									
Q05512	MARK2_MOUSE	Mark2	Serine/threonine-protein kinase MARK2	83382.1	65142.8	67939.8	69011	62514.4	73174.1	67286.5	69045.7	69486.2	77525.6
Q05816	FABP5_MOUSE	Fabp5	Fatty acid-binding protein 5	1528.38	17362.5	2160.44		2136.66	3863.72	91782.7	118257	2686.91	
Q05860	FMN1_MOUSE	Fmn1	Formin-1	4323.22									
Q05909	PTPRG_MOUSE	Ptprg	Receptor-type tyrosine-protein phosphatase gamma	13080.6	14750	12012.9	11250.7	13477.7	11538.4	14562.6	12847.8	12982.9	12752.3
Q05A36	MEX3C_MOUSE	Mex3c	RNA-binding E3 ubiquitin-protein ligase MEX3C	1166.43									
Q05AA6	DRP2_MOUSE	Drp2	Dystrophin-related protein 2	367.875									
Q05BC3	EMAL1_MOUSE	Eml1	Echinoderm microtubule-associated protein-like 1	10213.2		11409.7	11443.1	19768.5	14366.6	11918.5	10846.8	9863.06	12536.7
Q05D44	IF2P_MOUSE	Eif5b	Eukaryotic translation initiation factor 5B	5518.25	50489.5	9701.29	11420.6	12266.6	9396.23	9425.32	8918.43	8355.03	7878.22
Q06138	CAB39_MOUSE	Cab39	Calcium-binding protein 39	791.885	2926.47	946.248	1680.93				1525.74	966.12	
Q06185	ATP5I_MOUSE	Atp5me	ATP synthase subunit e, mitochondrial	4725.49		5933.15	5383.19	2460.4	9894.62		4803.94	6052.47	5155.74
Q06335	APLP2_MOUSE	Aplp2	Amyloid beta precursor like protein 2	684.941		1322.56							
Q06890	CLUS_MOUSE	Clu	Clusterin	8674.22	14042.6	10245.3	9496.31	15196.1	8942.84	12424.3	9601.14	9558.51	8516.44
Q07409	CNTN3_MOUSE	Cntn3	Contactin-3	3479.93		5124.81	4811.95	4870.14	4871.52	4941.75	5859.1	4897.17	4879.26
Q07646	MEST_MOUSE	Mest	Mesoderm-specific transcript protein	8848.03	9770.1	10126	13278.5	12821.6	12786.8	14586.2	9248.6	7421.28	10334.1
Q07797	LG3BP_MOUSE	Lgals3bp	Galectin-3-binding protein	1826.32									
Q08189	TGM3_MOUSE	Tgm3	Protein-glutamine gamma-glutamyltransferase E		32129.9		2733.65			7361.79	5959.42	1043.66	
Q08274	DMWD_MOUSE	Dmwd	Dystrophia myotonica WD repeat-containing protein	977.932		1784		1338.18				1907.29	
Q08331	CALB2_MOUSE	Calb2	Calretinin	12123.5									
Q08460	KCMA1_MOUSE	Kcnma1	Calcium-activated potassium channel subunit alpha-1	2997.86		4684.02	14557.8	7063.65	15896	5465.53	10434.7	4052.18	14419.4
Q09LZ8	CBPC6_MOUSE	Agbl4	Cytosolic carboxypeptidase 6	742.035		853.036			458.168		1095.26	1044.61	
Q0GA42	CNNM1_MOUSE	Cnnm1	Metal transporter CNNM1	805.349		5819.46						2390.63	
Q0GNC1	INF2_MOUSE	Inf2	Inverted formin-2	3655.15		5789.44	4907	4694.24	5725.81	6156.6	4515.51	5905.49	6215.31
Q0KK55	KNDC1_MOUSE	Kndc1	Kinase non-catalytic C-lobe domain-containing protein 1	15196.5	34210.6	15762.6	13789.5	11756.8	21681.2	9778.02	13759.8	14190.1	15878.8
Q0KK59	UNC79_MOUSE	Unc79	Protein unc-79 homolog	3077.46		3431.74	4863.02	4053.44	4519.23	3898.99	4222.72	3872.67	5283.89
Q0KL02	TRIO_MOUSE	Trio	Triple functional domain protein	6715.92	8504.93	7250.7	7185.7	7893.4	6602.19	7429.3	7318.38	5674.54	7101.23
Q0PHV7	DACT3_MOUSE	Dact3	Dapper homolog 3	10262.6	10328.3	7874.17	11106.9	8928.65	9236.34	10105.3	8773.14	7961.22	8861
Q0PMG2	MDGA1_MOUSE	Mdga1	MAM domain-containing glycosylphosphatidylinositol anchor protein 1	3046.49		2764.4	4968.41	5511.87	5438.9	4340.57	5414.84	3507.38	3447.99
Q0VBF8	STUM_MOUSE	Stum	Protein stum homolog	3560.84	13390.8	2865.35	5261.03	2977.06	2571.47	3588.87	3594.18	3673.64	3498.38
Q0VBK2	K2C80_MOUSE	Krt80	Keratin, type II cytoskeletal 80		17790.6	1656.82			4105.52	8323.31	7970.51	2636.39	3068.06
Q0VBL3	RBM15_MOUSE	Rbm15	RNA-binding protein 15	2850.4		4459.87	6202.75	6868.45			3900.06		
Q0VE82	CPNE7_MOUSE	Cpne7	Copine-7	434.707									
Q0VF55	Q0VF55_MOUSE	Atp2b3	Calcium-transporting ATPase	5416.23	5505.07	5605.06	8396.18	5978.13	6173.54	8363.49	6724.03	5675.55	7203
Q0VF58	COJA1_MOUSE	Col19a1	Collagen alpha-1(XIX) chain	905.406	2604.24	756.114	1154.5	1647.73	1389.45	1954.73	1017.2	935.015	1711.16
Q0VGU4	VGF_MOUSE	Vgf	Neurosecretory protein VGF	10060.6		7183.25	11162	7497	10415	7002.57	9083.36	6632.51	7850.57
Q0VGY8	TANC1_MOUSE	Tanc1	Protein TANC1	9756.81	18437.8	12715	17560.5	12814	18470	13091.8	14382.9	11501.5	14045.5
Q11011	PSA_MOUSE	Npepps	Puromycin-sensitive aminopeptidase	1422.69	16454.6		3003.4		5436.4	8335.48	9003.28	1909.13	4631.33
Q11136	PEPD_MOUSE	Pepd	Xaa-Pro dipeptidase				5475.98		5934.78	2980.44	5020.75		4372.33
Q148A4	SAXO4_MOUSE	Saxo4	Stabilizer of axonemal microtubules 4	818.184									
Q148V7	RELCH_MOUSE	Relch	RAB11-binding protein RELCH	648.047		961.491	1527.62				1063.91	619.265	
Q149L6	DJB14_MOUSE	Dnajb14	DnaJ homolog subfamily B member 14	11429.3									
Q14AI6	RUSD3_MOUSE	Rpusd3	Mitochondrial mRNA pseudouridine synthase Rpusd3	785.632									
Q14BB9	MA6D1_MOUSE	Map6d1	MAP6 domain-containing protein 1	11880	9664.66	9452.52	10091.5	10697	9426.46	6963.36	7306.73	7608.79	6017.98
Q14BI2	GRM2_MOUSE	Grm2	Metabotropic glutamate receptor 2	19941.6	17151.9	18055.8	16644.2	18258.9	16451.3	18295.2	17971.4	19269.3	18823.3
Q14C51	PTCD3_MOUSE	Ptcd3	Small ribosomal subunit protein mS39	12747.4	11595.1	11551.9	11768.5	11695.1	11481.5	14359.8	13794.6	13901	12167.7
Q14CH0	F171B_MOUSE	Fam171b	Protein FAM171B	679.518		662.838						716.405	1283.98
Q1EG27	MYO3B_MOUSE	Myo3b	Myosin-IIIb	9871.51	6901.71	18089.2	11967.2	10581	12328.9	13492.5	13250.2	18135.8	13570.5
Q2KN98	CYTSA_MOUSE	Specc1l	Cytospin-A	15862.1	31197.1	19076	21122.1	18845.8	19934.2	20866.6	21878	19030	18799.1
Q2M3X8	PHAR1_MOUSE	Phactr1	Phosphatase and actin regulator 1	8205.71	10132.1	6608.98	7511.15	7661.93	7287	7101.89	6855.19	5687.98	7497.98
Q2MHE5	DOK6_MOUSE	Dok6	Docking protein 6	1341.53		1831.93		1164.73		3621.58	1795.82	1751.97	2460.5
Q2PFD7	PSD3_MOUSE	Psd3	PH and SEC7 domain-containing protein 3	35792.9	73918.1	40764.1	64267.1	45729.4	36893.1	42234.4	35584.8	36321.8	42806.7
Q2TPA8	HSDL2_MOUSE	Hsdl2	Hydroxysteroid dehydrogenase-like protein 2				9704.64		11068.3		9782.83		11207.9
Q2VIS4	FILA2_MOUSE	Flg2	Filaggrin-2					1070.64		2397.44	1438.13	526.465	1142.13
Q2WF71	LRFN1_MOUSE	Lrfn1	Leucine-rich repeat and fibronectin type III domain-containing protein 1	1086.01			1204.41	1881.61		1467.02		1050.99	
Q3LAC4	PREX2_MOUSE	Prex2	Phosphatidylinositol 3,4,5-trisphosphate-dependent Rac exchanger 2 protein	4684.21		9475.12			9025			7524.08	
Q3MI99	CCBE1_MOUSE	Ccbe1	Collagen and calcium-binding EGF domain-containing protein 1	3860.61									
Q3TDD9	PPR21_MOUSE	Ppp1r21	Protein phosphatase 1 regulatory subunit 21	2733.42		4778.46	9577.64				3569.8		
Q3TDK6	ROGDI_MOUSE	Rogdi	Protein rogdi homolog	3494.23		3606.64	6101.17	7090.73	5586.45	7017.96	4698.46	3394.24	4389.62
Q3TDQ1	STT3B_MOUSE	Stt3b	Dolichyl-diphosphooligosaccharide--protein glycosyltransferase subunit STT3B	4087.84		3110.76	4461.85	3351.28	6997.43	4913.01	3654.81	2826.34	4806.36
Q3TE80	Q3TE80_MOUSE	2410002F23Rik	RIKEN cDNA 2410002F23 gene	62855.8	18627.4	28127.7	27020.1	19638.7	18978.4	20465.5	22000.6	26280.6	23009.4
Q3TEA8	HP1B3_MOUSE	Hp1bp3	Heterochromatin protein 1-binding protein 3	11992.9	35886.4	50757.3	40227.1	74638.2	32514.3	24270.5	13392.3	24983.4	17872.6
Q3TES0	IQEC3_MOUSE	Iqsec3	IQ motif and SEC7 domain-containing protein 3	5308.61	7619.26	5298.2	4327.63	3749.36	4428.86	6794.85	3829.29	4546.75	5612.96
Q3TGW2	EEPD1_MOUSE	Eepd1	Endonuclease/exonuclease/phosphatase family domain-containing protein 1	2398.17		3437.46	4200.8	3582.66	3750.54	2743.74	3667.52	3151.95	2794.94
Q3THE2	ML12B_MOUSE	Myl12b	Myosin regulatory light chain 12B	195921	144521	210767	211707	213684	220134	226502	235251	250005	234739
Q3THK7	GUAA_MOUSE	Gmps	GMP synthase [glutamine-hydrolyzing]	5002.51									
Q3TIR3	RIC8A_MOUSE	Ric8a	Synembryn-A	491.134		773.271					413.471		
Q3TJZ6	FA98A_MOUSE	Fam98a	Protein FAM98A	6790.21		6271.61	9315.92	6784.13	10216.3	6374.84	5830.54	5008.67	5128.96
Q3TKT4	SMCA4_MOUSE	Smarca4	Transcription activator BRG1	417.803		1474.62		1723.78	1693.61			1136.09	
Q3TLH4	PRC2C_MOUSE	Prrc2c	Protein PRRC2C	10533.8	5688.52	5061.56	5310.09	6239.68	4981.83	4961.87	5803.31	4593.36	5678.39
Q3TLI0	TPC10_MOUSE	Trappc10	Trafficking protein particle complex subunit 10	14340.1		13283.5	14843.9	12308.5	15869.3	15154.2	13747.6	12536	15131.1
Q3TMP8	TM38A_MOUSE	Tmem38a	Trimeric intracellular cation channel type A	4371.15		9918.78	9606.32			14089.4			
Q3TPX4	EXOC5_MOUSE	Exoc5	Exocyst complex component 5	28110.4	35530.5	34585.4	37984.9	35831.4	32705.4	39989.6	36665.5	33873.1	35765.6
Q3TRM4	PLPL6_MOUSE	Pnpla6	Patatin-like phospholipase domain-containing protein 6	2961.92	3662.76	2370.25	2456.72	2569.01	3125.32	1728.59	2120.6	2020.36	3684.92
Q3TRR0	MAP9_MOUSE	Map9	Microtubule-associated protein 9	10104.9	12230.9	12253.7	13085.6	13637.2	12293.9	10772.2	11734.4	12659.8	12977.9
Q3TTY5	K22E_MOUSE	Krt2	Keratin, type II cytoskeletal 2 epidermal	54864.6	5.86892e+06	256905	812179	370552	610637	1.66288e+06	599600	486472	667139
Q3TUH1	TAM41_MOUSE	Tamm41	Phosphatidate cytidylyltransferase, mitochondrial	2685.11		3295.45		4908.29	3990.02	3903.98	2353.83	3669.53	3656.56
Q3TWI9	CSCL2_MOUSE	Tmem63b	CSC1-like protein 2	7338.34	7417.09	5453.16	8011.03	6426.71	6504.71	7236.02	6184.56	6514.23	6854.46
Q3TWL2	PP4P1_MOUSE	Pip4p1	Type 1 phosphatidylinositol 4,5-bisphosphate 4-phosphatase	1046.84									
Q3TWN3	CNNM2_MOUSE	Cnnm2	Metal transporter CNNM2	1148.63						2514.07	3225.86		
Q3TWW8	SRSF6_MOUSE	Srsf6	Serine/arginine-rich splicing factor 6	7913.34		9708.95		16519.1			6803.95	8953.8	7650.61
Q3TXS7	PSMD1_MOUSE	Psmd1	26S proteasome non-ATPase regulatory subunit 1	13705.8	34322.5	16436.5	15848	18366.4	20099.6	16565.3	17806.1	15939.2	16446.7
Q3TXX4	VGLU1_MOUSE	Slc17a7	Vesicular glutamate transporter 1	12261.5	22351.8	13241	12940.3	13448.8	14359.9	13674.1	13873.6	11949	16865.9
Q3TY60	F131B_MOUSE	Fam131b	Protein FAM131B	52145.4	73929.5	54369.7	62334.4	65803	58688.2	62878.8	55384.8	56528.4	49707.1
Q3TY86	AIFM3_MOUSE	Aifm3	Apoptosis-inducing factor 3	3932.58		3602.71	5409.26	4331.57	5190.58		3753.6	2707.42	
Q3TYD6	LMTK2_MOUSE	Lmtk2	Serine/threonine-protein kinase LMTK2	39703.5	46452.1	42287.8	34736.6	48179.5	32896.2	47800.2	35496.7	41257.4	36259.7
Q3TZX3	S2533_MOUSE	Slc25a33	Solute carrier family 25 member 33	3191.98		3702.22	12070.8			7326.54	9903.62	6367.5	
Q3TZZ7	ESYT2_MOUSE	Esyt2	Extended synaptotagmin-2	1314.18			1426.32			2730.22		1321.25	
Q3U0M1	TPPC9_MOUSE	Trappc9	Trafficking protein particle complex subunit 9	62742.5	104036	55737.3	64581.1	68503	63801.8	65938.2	69139.6	60868.6	57027.7
Q3U1F9	PHAG1_MOUSE	Pag1	Phosphoprotein associated with glycosphingolipid-enriched microdomains 1	6825.24	20051.5	6226.97	7369.09	7987.79	9188.74	7020.84	8292.35	7103.91	7022.2
Q3U1J4	DDB1_MOUSE	Ddb1	DNA damage-binding protein 1	3499.1	9893.11	4887.64	5377.28	7588.76	5197.94	4160	3669.15	4526.26	4179.39
Q3U1N2	SRBP2_MOUSE	Srebf2	Sterol regulatory element-binding protein 2	1118.12		1284.31		3183.55		1945.9		1597.17	
Q3U1Y4	DEN4B_MOUSE	Dennd4b	DENN domain-containing protein 4B	1472.48							1876.38		
Q3U213	SRAC1_MOUSE	Serac1	Protein SERAC1	370.274		453.331					459.459	356.018	617.796
Q3U214	MAST3_MOUSE	Mast3	Microtubule-associated serine/threonine-protein kinase 3	2665.42	10487.4	2563.16	2612.3	5305.14	1393.81	2362.69	2521.93	2454.57	2602.11
Q3U2I3	FHI1B_MOUSE	Fhip1b	FHF complex subunit HOOK-interacting protein 1B	412.329		589.742						579.933	
Q3U3C9	GSE1_MOUSE	Gse1	Genetic suppressor element 1	1224.81		1246.76							2158.71
Q3U564	DCP1B_MOUSE	Dcp1b	mRNA-decapping enzyme 1B	1501.8									
Q3U5C7	PRIC1_MOUSE	Prickle1	Prickle-like protein 1	8129.52	11751.6	7951.18	7822.48	7155.39	7774.53	8357.49	7977.51	7014.43	7843.41
Q3UDP0	WDR41_MOUSE	Wdr41	WD repeat-containing protein 41	304.242									
Q3UE31	K0930_MOUSE		Uncharacterized protein KIAA0930 homolog	2201.57	5419.36	2045.29	4607.28		3913.23		3351.98	2489.51	2402.07
Q3UEB3	PUF60_MOUSE	Puf60	Poly(U)-binding-splicing factor PUF60	3483.82	24659.8	5572.71	6401.83	9657.04	9305.25	6548.42	4989.07	4933.83	4538.85
Q3UFQ8	CARL3_MOUSE	Carmil3	Capping protein, Arp2/3 and myosin-I linker protein 3	7444.48									
Q3UFY8	TM10C_MOUSE	Trmt10c	tRNA methyltransferase 10 homolog C	472.107									
Q3UGP8	AG10B_MOUSE	Alg10b	Putative Dol-P-Glc:Glc(2)Man(9)GlcNAc(2)-PP-Dol alpha-1,2-glucosyltransferase	1238.98									
Q3UGS4	MCRI1_MOUSE	Mcrip1	Mapk-regulated corepressor-interacting protein 1	6874.6									
Q3UGY8	BIG3_MOUSE	Arfgef3	Brefeldin A-inhibited guanine nucleotide-exchange protein 3	457.116		597.142							
Q3UH45	Q3UH45_MOUSE	Tecpr2	Tectonin beta-propeller repeat containing 2	905.766		1375.05							
Q3UH60	DIP2B_MOUSE	Dip2b	Disco-interacting protein 2 homolog B	4627.26	9534.3	5376.06	6922.83		6480.79	6892.2	6523.82	4387.74	6088.51
Q3UH66	WNK2_MOUSE	Wnk2	Serine/threonine-protein kinase WNK2	2838.38	7339.4	4366.32	4154.83	4901.53	4689.64	3315.29	3043.12	3599.22	4641.53
Q3UH68	LIMC1_MOUSE	Limch1	LIM and calponin homology domains-containing protein 1	46538.9		50928.7	62202.4	47292.7	56200.1	57133.7	56282.8	55093.8	57713.4
Q3UH99	SHSA6_MOUSE	Shisa6	Protein shisa-6	60813.4	51916.1	51316.7	51808	55754.8	49356.2	55215.3	48031.5	46328.9	46151.9
Q3UHB1	NT5D3_MOUSE	Nt5dc3	5'-nucleotidase domain-containing protein 3	766.325			5263.4	1446.18	2903.88		3082.38		3725.05
Q3UHB8	CC177_MOUSE	Ccdc177	Coiled-coil domain-containing protein 177	56529.3	40950	54915.9	51642.4	52646.5	48988.3	48220.5	52575.2	58911.3	54193.8
Q3UHC0	TNR6C_MOUSE	Tnrc6c	Trinucleotide repeat-containing gene 6C protein	11527.2									
Q3UHC7	DAB2P_MOUSE	Dab2ip	Disabled homolog 2-interacting protein	15816.5		16049	18976.2	17089.4	24024.7	13958.3	17530.5	13617	18682.2
Q3UHD1	AGRB1_MOUSE	Adgrb1	Adhesion G protein-coupled receptor B1	14719		15282.4	17005	18971	25274.2	20344.2	15968.4	14194.1	14691.1
Q3UHD2	GFOD1_MOUSE	Gfod1	Glucose-fructose oxidoreductase domain-containing protein 1	7579.09		6738.01	5230.58	5524.78	6037.13		5383.91	5734.63	4972.29
Q3UHD3	MTUS2_MOUSE	Mtus2	Microtubule-associated tumor suppressor candidate 2 homolog	6088.04	15156.1	8312.13	8284.2	7579.37	8881.3	9134.67	9173.88	8468.34	9366.55
Q3UHD6	SNX27_MOUSE	Snx27	Sorting nexin-27	22935.3		27369		36728.7	22176.4	24894	21333.4		
Q3UHD9	AGAP2_MOUSE	Agap2	Arf-GAP with GTPase, ANK repeat and PH domain-containing protein 2	74750.2	52429.2	62995.3	58328.8	58769.8	54535	60817.4	60163.4	61706.2	56376.5
Q3UHE1	PITM3_MOUSE	Pitpnm3	Membrane-associated phosphatidylinositol transfer protein 3	2282.35									
Q3UHF7	ZEP2_MOUSE	Hivep2	Transcription factor HIVEP2	3238.05				7504.46			3563.91	3208.25	
Q3UHH1	ZSWM8_MOUSE	Zswim8	Zinc finger SWIM domain-containing protein 8	367.014		355.797	910.749				774.077		
Q3UHI0	CCSE2_MOUSE	Ccser2	Serine-rich coiled-coil domain-containing protein 2	18281.2		27732.6		28114.2	26474.3	21155.6		27452.5	
Q3UHJ0	AAK1_MOUSE	Aak1	AP2-associated protein kinase 1	15853.8	34196.9	34241.2	15035.1	49040	16646	47012.8	13054.8	31533.4	14285.2
Q3UHK6	TEN4_MOUSE	Tenm4	Teneurin-4	11814.2		14474.4	22154.8	19056.9	17726.4	18351.9	13979.7	12170.4	9759
Q3UHK8	TNR6A_MOUSE	Tnrc6a	Trinucleotide repeat-containing gene 6A protein	4704.85									
Q3UHL1	CAMKV_MOUSE	Camkv	CaM kinase-like vesicle-associated protein	51731.8	51882.9	56325.7	53151.6	55263	53435.3	56511.5	56213.5	54197.3	52839.4
Q3UHN9	NDST1_MOUSE	Ndst1	Bifunctional heparan sulfate N-deacetylase/N-sulfotransferase 1				70244.9						
Q3UIL6	PKHA7_MOUSE	Plekha7	Pleckstrin homology domain-containing family A member 7	7741.47	11050.2	10393.2	10346.6	8111.7	9339.51	8578.96	9158.65	9954.09	10496.3
Q3UIU2	NDUB6_MOUSE	Ndufb6	NADH dehydrogenase [ubiquinone] 1 beta subcomplex subunit 6	4431.34	7889.41	4876.79	4803.8	7625.65		4807.67	4499.74	6697.04	5654.9
Q3UIX4	Q3UIX4_MOUSE	Srsf11	Serine and arginine-rich splicing factor 11	1719.65		1841.04							
Q3UJB0	SF3B2_MOUSE	Sf3b2	Splicing factor 3B subunit 2	3132.65	12941.4	7211.3	7918.01	10656.2	6305.53	5934.69	2643.67	4528.35	3927.99
Q3UJB9	EDC4_MOUSE	Edc4	Enhancer of mRNA-decapping protein 4	11654.2		4196.83	4528.56	5865.69	5357.14	4522.73	4104.08	4439.46	4307.78
Q3UJK4	GTPB2_MOUSE	Gtpbp2	GTP-binding protein 2	4409.9									
Q3UJU9	RMD3_MOUSE	Rmdn3	Regulator of microtubule dynamics protein 3	2837.55		8101.64	13818.8		11961			6744.9	
Q3UKC1	TAXB1_MOUSE	Tax1bp1	Tax1-binding protein 1 homolog	7368.01		10698.4					8685.01		
Q3UKJ7	SMU1_MOUSE	Smu1	WD40 repeat-containing protein SMU1	3673.94	13325.9	15444.2	8312.46	19246.2	9764.3	5978.69	5042.93	7406.89	5419.23
Q3UL36	ARGL1_MOUSE	Arglu1	Arginine and glutamate-rich protein 1	1587.02		1798.77		3508.01	2451.68			1359.75	
Q3ULA2	FBW1A_MOUSE	Btrc	F-box/WD repeat-containing protein 1A	6592.91							8527.9		
Q3ULB5	PAK6_MOUSE	Pak6	Serine/threonine-protein kinase PAK 6	1740.9		2318.14		1781.99			1814.25	1778.4	1283.52
Q3ULJ0	GPD1L_MOUSE	Gpd1l	Glycerol-3-phosphate dehydrogenase 1-like protein	10622.6									
Q3ULL6	Q3ULL6_MOUSE	Upf3b	UPF3 regulator of nonsense transcripts homolog B (yeast)	2074.45				4022.98			2879.53	2338.1	2699.96
Q3UM18	LSG1_MOUSE	Lsg1	Large subunit GTPase 1 homolog	533.155					1428.57				
Q3UM45	PP1R7_MOUSE	Ppp1r7	Protein phosphatase 1 regulatory subunit 7	619.665	4382.51								
Q3UMB9	WASC4_MOUSE	Washc4	WASH complex subunit 4	2350.99					2687.5		2186.47	2630.02	
Q3UMG5	LRCH2_MOUSE	Lrch2	Leucine-rich repeat and calponin homology domain-containing protein 2	7007.98	5328.09	6860.74	9979.58	9673.59	8685.5	8842.72	8944.99	9898.39	11637.4
Q3UMM4	CDK10_MOUSE	Cdk10	Cyclin-dependent kinase 10								6034.02		
Q3UMR5	MCU_MOUSE	Mcu	Calcium uniporter protein, mitochondrial	3933.93	12886.7	5392.71	4285.55	5519.47	6065.7	6068.78	4350.85	4241.37	3762.87
Q3UMT1	PP12C_MOUSE	Ppp1r12c	Protein phosphatase 1 regulatory subunit 12C	6441.79	17080	11526		12469.1	8820.75	11541.3	16446.1	6984.69	
Q3UMY5	EMAL4_MOUSE	Eml4	Echinoderm microtubule-associated protein-like 4	9209.87			21610.3		17167.5	11838.5	20761.8	12633.1	14562.3
Q3UN04	UBP30_MOUSE	Usp30	Ubiquitin carboxyl-terminal hydrolase 30	871.132				2926.05					
Q3UN16	GP162_MOUSE	Gpr162	Probable G-protein coupled receptor 162	3121.91		3651.71			2455.69		3132.63	1983.41	
Q3UNH4	GRIN1_MOUSE	Gprin1	G protein-regulated inducer of neurite outgrowth 1	178497	139152	181740	165462	165801	164250	175148	195236	204488	199742
Q3UPF5	ZCCHV_MOUSE	Zc3hav1	Zinc finger CCCH-type antiviral protein 1	401.832									
Q3UPH7	ARH40_MOUSE	Arhgef40	Rho guanine nucleotide exchange factor 40	1493.08		1641.6	2684.7		2709.92	2080.59	2245.63	2957.4	
Q3UPP8	CEP63_MOUSE	Cep63	Centrosomal protein of 63 kDa					17992.5	37225.1	10604	5633.5		19045.7
Q3UQ44	IQGA2_MOUSE	Iqgap2	Ras GTPase-activating-like protein IQGAP2	7165.19									
Q3UQ84	SYTM_MOUSE	Tars2	Threonine--tRNA ligase, mitochondrial	2076.91		5066.01							
Q3UQN2	FCHO2_MOUSE	Fcho2	F-BAR domain only protein 2	1506.24		1977.51	1704.78	1642.41	1482.69	1401.92	1854.43	1685.17	1602.3
Q3URD3	SLMAP_MOUSE	Slmap	Sarcolemmal membrane-associated protein	2171.14		1732.27	5060.65	5080.28	7426.19	4774.53	4362.58	3119.84	4703.36
Q3URF8	KCD21_MOUSE	Kctd21	BTB/POZ domain-containing protein KCTD21	1097.12			1169.05						
Q3USB7	PLCL1_MOUSE	Plcl1	Inactive phospholipase C-like protein 1	2291.36		2457.25							
Q3USH1	INSY2_MOUSE	Insyn2a	Inhibitory synaptic factor 2A	1466.41					5909.78			2267.19	
Q3USZ8	DIK2A_MOUSE	Dipk2a	Divergent protein kinase domain 2A	841.161									
Q3UTH8	ARHG9_MOUSE	Arhgef9	Rho guanine nucleotide exchange factor 9	1708.59		1168.09		1928.67	1664.64			1662.29	
Q3UTJ2	SRBS2_MOUSE	Sorbs2	Sorbin and SH3 domain-containing protein 2	60892.7	47790.7	61603	57235.8	59478.9	59880.9	60452.9	66359.1	67093.7	61915.3
Q3UTQ8	CDKL5_MOUSE	Cdkl5	Cyclin-dependent kinase-like 5	30224.1	26839.5	29063.3	27681	27516.5	28270.7	29263.2	29035.5	29990.7	28340.5
Q3UTZ3	TPC14_MOUSE	Trappc14	Trafficking protein particle complex subunit 14	5146.52		4620.58	5263.52	6842.91	7205.01	5377.82	4456.08	4752.88	5202.26
Q3UU96	MRCKA_MOUSE	Cdc42bpa	Serine/threonine-protein kinase MRCK alpha	15583.4	21374.9	16844.4	18686.2	17336	18592	16577.9	16541.8	17864.6	18164.6
Q3UUF8	AN34B_MOUSE	Ankrd34b	Ankyrin repeat domain-containing protein 34B	1040.8									
Q3UUG6	TBC24_MOUSE	Tbc1d24	TBC1 domain family member 24	28315.7	59928.2	34564.9	42949.2	31436.2	55402.5	27862.1	31162.5	25679	33077.3
Q3UUQ7	PGAP1_MOUSE	Pgap1	GPI inositol-deacylase	1281.06		1089.56	1714.14	1745.17	2721.07	2052.73	1785.32	1674.93	1672.17
Q3UV17	K22O_MOUSE	Krt76	Keratin, type II cytoskeletal 2 oral	36184.1	2.84638e+06	142474	580159	175841	409305	1.1673e+06	457899	381078	379434
Q3UV70	PDP1_MOUSE	Pdp1	[Pyruvate dehydrogenase [acetyl-transferring]]-phosphatase 1, mitochondrial	4810.51								4234.28	
Q3UVC0	KSR2_MOUSE	Ksr2	Kinase suppressor of Ras 2	2821.35		2935.99		2551.73				4790.08	8917.68
Q3UVL4	VPS51_MOUSE	Vps51	Vacuolar protein sorting-associated protein 51 homolog	795.283		1302.95	788.101	1712.81	863.743	1041.45	913.127	1029.2	954.878
Q3UVR3	TTBK2_MOUSE	Ttbk2	Tau-tubulin kinase 2	11646.2									
Q3UVX5	GRM5_MOUSE	Grm5	Metabotropic glutamate receptor 5	42877.7	39353.3	39310.8	39416.8	39676.5	42081.4	39793.3	43236.6	42920.6	40406.2
Q3UWE6	Q3UWE6_MOUSE	Wdr20	WD repeat domain 20	4403.89		5518.33	5341.43		5776.89	6034.92	3320.08	4647.15	3242.08
Q3UX10	TBAL3_MOUSE	Tubal3	Tubulin alpha chain-like 3	12671.1	14700.2	10016.3	10973.7	7756.91	14098.7	9990.19	12746	7984.05	8418.17
Q3UX62	ODAD1_MOUSE	Odad1	Outer dynein arm-docking complex subunit 1	383.813									
Q3UXZ6	FA81A_MOUSE	Fam81a	Protein FAM81A	27563.9	25116.5	29244.8	30695	22917.2	24415.1	27592	26293.8	32882.6	31240.7
Q3UYH7	ARBK2_MOUSE	Grk3	G protein-coupled receptor kinase 3	305.996			805.156	628.964	540.282	1630.58			454.599
Q3UYV9	NCBP1_MOUSE	Ncbp1	Nuclear cap-binding protein subunit 1	2215.2		4287.85		6366.5	5652.44	5167.94	3817.21	3772.63	
Q3UZ39	LRRF1_MOUSE	Lrrfip1	Leucine-rich repeat flightless-interacting protein 1	6767.38	10051.7	7788.34	10201.1	6329.91	8788.15	9009.11	9100.14	8308.64	7735.57
Q3V0I2	PRR7_MOUSE	Prr7	Proline-rich protein 7	20724.7	18807.7	17252.7	17880.4	15481.6	15127.1	16569	18585.4	19204.9	11747.6
Q3V0J1	TM237_MOUSE	Tmem237	Transmembrane protein 237	274.064						1170.99	1285.8	1487.7	800.849
Q3V118	Q3V118_MOUSE	Ccdc185	Coiled-coil domain containing 185			69783.7		118608	2199.64	117259	1752.14	58934.8	2604.49
Q3V1N5	Q3V1N5_MOUSE	Heca	Hdc homolog, cell cycle regulator	771.867									
Q3V1U8	ELMD1_MOUSE	Elmod1	ELMO domain-containing protein 1	923.76		1022.96		2435.26		1678.42	1247.01	1061.07	1204.58
Q3V3Q7	PACS2_MOUSE	Pacs2	Phosphofurin acidic cluster sorting protein 2	1796.52		1974.04	1206.73	2530.88	1784.72		1606.02	2470.28	1612.94
Q3V3V9	CARL2_MOUSE	Carmil2	Capping protein, Arp2/3 and myosin-I linker protein 2	262.737		739.275							
Q497I4	KRT35_MOUSE	Krt35	Keratin, type I cuticular Ha5		13797.6								
Q499E5	STOX2_MOUSE	Stox2	Storkhead-box protein 2	9814.4		9089.42	11147.8	10699.8	12251.8	10488.3	10271.4	8270.52	12750.3
Q4ACU6	SHAN3_MOUSE	Shank3	SH3 and multiple ankyrin repeat domains protein 3	123696	86356.5	112799	107277	100303	102390	108440	115782	120548	109884
Q4FK66	PR38A_MOUSE	Prpf38a	Pre-mRNA-splicing factor 38A	8357.17		17567.3		26037.8					
Q4KMM3	OXR1_MOUSE	Oxr1	Oxidation resistance protein 1	530.762		2829.08					2968.32	2504.08	2341.94
Q4KUS2	UN13A_MOUSE	Unc13a	Protein unc-13 homolog A	67224.1	47686.3	55657.7	55771.1	52181.1	54290.9	49970.2	52969.5	50314.9	50809.8
Q4LFA9	SEM3G_MOUSE	Sema3g	Semaphorin-3G			15777.4						19625.3	
Q4QQM5	MIGA1_MOUSE	Miga1	Mitoguardin 1	28196.6									
Q4U2R1	HERC2_MOUSE	Herc2	E3 ubiquitin-protein ligase HERC2	11189.7		9960.58	11551.1	10779.5	9171.34	11563.4	9851.1	9706.77	10387.7
Q4VA53	PDS5B_MOUSE	Pds5b	Sister chromatid cohesion protein PDS5 homolog B	6023.17	5811.29	6019.63	7586.47		5278.71	6909.78	5966.82	8110.73	5355.28
Q4VAA7	SNX33_MOUSE	Snx33	Sorting nexin-33	589.27								557.18	
Q4VAC9	PKHG3_MOUSE	Plekhg3	Pleckstrin homology domain-containing family G member 3	429.258							1292.57		
Q4VBD2	TAPT1_MOUSE	Tapt1	Transmembrane anterior posterior transformation protein 1	1434.63			5459.87						
Q4VBE8	WDR18_MOUSE	Wdr18	WD repeat-containing protein 18	2546.94									
Q4VGL6	RC3H1_MOUSE	Rc3h1	Roquin-1	2613.1									
Q501J6	DDX17_MOUSE	Ddx17	Probable ATP-dependent RNA helicase DDX17	5870.51	9019.3	6858.81	8195.37	12038.3	9257.62	6647.59	6810.29	4067.54	
Q505D1	ANR28_MOUSE	Ankrd28	Serine/threonine-protein phosphatase 6 regulatory ankyrin repeat subunit A	2976.14		3094.17	4297.56	5488.89	2694.33	3127.07	4031.75	2776.57	2773.03
Q505F5	LRC47_MOUSE	Lrrc47	Leucine-rich repeat-containing protein 47	1528.59		2953.11						3119.08	
Q50H33	KCTD8_MOUSE	Kctd8	BTB/POZ domain-containing protein KCTD8	27126.2		30105.8	32625	28743.7	33347.8	32709.4	33269.3	36804.4	30147.2
Q50L42	PA24E_MOUSE	Pla2g4e	Cytosolic phospholipase A2 epsilon	569.046									
Q52KF3	SPIR1_MOUSE	Spire1	Protein spire homolog 1	16218.1	19930.6	20373	18211.6	22025	19861.3	20312	19679.3	19990.7	20848.8
Q52KI8	SRRM1_MOUSE	Srrm1	Serine/arginine repetitive matrix protein 1	1688.36		2179.22		3291.22	2536.77			2011.62	
Q52KR3	PRUN2_MOUSE	Prune2	Protein prune homolog 2	3188.04									
Q569Z6	TR150_MOUSE	Thrap3	Thyroid hormone receptor-associated protein 3	11737.6		5615.95	5831.24	6630.03	4238.07	2613.53	3231.23	4030.66	3005.6
Q571I4	PRAG1_MOUSE	Prag1	Inactive tyrosine-protein kinase PRAG1	2524.72		9846.13	8251.55	12102		12881.2		12376.1	
Q58A65	JIP4_MOUSE	Spag9	C-Jun-amino-terminal kinase-interacting protein 4	570.28		477.814	522.855				652.291	627.44	
Q5BLK4	TUT7_MOUSE	Tut7	Terminal uridylyltransferase 7	648.127			1134.78			1226.03	1175.91	1164.81	921.292
Q5DQR4	STB5L_MOUSE	Stxbp5l	Syntaxin-binding protein 5-like	3295.68									
Q5DTL9	S4A10_MOUSE	Slc4a10	Sodium-driven chloride bicarbonate exchanger	3698.86	10421.5	5145.16	5159.13	5465.02	4436.62	4877.81	4594.31	4498.39	4473
Q5DTN8	JKIP3_MOUSE	Jakmip3	Janus kinase and microtubule-interacting protein 3	8584.36		10077.5	13507.6		11914.3	12600.2	9152.1	6724.42	7138.8
Q5DTT2	PSD1_MOUSE	Psd	PH and SEC7 domain-containing protein 1	81803.6	58616.7	75705.3	80663.2	75432.7	73318.8	88734	83098.5	85855.7	87724
Q5DTX6	JCAD_MOUSE	Jcad	Junctional cadherin 5-associated protein	5792.97	22415.3	7982.3	6579.41	6699.98	6982.46	5516.08	7177.05	6969.04	6742.81
Q5DTY9	KCD16_MOUSE	Kctd16	BTB/POZ domain-containing protein KCTD16	82253.8	60295	73906.4	72779	67851.2	68076	65765.1	74807.6	74696.3	68871.2
Q5DU25	IQEC2_MOUSE	Iqsec2	IQ motif and SEC7 domain-containing protein 2	164969	122800	160056	153066	143510	142037	155014	158758	170664	169550
Q5EBH1	RASF5_MOUSE	Rassf5	Ras association domain-containing protein 5	856.05		907.042						1260.66	
Q5EG47	AAPK1_MOUSE	Prkaa1	5'-AMP-activated protein kinase catalytic subunit alpha-1	1769.59		1352.48	3451.64			2078.3		1263.56	
Q5F201	CFA52_MOUSE	Cfap52	Cilia- and flagella-associated protein 52	707.234									
Q5F2E7	NUFP2_MOUSE	Nufip2	FMR1-interacting protein NUFIP2	4346.14		2847.13	3658.64		2491.53		1720.24		2369.83
Q5F2E8	TAOK1_MOUSE	Taok1	Serine/threonine-protein kinase TAO1	9595.8	26389.2	9240.49	12260.1	12568.7	10694.6	11593.3	9330.38	9277.95	10929.7
Q5F4S8	Q5F4S8_MOUSE	Trpm3	Transient receptor potential cation channel, subfamily M, member 3	2456.46							2615.81	3377.09	3968.59
Q5FW52	MLIP_MOUSE	Mlip	Muscular LMNA-interacting protein	18311.3	19504.5	20437.3	20987.5	20759.4	20059.8	22609.3	23470.6	22961.6	21516.1
Q5FWK3	RHG01_MOUSE	Arhgap1	Rho GTPase-activating protein 1	247.317									
Q5GH67	XKR4_MOUSE	Xkr4	XK-related protein 4	236926	200210	170434	197189	169459	178896	183759	168432	159219	155797
Q5HZI2	C2C4C_MOUSE	C2cd4c	C2 calcium-dependent domain-containing protein 4C	2430.44		2853.44	5462.85		5150.25	3750.17	3347.71	3069.35	5120.24
Q5HZI9	S2551_MOUSE	Slc25a51	Mitochondrial nicotinamide adenine dinucleotide transporter SLC25A51	3645.92	3793.31	3051.58	3378.18	4760.56	3662.54	3713.82	2598.76	3123.33	4078.09
Q5KU39	VPS41_MOUSE	Vps41	Vacuolar protein sorting-associated protein 41 homolog	519.078					2395.95		774.748		
Q5M8M2	CMA1B_MOUSE	Cimap1b	Ciliary microtubule associated protein 1B	5059.69		3722.28	6165.23	4096.91	4611.2		3927.98	4586.49	
Q5NCF2	TPPC1_MOUSE	Trappc1	Trafficking protein particle complex subunit 1	7218.97		6441.22	6407.11	6415.91	6818.97	5931.9	6158.94	6990.21	5992.01
Q5NCX5	NEUL4_MOUSE	Neurl4	Neuralized-like protein 4	8774.63		10005.4	16135.5	7394.07	13210.9	11948.6	5338.58	7557.81	10649
Q5ND34	WDR81_MOUSE	Wdr81	WD repeat-containing protein 81	15321.9									
Q5ND52	MRM3_MOUSE	Mrm3	rRNA methyltransferase 3, mitochondrial	1873.25		1092.76		3199.74			1477.74	2753.36	1929.91
Q5PR69	CRACD_MOUSE	Cracd	Capping protein-inhibiting regulator of actin dynamics	9946.46	16223.9	11275.4	12828.2	11987.9	11339.5	12285.7	12445.5	11891.6	11659.8
Q5PR73	DIRA2_MOUSE	Diras2	GTP-binding protein Di-Ras2	4888.06	10291.7	5625.58	6394.25	5817.81	5304.12	4716.19	5342.98	4672.07	6031.82
Q5RJH3	CAD12_MOUSE	Cdh12	Cadherin-12	1767.04									
Q5RJH6	SMG7_MOUSE	Smg7	Nonsense-mediated mRNA decay factor SMG7	5573.29									
Q5RJI5	BRSK1_MOUSE	Brsk1	Serine/threonine-protein kinase BRSK1	13865.6	19466.7	14555	16662.9	13475.7	14053.8	15554	14431.7	13990.1	15412
Q5SNZ0	GRDN_MOUSE	Ccdc88a	Girdin	7363.53	12283.8	8695.65	11197.5	9672.79	10389.1	8770.5	8623.08	7953.1	8076.37
Q5SP85	CC85A_MOUSE	Ccdc85a	Coiled-coil domain-containing protein 85A	5934.2									
Q5SQM0	EMAL6_MOUSE	Eml6	Echinoderm microtubule-associated protein-like 6	8519.28	18757.9	8675.42	10008.3	8384.76	12389.7	7844.5	8792.39	7798.67	9697.17
Q5SQX6	CYFP2_MOUSE	Cyfip2	Cytoplasmic FMR1-interacting protein 2	45089.3	32710.7	39879.3	36355.7	36921.8	36367.2	35894.7	39428.6	36690.7	34953.9
Q5SRX1	TM1L2_MOUSE	Tom1l2	TOM1-like protein 2	18393.7	17347.8	19735.8	18944.1	20416	20637.2	18730.1	20479.7	24415	22921.6
Q5SRY7	FBW1B_MOUSE	Fbxw11	F-box/WD repeat-containing protein 11	2049.99		2908.69	2467.05	2646.31	2497.25	2920.22	2832.42	2266.44	3505.5
Q5SS00	ZDBF2_MOUSE	Zdbf2	DBF4-type zinc finger-containing protein 2 homolog	723.463									
Q5SSK3	TEFM_MOUSE	Tefm	Transcription elongation factor, mitochondrial	1734.87		1580.86				1768.67	1570.06	1276.33	
Q5SSL4	ABR_MOUSE	Abr	Active breakpoint cluster region-related protein	5498.88	10073.2	8959.24	8460.82	9634.18	9516.9	6454.95	6864.36	6070.69	4841.98
Q5SSM3	RHG44_MOUSE	Arhgap44	Rho GTPase-activating protein 44	4482.49							9356.6		
Q5SSZ5	TENS3_MOUSE	Tns3	Tensin-3	3877.37		2820.88	2909.97	5450.85		2703.93	3129.69	2770.77	3601.7
Q5SU73	COIL_MOUSE	Coil	Coilin	578.205		798.822	701.946	1499.64				536.012	
Q5SUA5	MYO1G_MOUSE	Myo1g	Unconventional myosin-Ig	3585.38		5261.28		16646.1		11016.9	8857.42	9414.11	9585.59
Q5SUF2	LC7L3_MOUSE	Luc7l3	Luc7-like protein 3	1196.22									
Q5SVL6	RPGP2_MOUSE	Rap1gap2	Rap1 GTPase-activating protein 2	3799.92			15549.8				15316	8406.82	
Q5SW75	SSH2_MOUSE	Ssh2	Protein phosphatase Slingshot homolog 2	3785.02		3326.44	4030.46	5856.93	4316.34	5267.67	4023.09	4330.01	4098.16
Q5SWP3	NACAD_MOUSE	Nacad	NAC-alpha domain-containing protein 1	1100.39		1969.64	1464.34	1933.82	1911.51		2817.56	1711.38	
Q5SWU9	ACACA_MOUSE	Acaca	Acetyl-CoA carboxylase 1	3376.62		3365.06	3995.57	4779.43	3232.33	3320.92	3825.86	3522	4752.35
Q5SXA9	KIBRA_MOUSE	Wwc1	Protein KIBRA	1247.23	5512.51	1702.41		1907.72	1933.25		1719.2	1821.69	2589.4
Q5SXY1	CYTSB_MOUSE	Specc1	Cytospin-B	30606.7	42697.2	33470.6	40121.9	37250.6	42066.4	33060.9	37479.4	35046	41041.4
Q5SYD0	MYO1D_MOUSE	Myo1d	Unconventional myosin-Id	31673.3	26338.8	30805.4	28343.1	32124.7	33157.5	25810.7	28804.3	33037.1	31954.9
Q5U3K5	RABL6_MOUSE	Rabl6	Rab-like protein 6	7792.35	105219	22000.4	30562.1	34400.6	24956	28012.7	20493.1	19693.4	23331.2
Q5U458	DJC11_MOUSE	Dnajc11	DnaJ homolog subfamily C member 11	5171.81		6088.93	5346.38	6729.16	5236.96	4725.75	5089.07	4730.14	5794.36
Q5U4C1	GASP1_MOUSE	Gprasp1	G-protein coupled receptor-associated sorting protein 1	11221.4		11141.1	15837.6	11367	10436.3	8472.81	7955.7	10875.1	12117.3
Q5U4C9	DYRK2_MOUSE	Dyrk2	Dual specificity tyrosine-phosphorylation-regulated kinase 2	4164.51									
Q5U4D9	THOC6_MOUSE	Thoc6	THO complex subunit 6 homolog	766.662		2267.75		4144.34		2009.99		878.309	
Q5U4F6	DC2I2_MOUSE	Dync2i2	Cytoplasmic dynein 2 intermediate chain 2		19832.9	2098.61	4777.65	5441.09	7502.13	6130.75		2891.35	5709.3
Q5XG73	ACBD5_MOUSE	Acbd5	Acyl-CoA-binding domain-containing protein 5	1416.24		2872.33					2164.1	3391.77	3637.84
Q5XJV6	LMTK3_MOUSE	Lmtk3	Serine/threonine-protein kinase LMTK3	32135.2	13525.8	13305.7	12079.2	13243.6	12381.3	14464.7	12736.1	13746.6	12844.7
Q5XJY4	PARL_MOUSE	Parl	Presenilin-associated rhomboid-like protein, mitochondrial	4134.56								4363.1	
Q5XJY5	COPD_MOUSE	Arcn1	Coatomer subunit delta	546.015		851.121	439.332	885.913	805.258		732.006	663.903	652.409
Q5Y5T5	ZDHC8_MOUSE	Zdhhc8	Palmitoyltransferase ZDHHC8	5436.93		4609.7	7360.37	6992.13	5936.41	6727.82	5946.72	6105.62	6622.68
Q60575	KIF1B_MOUSE	Kif1b	Kinesin-like protein KIF1B	675.679				807.465	1209.99		957.924	910.577	
Q60592	MAST2_MOUSE	Mast2	Microtubule-associated serine/threonine-protein kinase 2	2263.42									
Q60597	ODO1_MOUSE	Ogdh	2-oxoglutarate dehydrogenase complex component E1	21531.6	25453	21160.3	24161	26934.8	28941.1	22638.6	25180	21913.5	23850.4
Q60598	SRC8_MOUSE	Cttn	Src substrate cortactin	99541.7	67223.6	106324	93436.3	100736	94781.2	112804	111389	136148	118452
Q60603	KCNH1_MOUSE	Kcnh1	Potassium voltage-gated channel subfamily H member 1	1353.55							2464.47		
Q60605	MYL6_MOUSE	Myl6	Myosin light polypeptide 6	114530	91060.5	130034	124710	121707	125283	130976	123999	110752	137312
Q60610	TIAM1_MOUSE	Tiam1	Rho guanine nucleotide exchange factor TIAM1	1671.76		2276.93	2936.41	2303.32	1754.53	1765.6	1049.37	2108.99	2854.46
Q60625	ICAM5_MOUSE	Icam5	Intercellular adhesion molecule 5	4874.39	11045	4975	5795.84	5972.62	6122.21	6437.68	4789.39	5128.94	5225.09
Q60631	GRB2_MOUSE	Grb2	Growth factor receptor-bound protein 2	12446.9		13546.9	15526.4	15778.3	13913.9	14733.5	12100.9	13282.9	12216.4
Q60634	FLOT2_MOUSE	Flot2	Flotillin-2	81809.8	60736.9	70318.9	70287	66161.1	68076.9	71054	81816.9	80370.6	75985.3
Q60649	CLPB_MOUSE	Clpb	Mitochondrial disaggregase	2448.24		1850.51							
Q60668	HNRPD_MOUSE	Hnrnpd	Heterogeneous nuclear ribonucleoprotein D0	14541.1	27633.9	26558	23671.7	41606.5	19470.4	15681.7	8065.13	13338.9	9466.82
Q60692	PSB6_MOUSE	Psmb6	Proteasome subunit beta type-6	7068.85	12818.6	7216.2	8107.31	8194.54	8038.88	8458.44	7732.1	8062.76	8482.29
Q60700	M3K12_MOUSE	Map3k12	Mitogen-activated protein kinase kinase kinase 12	2823.54									
Q60714	S27A1_MOUSE	Slc27a1	Long-chain fatty acid transport protein 1	6910.02		7026.69	8013.13	7395.12	6860.05	9033.73		6750.69	
Q60722	ITF2_MOUSE	Tcf4	Transcription factor 4	725.568		1715.99							
Q60737	CSK21_MOUSE	Csnk2a1	Casein kinase II subunit alpha	169668	150611	220773	165590	257002	165673	234651	156172	200694	153477
Q60749	KHDR1_MOUSE	Khdrbs1	KH domain-containing, RNA-binding, signal transduction-associated protein 1	16204.7	43960.2	128993	32662.4	218549	30063.1	133711	15342	80550.4	16726.4
Q60759	GCDH_MOUSE	Gcdh	Glutaryl-CoA dehydrogenase, mitochondrial	2693.7		2711.26	2572.38	2579.14	2493.45	1598.11	3007.91	2244.14	2274.57
Q60770	STXB3_MOUSE	Stxbp3	Syntaxin-binding protein 3	2955.39									
Q60771	CLD11_MOUSE	Cldn11	Claudin-11	53503.2	43932.3	45354.9	33881.6	41953.3	53355.9	40083.4	39723.2	48528.6	49334.1
Q60780	GAS7_MOUSE	Gas7	Growth arrest-specific protein 7	2717.74									
Q60790	RASA3_MOUSE	Rasa3	Ras GTPase-activating protein 3	10955.3	11220.3	13863.4	16670.7	15948	18141.5	14950.4	13452	15184.7	14264.2
Q60803	TRAF3_MOUSE	Traf3	TNF receptor-associated factor 3	35978.2	36152.3	31675.9	31916.2	29800.3	27780.7	29765.3	29459.8	31779	33214.2
Q60809	CNOT7_MOUSE	Cnot7	CCR4-NOT transcription complex subunit 7	2470.05		3402.26	3806.51				1768.75	2487.81	1884.3
Q60841	RELN_MOUSE	Reln	Reelin	611.175			1807.75			1522.77	1531.23		1404.32
Q60864	STIP1_MOUSE	Stip1	Stress-induced-phosphoprotein 1	10563.5	21850.9	7805.12	11162.1	13413.9	12307.5	8625.76	9896.21	11465.8	10233
Q60865	CAPR1_MOUSE	Caprin1	Caprin-1	52663.1	25172.4	25513	42664.9	35384.3	44993.2	31531.8	39516.5	25441.6	41996
Q60875	ARHG2_MOUSE	Arhgef2	Rho guanine nucleotide exchange factor 2	34486.5	25402.4	27572.9	26749.2	31174.5	28285.5	28412.8	27391.9	25867	26637.8
Q60899	ELAV2_MOUSE	Elavl2	ELAV-like protein 2	13759.3		7105.03	6342.86	6308.92	5695.15	7907.3	5503.01	6032.66	6599.05
Q60900	ELAV3_MOUSE	Elavl3	ELAV-like protein 3	47679.8	22716.7	25030.2	21979	35556.8	21170.3	22712.9	15778.5	19197.7	17892.3
Q60902	EP15R_MOUSE	Eps15l1	Epidermal growth factor receptor substrate 15-like 1	52173.8	38122	36885.5	38598.2	38592.1	36353.7	36746.4	36338.4	34552.6	35111
Q60930	VDAC2_MOUSE	Vdac2	Voltage-dependent anion-selective channel protein 2	16532.2	31209.4	15269.8	15026.5	14980	17554.7	18158.7	18131.2	14239.8	14937.8
Q60931	VDAC3_MOUSE	Vdac3	Voltage-dependent anion-selective channel protein 3	14212.1	18677.2	13086.8	13092.4	13345.8	11927	13916.7	11484.5	12364.9	11091.2
Q60932	VDAC1_MOUSE	Vdac1	Voltage-dependent anion-selective channel protein 1	7026.51	29230	8024.95	7541.3	8796.42	11792	12445.1	10936	8615.18	9271.67
Q60972	RBBP4_MOUSE	Rbbp4	Histone-binding protein RBBP4	3724.55	15968	14372.3	11197.4	21189.7	9024.24	7014.92	4444.54	5589.87	4306.38
Q60994	ADIPO_MOUSE	Adipoq	Adiponectin				12258.7		11127.1		6793.47		9206.14
Q60996	2A5G_MOUSE	Ppp2r5c	Serine/threonine-protein phosphatase 2A 56 kDa regulatory subunit gamma isoform	20812.1	20216.1	13011.6	19052.9	14464.8	17559.3	15034.7	15651	14447.8	14428.6
Q61010	DTX1_MOUSE	Dtx1	E3 ubiquitin-protein ligase DTX1	990.769		1275.81			915.037			941.18	
Q61016	GBG7_MOUSE	Gng7	Guanine nucleotide-binding protein G(I)/G(S)/G(O) subunit gamma-7	340.695									
Q61036	PAK3_MOUSE	Pak3	Serine/threonine-protein kinase PAK 3	798.394		1644.15		3379.89	2477.8	2572	1743.17	2417.88	1245.42
Q61037	TSC2_MOUSE	Tsc2	Tuberin	1395.36		2640.27			3327.79	4795.57	2598	2730.88	
Q61056	TRPC1_MOUSE	Trpc1	Short transient receptor potential channel 1	16256.1									
Q61062	DVL3_MOUSE	Dvl3	Segment polarity protein dishevelled homolog DVL-3	1402.84		1344.37			1267.19				
Q61070	EI24_MOUSE	Ei24	Etoposide-induced protein 2.4	284.262				1473.13			793.363	675.047	
Q61081	CDC37_MOUSE	Cdc37	Hsp90 co-chaperone Cdc37	23268.8									
Q61097	KSR1_MOUSE	Ksr1	Kinase suppressor of Ras 1	7393.01	7705.67	5908.44	6482.09	7438.74	4729.2	7384.36	5748.73	5326.91	6519.61
Q61112	CAB45_MOUSE	Sdf4	45 kDa calcium-binding protein	1591.31						1202.82		724.481	
Q61120	SHC3_MOUSE	Shc3	SHC-transforming protein 3	660.951									
Q61136	PRP4B_MOUSE	Prpf4b	Serine/threonine-protein kinase PRP4 homolog	146.661									
Q61137	ASTN1_MOUSE	Astn1	Astrotactin-1	845.821	4045.63	1430.94					861.055	1118.63	901.064
Q61147	CERU_MOUSE	Cp	Ceruloplasmin	1783.49		3029.35	10373	4812.28	9291.27	6068.76	6333.9	2532.85	8225.62
Q61151	2A5E_MOUSE	Ppp2r5e	Serine/threonine-protein phosphatase 2A 56 kDa regulatory subunit epsilon isoform	13803.4	24050.4	14767.9	15182.6	12666.7	12968.2	14645.1	13126.6	13554	15161.2
Q61166	MARE1_MOUSE	Mapre1	Microtubule-associated protein RP/EB family member 1	18882.8	24415.3	21280.9	19010.6	22579.4	23723.7	22335	21745.8	20916.8	21843
Q61171	PRDX2_MOUSE	Prdx2	Peroxiredoxin-2	32158.1	39976.4	26499.3	25261.8	21690.2	23153.8	29086.3	25854.8	16727.8	20309.6
Q61176	ARGI1_MOUSE	Arg1	Arginase-1	303.849	10092.9	1208.97	4563.94		2792.13	12143.7	8033.29	1623.67	3528.11
Q61187	TS101_MOUSE	Tsg101	Tumor susceptibility gene 101 protein	1346.93									
Q61194	P3C2A_MOUSE	Pik3c2a	Phosphatidylinositol 4-phosphate 3-kinase C2 domain-containing subunit alpha	4605.54		4696.8		7390.83	5653.54	9937.36	4489.6	5873.63	7350.19
Q61199;Q61200	NXPH1_MOUSE;NXPH2_MOUSE	Nxph1;Nxph2	Neurexophilin-2	595.143									
Q61206	PA1B2_MOUSE	Pafah1b2	Platelet-activating factor acetylhydrolase IB subunit alpha2	1202.34	3385.19	1095.07	836.183		956.848	683.823	2203.48	786.176	
Q61214	DYR1A_MOUSE	Dyrk1a	Dual specificity tyrosine-phosphorylation-regulated kinase 1A	4490.54		6111.68	9471.11	8373.35	6003.35	4715.86	5823.71	4980.58	8513.28
Q61220	NELL2_MOUSE	Nell2	Protein kinase C-binding protein NELL2	470.651									
Q61233	PLSL_MOUSE	Lcp1	Plastin-2	117.513		234.753	487.752			906.16	700.507	239.498	
Q61234	SNTA1_MOUSE	Snta1	Alpha-1-syntrophin	1493.2		2219.02		3141.27	3048.69	2754.38	1905.67	2596.37	1663.12
Q61239	FNTA_MOUSE	Fnta	Protein farnesyltransferase/geranylgeranyltransferase type-1 subunit alpha	1058.57									
Q61271	ACV1B_MOUSE	Acvr1b	Activin receptor type-1B	374.475									
Q61282	PGCA_MOUSE	Acan	Aggrecan core protein	10883.2	12589.9	7017.2		8909.63	6904.34	8311.95	6101.97	6402.3	7189.54
Q61290	CAC1E_MOUSE	Cacna1e	Voltage-dependent R-type calcium channel subunit alpha-1E	9335.87	12659.7	8555.48	9783.6	9758.28	8771.6	9231.45	8552.86	7740.65	8130.48
Q61301	CTNA2_MOUSE	Ctnna2	Catenin alpha-2	118914	82049.7	103699	97088.2	89021.4	95183.7	90832.5	102628	99775	94570.2
Q61315	APC_MOUSE	Apc	Adenomatous polyposis coli protein	18852.2	20779.1	17490.6	18383.6	20024	17682.8	17737.9	18267.6	18101.2	18515.3
Q61316	HSP74_MOUSE	Hspa4	Heat shock 70 kDa protein 4	14916.6	27993.4	14203.3	13781.6	14099	14207.5	14891.5	14476.8	13831.4	12348
Q61330	CNTN2_MOUSE	Cntn2	Contactin-2	5036.96	10470.4	5652.15	6169.66	7455.21	6512.15	6672.11	5296.1	5784.74	5322.38
Q61361	PGCB_MOUSE	Bcan	Brevican core protein	55749.2	47596	57918.9	62544.5	49656.7	52585.2	49656.5	57002.7	64181.4	66185.2
Q61382	TRAF4_MOUSE	Traf4	TNF receptor-associated factor 4	4931.1		4793.49	6375.95		5107.96		3487.42	3370.53	5327.82
Q61410	KGP2_MOUSE	Prkg2	cGMP-dependent protein kinase 2	1733.68		1763.21			1912.56		2977.03	2164.85	3203.54
Q61414	K1C15_MOUSE	Krt15	Keratin, type I cytoskeletal 15								7388.07		
Q61418	CLCN4_MOUSE	Clcn4	H(+)/Cl(-) exchange transporter 4	630.63		1504.3	965.19	1515.49		1102.6	1137.27	576.414	
Q61423	KCNA4_MOUSE	Kcna4	Potassium voltage-gated channel subfamily A member 4	2332.72	5446.85	2969.23	5002.73		5237.11	3400.54	3268.13	2983.21	4091.48
Q61464	ZN638_MOUSE	Znf638	Zinc finger protein 638	2454.5		4454.14	5714.81	6317.79		3725.34		3349.16	
Q61466	SMRD1_MOUSE	Smarcd1	SWI/SNF-related matrix-associated actin-dependent regulator of chromatin subfamily D member 1	3535.38		6380.82		10962.3	8329.63				
Q61474	MSI1H_MOUSE	Msi1	RNA-binding protein Musashi homolog 1	2588.51									
Q61495;Q7TSF1	DSG1A_MOUSE;DSG1B_MOUSE	Dsg1a;Dsg1b	Desmoglein-1-alpha		15255.6	1025.49	3565.13	1701.52	3609.07	8835.37	4438	1661.32	3451.31
Q61503	5NTD_MOUSE	Nt5e	5'-nucleotidase	11904.4	11628.3	14080.9	14480.9	14686.4	13659.2	15483.9	12944	14580.1	13347.6
Q61510	TRI25_MOUSE	Trim25	E3 ubiquitin/ISG15 ligase TRIM25	1418.12		2315.04						1583.9	
Q61543	GSLG1_MOUSE	Glg1	Golgi apparatus protein 1	815.45						2560.92			
Q61545	EWS_MOUSE	Ewsr1	RNA-binding protein EWS	7555.03	22450.7	5594.15	5666.94	7399.78	5773.32	7313.91	5276.91	4104.17	4224.27
Q61548	AP180_MOUSE	Snap91	Clathrin coat assembly protein AP180	44237.6	39246.6	34357.7	36314.5	36114.4	32640.8	32445.7	32636.6	31155.8	30253.6
Q61550	RAD21_MOUSE	Rad21	Double-strand-break repair protein rad21 homolog			2653.82	1950.18	2890.45	1871.42	1920.99	789.654	891.506	
Q61553	FSCN1_MOUSE	Fscn1	Fascin	5485.37	11911.4	5556.64	6499.6	5609.86	7088.54	7865.44	6939.06	4680.19	5304.83
Q61584	FXR1_MOUSE	Fxr1	RNA-binding protein FXR1	214047	93809	97260.4	90215.2	102629	98769.6	98574.5	93296.3	90613.8	90162.5
Q61586	GPAT1_MOUSE	Gpam	Glycerol-3-phosphate acyltransferase 1, mitochondrial	1853.13		1760.7		2683.85	1261.64	1666.01	1792.37	1435.43	2297.04
Q61595	KTN1_MOUSE	Ktn1	Kinectin	21076.1	19425.1	13628.6	14741.2	19135.9	15397.2	16335.1	13508.1	11760	14028.4
Q61598	GDIB_MOUSE	Gdi2	Rab GDP dissociation inhibitor beta	1599.22	18836.8	2806.67					4696.55		
Q61625	GRID2_MOUSE	Grid2	Glutamate receptor ionotropic, delta-2	1316.79									
Q61626	GRIK5_MOUSE	Grik5	Glutamate receptor ionotropic, kainate 5	8265.74		14841.2					11679.5		
Q61646	HPT_MOUSE	Hp	Haptoglobin				149146		142206		100040		134068
Q61656	DDX5_MOUSE	Ddx5	Probable ATP-dependent RNA helicase DDX5	69407.3	66130.7	66428.8	58328.3	71671.5	55598.5	48534.8	39999.7	42546.3	39024.9
Q61686	CBX5_MOUSE	Cbx5	Chromobox protein homolog 5	3534.94	37423.6	15184	17604.9	20833.9	13333.2			13322.1	
Q61699	HS105_MOUSE	Hsph1	Heat shock protein 105 kDa	11627.2	14689.4	11415.1	10508.9	13381.5	13125	13218.5	11431.8	10377.3	10863.1
Q61701	ELAV4_MOUSE	Elavl4	ELAV-like protein 4	23356.7	10273.9	8730.64	7664.46	10329.3	7400.49	9035.82	6558.44	8700.3	6991.5
Q61702	ITIH1_MOUSE	Itih1	Inter-alpha-trypsin inhibitor heavy chain H1								6714		
Q61703	ITIH2_MOUSE	Itih2	Inter-alpha-trypsin inhibitor heavy chain H2	2081.14	37345.7	3078.24	36203.6	6083.17	34439.3	6593.39	26630.5	2736.76	27840.4
Q61704	ITIH3_MOUSE	Itih3	Inter-alpha-trypsin inhibitor heavy chain H3	2043.72			11863.4		14395.3		10584.9		17015.5
Q61730	IL1AP_MOUSE	Il1rap	Interleukin-1 receptor accessory protein	2410.78		2037.31	3246.15	4320.19	3160.59	2537.56	2796.73	2573.09	3531.82
Q61733	RT31_MOUSE	Mrps31	Small ribosomal subunit protein mS31	13881.3	19269	15414.7	11032.5	15223.5	13722.3	19500.9	17136.5	17942.1	14412.2
Q61735	CD47_MOUSE	Cd47	Leukocyte surface antigen CD47	3476.55		5142.21	4871.61	4850.36	4588.08	4930.49	4492.43	3815.75	5225.92
Q61743	KCJ11_MOUSE	Kcnj11	ATP-sensitive inward rectifier potassium channel 11	1748.89		1934.82	3699.59	1833.03	2802.9	1706.46	2619.71	1701.69	1847.97
Q61753	SERA_MOUSE	Phgdh	D-3-phosphoglycerate dehydrogenase	14065.7	20596.5	15006.8	14366	16467.9	16368.7	13849.5	13754.1	12011.7	14597.8
Q61768	KINH_MOUSE	Kif5b	Kinesin-1 heavy chain	16116.3	22428.7	14461.2	18547	18077.1	20951.8	18367.9	20334.5	15257.5	19362.1
Q61771	KIF3B_MOUSE	Kif3b	Kinesin-like protein KIF3B	2468.94									
Q61781	K1C14_MOUSE	Krt14	Keratin, type I cytoskeletal 14	2097.92	51214.7		11576.2		5318.96	31725.9	54687.8	8172.85	10094.7
Q61792	LASP1_MOUSE	Lasp1	LIM and SH3 domain protein 1	3933.21		4659.66	6192.65	3122.91	5102.6	5258.98	4498.06	4083	3957.37
Q61851;P16092;P21803;Q03142	FGFR1_MOUSE;FGFR2_MOUSE;FGFR3_MOUSE;FGFR4_MOUSE	Fgfr1;Fgfr2;Fgfr3;Fgfr4	Fibroblast growth factor receptor 1	4546.83				4299.73		6303.88			
Q61879	MYH10_MOUSE	Myh10	Myosin-10	256823	195229	282752	262739	260651	271349	284962	304644	318994	305155
Q61885	MOG_MOUSE	Mog	Myelin-oligodendrocyte glycoprotein	29374.5	30522.6	24724.7	23755.9	26940.5	26137.6	20650.4	23043.8	27054.9	25724
Q61923	KCNA6_MOUSE	Kcna6	Potassium voltage-gated channel subfamily A member 6	541.123									
Q61937	NPM_MOUSE	Npm1	Nucleophosmin	19152	26492.3	27018.3	24530.1	32390.7	22784.5	21720.5	19875.1	19899.4	20947.7
Q61990	PCBP2_MOUSE	Pcbp2	Poly(rC)-binding protein 2	10698.9	6100.62	6722.38	6377.99	8896.92	5397.01	7049.96	5706.07	4182.8	3757.69
Q62036	CP131_MOUSE	Cep131	Centrosomal protein of 131 kDa	2525.68		2580.61		3175.1	2882.21		1717.94		2851.48
Q62048	PEA15_MOUSE	Pea15	Astrocytic phosphoprotein PEA-15	1110.31									
Q62059	CSPG2_MOUSE	Vcan	Versican core protein	25433.4	23184.4	21036.5	22934	21016	19825.3	21423.9	21057.2	23317.2	23133
Q62073	M3K7_MOUSE	Map3k7	Mitogen-activated protein kinase kinase kinase 7			2391.93		4223.98		8749.07	5222.92		
Q62077	PLCG1_MOUSE	Plcg1	1-phosphatidylinositol 4,5-bisphosphate phosphodiesterase gamma-1	1448.88									
Q62092	NSG1_MOUSE	Nsg1	Neuronal vesicle trafficking-associated protein 1	1963.65					8046.95		4593.87	3315.54	
Q62093	SRSF2_MOUSE	Srsf2	Serine/arginine-rich splicing factor 2	11792.2	13193.5	11839.6	9815.18	12681.5	12084.8	7479.92	10728.6	10895.6	10312.8
Q62108	DLG4_MOUSE	Dlg4	Disks large homolog 4	451124	364506	514037	479086	443454	456770	506148	496880	520982	502288
Q62167	DDX3X_MOUSE	Ddx3x	ATP-dependent RNA helicase DDX3X	18331.8	20441.9	14697.7	14616.4	15401.1	15964.3	15218.7	15724	12909.1	14401.4
Q62172	RBP1_MOUSE	Ralbp1	RalA-binding protein 1	3366.04		3919.43		3306.34	1951.86	3992.83	2305.44	2536.67	1851.63
Q62188	DPYL3_MOUSE	Dpysl3	Dihydropyrimidinase-related protein 3	43533.7	69415.2	39771.8	49615.9	44801	57713.8	43938.3	49684.7	37354	47527.5
Q62261	SPTB2_MOUSE	Sptbn1	Spectrin beta chain, non-erythrocytic 1	613690	532231	758480	703394	677364	714909	734994	779907	809522	796905
Q62277	SYPH_MOUSE	Syp	Synaptophysin	26743.8	62242.9	26255.4	27454.1	29271.8	30533.3	28365.6	27265.8	23705.6	26380.9
Q62288	TICN1_MOUSE	Spock1	Testican-1	950.04		1054.65	1626.45	1634.49	1184.44	1455.32	757.401		
Q62318	TIF1B_MOUSE	Trim28	Transcription intermediary factor 1-beta	2173.03	6718.22	4982.45	4111.91	6285.1	3560	4161.24	2425.44	3061.83	2859.61
Q62351	TFR1_MOUSE	Tfrc	Transferrin receptor protein 1	318.608				383.128	351.456		411.249	348.271	
Q62376	RU17_MOUSE	Snrnp70	U1 small nuclear ribonucleoprotein 70 kDa	1255.6							1240.46	1684.45	
Q62383	SPT6H_MOUSE	Supt6h	Transcription elongation factor SPT6			2600.68	2785.9	2968.89				1329.55	
Q62393	TPD52_MOUSE	Tpd52	Tumor protein D52	764.763									
Q62394	ZN185_MOUSE	Znf185	Zinc finger protein 185	3274.78				8202.76				4643.66	2771.16
Q62407	SPEG_MOUSE	Speg	Striated muscle-specific serine/threonine-protein kinase	6398.18		7564.11	8160.95	9436.73	8985.29	8001.84	6909.51	7383.89	8151.68
Q62413	EPHA6_MOUSE	Epha6	Ephrin type-A receptor 6	4958.39									
Q62414	NDF2_MOUSE	Neurod2	Neurogenic differentiation factor 2	205.347		1065.68		754.8					
Q62415	ASPP1_MOUSE	Ppp1r13b	Apoptosis-stimulating of p53 protein 1	3595.29									
Q62417	SRBS1_MOUSE	Sorbs1	Sorbin and SH3 domain-containing protein 1	46417	38884	42373.9	41313.1	40746	40714.7	44239.2	44851.8	48518.8	45418.3
Q62418	DBNL_MOUSE	Dbnl	Drebrin-like protein	796.743		1282.2					1143.66		
Q62420	SH3G2_MOUSE	Sh3gl2	Endophilin-A1	2604.22	6863.75	2581.71	4376.56	4042.98	4794.02	3154.48	2878.09	2408.02	3822.53
Q62425	NDUA4_MOUSE	Ndufa4	Cytochrome c oxidase subunit NDUFA4	54458.8	135483	43046.9	49650.8	47143.4	47090	42445.1	28200.7	31759.4	33341.1
Q62432	SMAD2_MOUSE	Smad2	Mothers against decapentaplegic homolog 2	1599.6								3938.1	
Q62443	NPTX1_MOUSE	Nptx1	Neuronal pentraxin-1	5305.95		7838.98				5682.63			
Q62448	IF4G2_MOUSE	Eif4g2	Eukaryotic translation initiation factor 4 gamma 2	391.466							523.766		
Q62465	VAT1_MOUSE	Vat1	Synaptic vesicle membrane protein VAT-1 homolog	2011.58	9021.48	3605.64		5335.5	4181.03	4030.28	4367.44		3486.39
Q63810	CANB1_MOUSE	Ppp3r1	Calcineurin subunit B type 1	1535.37	12146.4	2649.48	2590	2961.39		3146.8	1983.31		
Q63829	COMD3_MOUSE	Commd3	COMM domain-containing protein 3	300.423									
Q63844	MK03_MOUSE	Mapk3	Mitogen-activated protein kinase 3	2979.24		3182.54	3553.01	4660.45	3841.84	4138.16	3197.94	3319.51	3600.7
Q63850	NUP62_MOUSE	Nup62	Nuclear pore glycoprotein p62			5344.9		10278.8				5408.26	
Q63912	OMGP_MOUSE	Omg	Oligodendrocyte-myelin glycoprotein	241704	182359	298546	294920	265792	267754	270347	277674	301530	296959
Q63959	KCNC3_MOUSE	Kcnc3	Potassium voltage-gated channel subfamily C member 3	1258.03									
Q64012	RALY_MOUSE	Raly	RNA-binding protein Raly	13852.2	30712.6	26093.9	23555.6	42480.4	19487.4	15423.3	12208.4	16315.4	19804.8
Q64092	TFE3_MOUSE	Tfe3	Transcription factor E3	3878		4902.08		7349.94	3388.16	5473.13	1549.04	3557.54	
Q641K1	CBPC1_MOUSE	Agtpbp1	Cytosolic carboxypeptidase 1	529.827						1064.48			
Q641K5	NUAK1_MOUSE	Nuak1	NUAK family SNF1-like kinase 1	2300.82							5684.07	4834.63	
Q641P0	ARP3B_MOUSE	Actr3b	Actin-related protein 3B	34739.4	26216.4	34035.8	30771	30395.8	28081.7	35147.3	37461.6	39318.4	36563.6
Q64291	K1C12_MOUSE	Krt12	Keratin, type I cytoskeletal 12	17704.9	232223	12676.9	24417.9	9472.36	27430.8	36262.9	48340.5	12309.8	24743.9
Q64310	SURF4_MOUSE	Surf4	Surfeit locus protein 4	2067.15							4703.92		
Q64331	MYO6_MOUSE	Myo6	Unconventional myosin-VI	77008.5	62041.6	83196.3	77093.5	80454.4	81916.6	85330.3	87185	93907.7	87353.1
Q64332	SYN2_MOUSE	Syn2	Synapsin-2	23588.6	31721.4	18395.3	22115.1	18696.3	23466.2	17121.5	19329.7	16038.6	17279.8
Q64337	SQSTM_MOUSE	Sqstm1	Sequestosome-1	4335.15	4289.54	5754.26	4291.4	5880.16	3940.85	5387.79	5280.75	4908.43	4031.12
Q64433	CH10_MOUSE	Hspe1	10 kDa heat shock protein, mitochondrial	1220.89	23643.7	5302.72		7706.26	13261.2	12906	9204.21		10523.3
Q64444	CAH4_MOUSE	Ca4	Carbonic anhydrase 4	18520.9	21542	18612.9	15769.5	19542.6	18043.7	19031	17140.6	18637	17467.8
Q64487	PTPRD_MOUSE	Ptprd	Receptor-type tyrosine-protein phosphatase delta	3700.94	13882.2	6350.97	5591.08	6431	8435.42	9985.79	6396.33	5984.18	
Q64511	TOP2B_MOUSE	Top2b	DNA topoisomerase 2-beta	7962.96	39132.6	29538	25932.1	44362	23944.1	17870.3	10395.2	15148.2	13358.1
Q64512	PTN13_MOUSE	Ptpn13	Tyrosine-protein phosphatase non-receptor type 13	2955.27									
Q64514	TPP2_MOUSE	Tpp2	Tripeptidyl-peptidase 2	20964.4	29900.9	21498.7	23858.1	21074.6	22291.3	22410.3	22457.2	22868.2	24052.1
Q64519	SDC3_MOUSE	Sdc3	Syndecan-3	15636.2	17830.8	17263.8	13495.5	18036.2	17099.6	15830.1	20925.7	16773.1	13570.3
Q64521	GPDM_MOUSE	Gpd2	Glycerol-3-phosphate dehydrogenase, mitochondrial	3607.32	8592.33	3704.26	5363.67	2962.43	6020.44	5105.29	4733.87	3686.99	3008.93
Q64522	H2A2B_MOUSE	H2ac21	Histone H2A type 2-B	1716.27		14304.9	7694.84	15022.9	6618.22	4237.77	3151.39	4009.71	4378.73
Q64523;Q6GSS7	H2A2A_MOUSE;H2A2C_MOUSE	H2ac20;Hist2h2aa2	Histone H2A type 2-C	385.982		1081.2		1702.61				808.209	1366.08
Q64674	SPEE_MOUSE	Srm	Spermidine synthase	347.02							814.327		
Q64676	CGT_MOUSE	Ugt8	2-hydroxyacylsphingosine 1-beta-galactosyltransferase	1861.19	9550.77	2983.29	4539.88	6266.05	6224.32	3697.57	4505.66	2847.39	3887.12
Q64689	SIA8C_MOUSE	St8sia3	Alpha-N-acetylneuraminate alpha-2,8-sialyltransferase ST8SIA3	741.202			1822.42	1758.4	951.172	1089.54		785.772	1782
Q64727	VINC_MOUSE	Vcl	Vinculin	8573.18	20124.2	10370.7	14801.1	11588.3	15317.7	15426.6	14930.6	11444.3	14466.3
Q66GT5	PTPM1_MOUSE	Ptpmt1	Phosphatidylglycerophosphatase and protein-tyrosine phosphatase 1	552.409	2919.57				982.6		837.851	773.129	
Q66JX5	CEP43_MOUSE	Cep43	Centrosomal protein 43	3165.62									
Q66T02	PKHG5_MOUSE	Plekhg5	Pleckstrin homology domain-containing family G member 5	2492.19	3907.36	3718.19	3689.92	3902.74	2696.07	4157.75	3458.53	3231.41	3276.36
Q68ED2	GRM7_MOUSE	Grm7	Metabotropic glutamate receptor 7	13053.9	17017.4	11892.2	12368.4	11192.6	13509.2	13003.1	12709	11544.1	11726.5
Q68ED7	CRTC1_MOUSE	Crtc1	CREB-regulated transcription coactivator 1	748.962		1850.09							
Q68EF0	RAB3I_MOUSE	Rab3ip	Rab-3A-interacting protein	1630.84									
Q68EF4	GRM4_MOUSE	Grm4	Metabotropic glutamate receptor 4	4148.79	10191.6	5165.91	8499.33	5882.79	5307.06	6497.16	6196.2	6214.04	6639.8
Q68EF6	BEGIN_MOUSE	Begain	Brain-enriched guanylate kinase-associated protein	75078.3	51884.2	65164.3	67044.7	59578.1	63033.4	67898.8	68038.2	70163.4	63888.6
Q68FD5	CLH1_MOUSE	Cltc	Clathrin heavy chain 1	249864	168263	210237	189213	190172	201349	189246	194137	196191	191224
Q68FD9	K1549_MOUSE	Kiaa1549	UPF0606 protein KIAA1549	115666	85535.5	97279.3	94880.6	93333.9	93893.6	90742.7	98476.4	98820.2	92149.1
Q68FE2	ATG9A_MOUSE	Atg9a	Autophagy-related protein 9A	1382.45						2286.67	1454.37	1373.54	
Q68FF0	SANBR_MOUSE	Sanbr	SANT and BTB domain regulator of class switch recombination	1256.05		892.271				1379.46	846.888		1155.34
Q68FF6	GIT1_MOUSE	Git1	ARF GTPase-activating protein GIT1	9428.35	16551.5	20712.9	13467.8	30198.3	13048.5	29285	11677.1	18731.7	12477.5
Q68FF7	SLAI1_MOUSE	Slain1	SLAIN motif-containing protein 1	1698.27				3037.7					
Q68FG2	Q68FG2_MOUSE	Sptbn2	Spectrin beta chain	212783	168259	241143	224873	219862	228404	257546	268064	286999	273361
Q68FH0	PKP4_MOUSE	Pkp4	Plakophilin-4	89294.7	61311.6	76704.5	79120.2	73256.5	75438.7	70311.5	78308.1	77418.2	75570.5
Q68FL4	SAHH3_MOUSE	Ahcyl2	Putative adenosylhomocysteinase 3	2227.29									
Q68FL6	SYMC_MOUSE	Mars1	Methionine--tRNA ligase, cytoplasmic	6794.84		6493.05		7527.32	6927.34	8631.42	7687.42	5690.71	4932.61
Q68FM6	PPR29_MOUSE	Elfn2	Protein phosphatase 1 regulatory subunit 29	50312	43034.4	45846.7	45879.3	41037.1	42738.3	46284	47469	43657.8	44391.7
Q68FM7	Q68FM7_MOUSE	Arhgef11	Rho guanine nucleotide exchange factor (GEF) 11	8608.32	86664.8	19085.2	17427.5	29466.6	17373.8	26540.9	11987.6	17874.9	10786.9
Q69Z26	CNTN4_MOUSE	Cntn4	Contactin-4	3502.34		4699.81		6357.27	5278.67	4493.19	4211.15	5921.07	4784.73
Q69Z38	PEAK1_MOUSE	Peak1	Inactive tyrosine-protein kinase PEAK1	16997.9	40520.8	17405.2	18917.1	17819.5	19050.9	16756.6	15665.6	16045.9	18943.8
Q69Z89	RADIL_MOUSE	Radil	Ras-associating and dilute domain-containing protein	8503.69		14306.2	15231.6	15919.3			13124.2	14358.8	16714.6
Q69Z98	BRSK2_MOUSE	Brsk2	Serine/threonine-protein kinase BRSK2	735.225									
Q69Z99	ZN512_MOUSE	Znf512	Zinc finger protein 512	1305.38		4614.81	5081.56	7864.51	4656.27	4514.43	2051.93	2814.02	2838.21
Q69ZB3	TSYL5_MOUSE	Tspyl5	Testis-specific Y-encoded-like protein 5	758.567								1342.41	
Q69ZH9	RHG23_MOUSE	Arhgap23	Rho GTPase-activating protein 23	17527.5	17717.9	17259.2	17224.2	18080	20352.8	16805.7	19272.9	17482.7	17647.9
Q69ZK9	NLGN2_MOUSE	Nlgn2	Neuroligin-2	7786.65	17081.1	10247.5	9959.22	10742.8	11708.1	11214.2	9261.76	8341.47	8916.77
Q69ZP3	PNKD_MOUSE	Pnkd	Probable hydrolase PNKD	10609		12277.1	14612.7	12635	12045.8	17309.2	10940.2	12701.1	14260.9
Q69ZU6	THS7A_MOUSE	Thsd7a	Thrombospondin type-1 domain-containing protein 7A	1940.92		2843.36		1649.87	3635.62	3373.73	1657.55	2271.16	2782.32
Q69ZX8	ABLM3_MOUSE	Ablim3	Actin-binding LIM protein 3	13831.7	16070.9	14135	14889.2	14870.8	14295.1	14548.8	15256.3	15247.3	16265.4
Q69ZZ6	TMCC1_MOUSE	Tmcc1	Transmembrane and coiled-coil domains protein 1	11037		14702.5	27215.8		15346.9		9483.43	11349.6	22947.4
Q6A065	CE170_MOUSE	Cep170	Centrosomal protein of 170 kDa	39903	22929.7	24885.6	24417.2	27839	25617.8	25636.3	23896.8	27404.6	25543.5
Q6A068	CDC5L_MOUSE	Cdc5l	Cell division cycle 5-like protein	1380.87	4478.74	3862.94	2830.23	5869.51	2536.09	2322.99	1498.61	2329.99	
Q6A098	SBP2L_MOUSE	Secisbp2l	Selenocysteine insertion sequence-binding protein 2-like	1842.4		1491.69							
Q6A0A2	LAR4B_MOUSE	Larp4b	La-related protein 4B	13005.6									
Q6A0A9	F120A_MOUSE	FAM120A	Constitutive coactivator of PPAR-gamma-like protein 1	22720.9	7793.4	5690.59	6965.12	8794.43	6982.28	6554.46	6170.26	6204.74	6211.78
Q6A0D4	RFTN1_MOUSE	Rftn1	Raftlin	1509.23		1416.67		2322.53	1869.11	1823.47	2458.93	1420.22	1822.3
Q6A4J8	UBP7_MOUSE	Usp7	Ubiquitin carboxyl-terminal hydrolase 7	12192.9		17769	17846	15154.6	15710	19304	16170.7	15874	15643.7
Q6AW69	CGNL1_MOUSE	Cgnl1	Cingulin-like protein 1	2820.94			5869.95						
Q6DFV3	RHG21_MOUSE	Arhgap21	Rho GTPase-activating protein 21	26039.8	27343.2	27714.7	28053.5	25927.2	28136.1	29400.3	30486.9	31679.7	29493.3
Q6DFW4	NOP58_MOUSE	Nop58	Nucleolar protein 58	9309.47	25810.5	17870.1	19246.1	26267.8	16676.7	15855.2	10375	12663.6	13081.4
Q6DFY8	BRNP2_MOUSE	Brinp2	BMP/retinoic acid-inducible neural-specific protein 2	628.2									
Q6DIC6	Q6DIC6_MOUSE	Tro	Tro protein	2207.43		3195.53					3226.09	2871.51	
Q6EDY6	CARL1_MOUSE	Carmil1	F-actin-uncapping protein LRRC16A	13203.4		16363.2	23698.9	18012.4	22501.7	15463.7	12323.5	11255.7	15309.6
Q6GQS1	SCMC3_MOUSE	Slc25a23	Mitochondrial adenyl nucleotide antiporter SLC25A23	5307.21	6621.29	4852.94	5737.34	5984.49	4902.19	4518	5732.19	4211.55	4895.19
Q6GQT1	A2MG_MOUSE	A2m	Alpha-2-macroglobulin-P			1959.51	80819.2		72951	2061.17	55337.1		66910.2
Q6GQT5	T151A_MOUSE	Tmem151a	Transmembrane protein 151A	425.723		1309.11							
Q6GQW0	ABTB3_MOUSE	Abtb3	Ankyrin repeat and BTB/POZ domain-containing protein 3	14863.5	18586.8	16045	14971	11849.4	10990.9	14179.2	12945.7	14014.4	16188.4
Q6GQX2	NCK5L_MOUSE	Nckap5l	Nck-associated protein 5-like	505.693		559.853							
Q6GU68	ISLR_MOUSE	Islr	Immunoglobulin superfamily containing leucine-rich repeat protein	2330.9				3541.95	4103.14		3501		
Q6GYP7	RGPA1_MOUSE	Ralgapa1	Ral GTPase-activating protein subunit alpha-1	3555.58		2919.32	3883.32	3270.11	4630.52	2848.03	3637.57	2856.84	4243.33
Q6I6G8	HECW2_MOUSE	Hecw2	E3 ubiquitin-protein ligase HECW2	1905.85		2761.07	3877.83	3187.16	3160.08	3754.37	2892.27	2748.35	3744.46
Q6IFT4	RHG20_MOUSE	Arhgap20	Rho GTPase-activating protein 20	4637.92									7373.59
Q6IFX2	K1C42_MOUSE	Krt42	Keratin, type I cytoskeletal 42	35078.9	509478	13704.1	67772.8	20513.3	46316.9	169535	237731	36804.6	60971.9
Q6IFZ6	K2C1B_MOUSE	Krt77	Keratin, type II cytoskeletal 1b		21006.9	3022.02	4647.2		4523.36	12891.5	3627.88	2834.59	
Q6IME9	K2C72_MOUSE	Krt72	Keratin, type II cytoskeletal 72		77222.1	3272.74	11733.5		9371.78	28751.2	17746.2	6992.13	9725.14
Q6IMP4	PANX2_MOUSE	Panx2	Pannexin-2	21584.7	18268.3	20722.6	22123.1	21496.5	21030.5	20510.4	22908.4	23564.9	22348.4
Q6IR34	GPSM1_MOUSE	Gpsm1	G-protein-signaling modulator 1	1526.85	5345.27	2296.54					1752.04		
Q6IRU2	TPM4_MOUSE	Tpm4	Tropomyosin alpha-4 chain	2926.3		3852.8	5230.6	5061.97	3733.32	4996.97	3877.21	4540.32	5529.77
Q6IRU5	CLCB_MOUSE	Cltb	Clathrin light chain B	38716	29654.1	34147.9	36270.3	33073.2	37081.4	28597	27905.5	27184.2	30080.1
Q6IRU7	CEP78_MOUSE	Cep78	Centrosomal protein of 78 kDa	4291.2									
Q6KAR6	EXOC3_MOUSE	Exoc3	Exocyst complex component 3	11841.5	14249.8	13531.2	13662.9	15209.6	15138.5	12569.9	12748	12388.3	14005.3
Q6KAU4	MB12B_MOUSE	Mvb12b	Multivesicular body subunit 12B	8616.98		16574.5							
Q6NS52	DGKB_MOUSE	Dgkb	Diacylglycerol kinase beta	18388.5	25040.7	14237.3	16864.3	15973.7	19702.8	19754.5	17088	16766.3	17444.6
Q6NS60	FBX41_MOUSE	Fbxo41	F-box only protein 41	84052.3	50000.3	57455.4	56356.3	50324.9	54360	55366	57287.9	58480	56446.9
Q6NS69	AMER3_MOUSE	Amer3	APC membrane recruitment protein 3	324.733									
Q6NSW3	SPKAP_MOUSE	Sphkap	A-kinase anchor protein SPHKAP	21156.4	13000.6	9925.46	8975.94	11106.4	9565.06	10636.7	7107.12	8816.96	7738.38
Q6NV83	SR140_MOUSE	U2surp	U2 snRNP-associated SURP motif-containing protein	6082.7		8581.05	15704.6	16634.8			7021.98		
Q6NVF9	CPSF6_MOUSE	Cpsf6	Cleavage and polyadenylation specificity factor subunit 6	2344.06	47249	6143.4	12277.7	11729.5	9808.61	8128.66	6377.69	5174.98	7855.25
Q6NXH9	K2C73_MOUSE	Krt73	Keratin, type II cytoskeletal 73	44603		248592	817526	321215	700201	1.74923e+06	735721	568564	558123
Q6NXK7	DPP10_MOUSE	Dpp10	Inactive dipeptidyl peptidase 10	502.128		1234.79	1204.84	1230.39			1051.04		1485.9
Q6NZJ6	IF4G1_MOUSE	Eif4g1	Eukaryotic translation initiation factor 4 gamma 1	81893.7		69055.4	97032.8	68737	71477.6	70552.8	87405.4	65174.5	67505.4
Q6NZK8	PTPC1_MOUSE	Ptpdc1	Protein tyrosine phosphatase domain-containing protein 1	2045.5		4026.28			7718.13				
Q6NZL0	MTCL3_MOUSE	Mtcl3	Microtubule cross-linking factor 3	13525.7	18799.3	12235.1	12340.1	13253.1	14308.4	12432.8	13214.3	12077.8	12303.6
Q6P1D5	SE6L1_MOUSE	Sez6l	Seizure 6-like protein	498.32									
Q6P1F6	2ABA_MOUSE	Ppp2r2a	Serine/threonine-protein phosphatase 2A 55 kDa regulatory subunit B alpha isoform	11075.1	13705.7	9784.1	12245	11447.3	12406.5	13267.2	12834.4	8549.91	11456.8
Q6P3A4	VSIG8_MOUSE	Vsig8	V-set and immunoglobulin domain-containing protein 8		1.70106e+06								
Q6P3B9	RBFA_MOUSE	Rbfa	Putative ribosome-binding factor A, mitochondrial	924.427							2140.01		
Q6P4S6	SIK3_MOUSE	Sik3	Serine/threonine-protein kinase SIK3	4175.29									
Q6P4T2	U520_MOUSE	Snrnp200	U5 small nuclear ribonucleoprotein 200 kDa helicase	5838.56	28323.5	15485.4	13941.3	23058.1	13889.9	11667.3	7287.36	9298.72	9224.76
Q6P542	ABCF1_MOUSE	Abcf1	ATP-binding cassette sub-family F member 1	2853.94	21847.2	4770.27	6061.31	6579.78	4956.72	6555.76	4712.73	4206.33	4837.91
Q6P549	SHIP2_MOUSE	Inppl1	Phosphatidylinositol 3,4,5-trisphosphate 5-phosphatase 2	507.252			1065.3						
Q6P5B0	RRP12_MOUSE	Rrp12	RRP12-like protein	1905.72									
Q6P5D3	DHX57_MOUSE	Dhx57	Putative ATP-dependent RNA helicase DHX57	2690.15		2148.87	3019.12		2459.78	3627.39	3883.1	2250.36	4076.68
Q6P5D4	CP135_MOUSE	Cep135	Centrosomal protein of 135 kDa	454.908		829.044						1001.33	
Q6P5E4	UGGG1_MOUSE	Uggt1	UDP-glucose:glycoprotein glucosyltransferase 1	470.715		716.45							
Q6P5F6	S39AA_MOUSE	Slc39a10	Zinc transporter ZIP10	1167.52		1896.67	1364.05	1504.47	1959.81		1930.65		2119.15
Q6P5F9	XPO1_MOUSE	Xpo1	Exportin-1	2253							3507.92		
Q6P5H6	FRMD5_MOUSE	Frmd5	FERM domain-containing protein 5	5593.65									
Q6P5U7	NWD2_MOUSE	Nwd2	NACHT and WD repeat domain-containing protein 2	7012.85	8846.59	6602.5	7239.63	6685.04	5792.3	5171.24	4970.05	4808.99	4787.47
Q6P6L6	Q6P6L6_MOUSE	Gemin4	Gem (Nuclear organelle) associated protein 4	4324.07									
Q6P6N5	SPRE3_MOUSE	Spred3	Sprouty-related, EVH1 domain-containing protein 3	250.285							467.287		
Q6P8X1	SNX6_MOUSE	Snx6	Sorting nexin-6	1117.75							4227.33		
Q6P9K8	CSKI1_MOUSE	Caskin1	Caskin-1	17158.3	20708.9	17329.3	19144.2	18991.4	18210.5	19335.5	18667.7	18585.8	17356.2
Q6P9K9	NRX3A_MOUSE	Nrxn3	Neurexin-3	25486.4	29206.8	28472.9	27737.8	27803.4	29762.7	30047.5	30611.8	28603.9	27397.3
Q6P9N1	HYCCI_MOUSE	Hycc1	Hyccin	7959.8	16400	10203.7	8325.27	7935.07	10189.1	9201.36	7340.02	8193.2	9553.76
Q6P9Q6	FKB15_MOUSE	Fkbp15	FK506-binding protein 15	6471.49		6356.79	6646.99	6578.28	6900.64	5558.95	6068.15	6513.58	5834.04
Q6PAJ1	BCR_MOUSE	Bcr	Breakpoint cluster region protein	3309.32	16634.3	5256.71	6069.9	6693.96	6305.66	6408.47	5705.68	4422.99	6147.69
Q6PAK3	ANM8_MOUSE	Prmt8	Protein arginine N-methyltransferase 8	71074.8	50639.2	75915.1	66329	66283.5	66418.4	69948.7	71621.7	78651.7	71218.3
Q6PAM0	AAKB2_MOUSE	Prkab2	5'-AMP-activated protein kinase subunit beta-2	1395.75					1936.16		1274.45	1380.71	
Q6PAR5	GAPD1_MOUSE	Gapvd1	GTPase-activating protein and VPS9 domain-containing protein 1	1086.92	2791.9								
Q6PB66	LPPRC_MOUSE	Lrpprc	Leucine-rich PPR motif-containing protein, mitochondrial	12387.4	21577.7	11096.9	10791.8	13304.9	12900.4	13783.8	10025.5	9791.8	11676.9
Q6PB70	ANO8_MOUSE	Ano8	Anoctamin-8	1121.61		3696.14		4979.28				1961.19	
Q6PB90	PCDBE_MOUSE	Pcdhb14	Protocadherin beta-14	2718.64		3194.37		4486.78		6121.12		2007.62	1712.84
Q6PCN3	TTBK1_MOUSE	Ttbk1	Tau-tubulin kinase 1	6407.31				11160.5			7670.19	6226.77	
Q6PCP5	MFF_MOUSE	Mff	Mitochondrial fission factor	862.243					1582.37		1297.05		1351.08
Q6PCX7	RGMA_MOUSE	Rgma	Repulsive guidance molecule A	4253.9		5639.39	4663.61	3706.93	6179.04	6617.46	6090.26	6070.14	5015.73
Q6PCX9	TRI37_MOUSE	Trim37	E3 ubiquitin-protein ligase TRIM37	2032.03		4772.85			3478.84	3932.29	3011.18	2263.71	3537.69
Q6PCZ4	MAGE1_MOUSE	Magee1	Melanoma-associated antigen E1	272.665									
Q6PD03	2A5A_MOUSE	Ppp2r5a	Serine/threonine-protein phosphatase 2A 56 kDa regulatory subunit alpha isoform	2392.49	7804.1	2548.52	6009.67		2155.38		3663.48	2906.28	2693.15
Q6PD21	SHB_MOUSE	Shb	SH2 domain-containing adapter protein B	1083.51		1818.75		2253.22	2311.42		2346.59	1692.01	
Q6PD28	2A5B_MOUSE	Ppp2r5b	Serine/threonine-protein phosphatase 2A 56 kDa regulatory subunit beta isoform	2476.82									
Q6PDG5	SMRC2_MOUSE	Smarcc2	SWI/SNF complex subunit SMARCC2	1088.54	6373.76	3933.15	3588.74	5242.95	3204.97	2893.11	1910.26	1731.7	
Q6PDH0	PHLB1_MOUSE	Phldb1	Pleckstrin homology-like domain family B member 1	13971.5	13220.9	13073.8	13343	13808	14788.9	12220.8	12726.2	13012.5	12749.3
Q6PDI5	ECM29_MOUSE	Ecpas	Proteasome adapter and scaffold protein ECM29	521.694		1218.72							
Q6PDK8	DTX4_MOUSE	Dtx4	E3 ubiquitin-protein ligase DTX4	877.586									
Q6PDL0	DC1L2_MOUSE	Dync1li2	Cytoplasmic dynein 1 light intermediate chain 2	12017.5	17099.6	10634	11858.1	14759	12194.6	8480.59	10712	10077.7	10378.6
Q6PDM2	SRSF1_MOUSE	Srsf1	Serine/arginine-rich splicing factor 1	27656.5	24228	25904.9	26193.8	28224.3	23093.7	20610.6	21784	22000.2	21135.1
Q6PDQ2	CHD4_MOUSE	Chd4	Chromodomain-helicase-DNA-binding protein 4	1005.56	2780.92	2314.52	2721.15	4063.35	2911.81	1558.86		1765.48	
Q6PDS3	SARM1_MOUSE	Sarm1	NAD(+) hydrolase SARM1	1399.63		1898.15	3845.65				3018.37		
Q6PE01	SNR40_MOUSE	Snrnp40	U5 small nuclear ribonucleoprotein 40 kDa protein	4157.85	15483.3	11760.2	12991.3	19437.8	13467.1	8457.88	6573.09	6318.21	7284.9
Q6PEB6	PHOCN_MOUSE	Mob4	MOB-like protein phocein	15940.2	12542.8	14375.1	15038	14537.1	17588.4	14058	15862.2	14409.1	16939.4
Q6PEE2	CTIF_MOUSE	Ctif	CBP80/20-dependent translation initiation factor	2486.44		2699.69	5832.1	4310.41	4791.16	3763.62	4219.25	3335.83	6315.92
Q6PER3	MARE3_MOUSE	Mapre3	Microtubule-associated protein RP/EB family member 3	7896.58	12398.6	8236.54	7346.68	8348.44	8200.82	6685.51	8361.21	6212.92	7198.55
Q6PFD5	DLGP3_MOUSE	Dlgap3	Disks large-associated protein 3	94496.5	72544.4	88894.2	84773.6	78736.8	81006.4	88829.1	87168.2	93368.7	92350.2
Q6PFD9	NUP98_MOUSE	Nup98	Nuclear pore complex protein Nup98-Nup96	1480.58		5710.66	7807.51	11287.7	4692.63	3282.81	2537.73	4839.96	4686.15
Q6PFE7	TEFF1_MOUSE	Tmeff1	Tomoregulin-1	4127.47		4760.38	5097.5	4653.68	5035.47	3947.57	4462.73	3922.1	4592.57
Q6PFR5	TRA2A_MOUSE	Tra2a	Transformer-2 protein homolog alpha	2377.56		2975.99	1958.32	5286.17	3746.9	2722.89	1295.18	2247.42	2042.76
Q6PFX6	CAD24_MOUSE	Cdh24	Cadherin-24	14757.9		15122.6	13771.7	12542.1	13189.5	13021.8	15555.4	13593.8	10200.1
Q6PFX7	NYAP1_MOUSE	Nyap1	Neuronal tyrosine-phosphorylated phosphoinositide-3-kinase adapter 1	4713.33		5211.16	5449.54	5001.38	4313.28	8883.11	5220.44	5583.76	3909.91
Q6PFX9	TNKS1_MOUSE	Tnks	Poly [ADP-ribose] polymerase tankyrase-1	2021.61		1402.29	3475.65	2709.69			2697.7		1349.67
Q6PGC1	DHX29_MOUSE	Dhx29	ATP-dependent RNA helicase DHX29	1426.39									
Q6PGF2	MORN4_MOUSE	Morn4	MORN repeat-containing protein 4	3300.22		11053					6131.57		
Q6PGF7	EXOC8_MOUSE	Exoc8	Exocyst complex component 8	9960		15151.4	11978.1	14518.5	12894.4	15454.6	11309.1	12039.7	10571.1
Q6PGG6	GNL3L_MOUSE	Gnl3l	Guanine nucleotide-binding protein-like 3-like protein	1606.48		2263.9		4253.78					
Q6PGH1	BUD31_MOUSE	Bud31	Protein BUD31 homolog	506.639		1137.37	811.672	2517.66				903.076	
Q6PGN3	DCLK2_MOUSE	Dclk2	Serine/threonine-protein kinase DCLK2	20296.7	27258.7	19274.1	22256.2	21055.8	20959.7	21499.2	21045.5	20213.5	21814.8
Q6PH08	ERC2_MOUSE	Erc2	ERC protein 2	153636	119513	146906	135402	139314	147499	135309	143482	143422	140057
Q6PHN9	RAB35_MOUSE	Rab35	Ras-related protein Rab-35	26205.6	56215.6	34511.6	35298.7	36715.9	35672.8	38956.4	33520.3	30898.5	37514.4
Q6PHP6	Q6PHP6_MOUSE	Lrrn2	Leucine rich repeat protein 2, neuronal	1197.09									
Q6PHQ9	Q6PHQ9_MOUSE	Pabpc4	Polyadenylate-binding protein	43584.2	15675.5	14489.6	15717.2	17565	14610.5	15838.6	17174.1	14185.1	14923.9
Q6PHS9	CA2D2_MOUSE	Cacna2d2	Voltage-dependent calcium channel subunit alpha-2/delta-2	23487.6	19686.1	24980.6	23345.2	26144.7	25594.4	23202.5	23855.4	25249	26020.3
Q6PHU5	SORT_MOUSE	Sort1	Sortilin	3009.96		6136.3	5271.33	5171.33	6892.81	7453.47	5272.53	4364.24	4901.82
Q6PHZ2	KCC2D_MOUSE	Camk2d	Calcium/calmodulin-dependent protein kinase type II subunit delta	23544.6	21064.3	18040.3	20303.5	16932.1	18185.4	14654.4	16228.1	15430.3	16676.3
Q6PHZ8	KCIP4_MOUSE	Kcnip4	Kv channel-interacting protein 4	20986.1	19483	15583.2	17699	15821.4	15290.6	12626.5	16128.7	15736.3	13777.1
Q6PIC6	AT1A3_MOUSE	Atp1a3	Sodium/potassium-transporting ATPase subunit alpha-3	79355.1	149696	87139.9	76662.1	88008.1	85811.2	92132.2	80214.9	74777.7	73027.9
Q6PIE5	AT1A2_MOUSE	Atp1a2	Sodium/potassium-transporting ATPase subunit alpha-2	7357.48	28682	10596.3	11233.7	17807.9	13876.8	19077.2	12279.3	12676.4	10691.2
Q6PIU9	YJ005_MOUSE		Uncharacterized protein FLJ45252 homolog	1635.84		4610.32							
Q6Q477	AT2B4_MOUSE	Atp2b4	Plasma membrane calcium-transporting ATPase 4	2253.29		3857.38	7548.59		7798.64		4993.16	4330.67	
Q6QI06	RICTR_MOUSE	Rictor	Rapamycin-insensitive companion of mTOR	1164.23		1653.78		2278.62	1293.66		918.916	1484.44	1632.44
Q6R0H7	GNAS1_MOUSE	Gnas	Guanine nucleotide-binding protein G(s) subunit alpha isoforms XLas	34545.1	27788.4	35519.1	33739.9	33452.5	36151.9	29338.1	32512.1	34818.8	33159.3
Q6R891	NEB2_MOUSE	Ppp1r9b	Neurabin-2	149269	128188	171217	155838	153448	157858	164795	185952	194026	175273
Q6RHR9	MAGI1_MOUSE	Magi1	Membrane-associated guanylate kinase, WW and PDZ domain-containing protein 1	2015.16		2632.78	4611.61	3736.32	4635.88	3011.56	4402.29	2722.55	2970.01
Q6RI63	F120B_MOUSE	Fam120b	Constitutive coactivator of peroxisome proliferator-activated receptor gamma	479.698		1021.93							
Q6TDP3	KLH17_MOUSE	Klhl17	Kelch-like protein 17	424.017									
Q6TEK5	VKORL_MOUSE	Vkorc1l1	Vitamin K epoxide reductase complex subunit 1-like protein 1	317.002								353.624	
Q6URW6	MYH14_MOUSE	Myh14	Myosin-14	49757.8	47594.8	56197.5	54416.5	51506.4	53922.8	55567	60893.4	64900	60910.9
Q6VN19	RBP10_MOUSE	Ranbp10	Ran-binding protein 10	1611.25		1427.67					1107.55	1745.59	1331.38
Q6VNB8	WDFY3_MOUSE	Wdfy3	WD repeat and FYVE domain-containing protein 3	462.568		539.219	2199.41				648.841	348.087	
Q6VNS1	NTRK3_MOUSE	Ntrk3	NT-3 growth factor receptor	3457.54	14701.2	4370.38	3557.86	3460.71	3390.39	4433.28	4077.85	3382.93	3905.2
Q6WKZ8	UBR2_MOUSE	Ubr2	E3 ubiquitin-protein ligase UBR2	1159.5									
Q6WQJ1	DGLA_MOUSE	Dagla	Diacylglycerol lipase-alpha	19628.2	17487.3	20503.5	18002.2	20346.5	19040.9	21935.6	22914.8	23114.4	20007.4
Q6WVG3	KCD12_MOUSE	Kctd12	BTB/POZ domain-containing protein KCTD12	53668.2	36089.9	47147.3	48248	45577	44206.1	50870.4	51228.4	56774.7	47490
Q6X893	CTL1_MOUSE	Slc44a1	Choline transporter-like protein 1	1905.99		1136.37	1948		1464.07		1646.14	1421.1	1571.19
Q6Y685	TACC1_MOUSE	Tacc1	Transforming acidic coiled-coil-containing protein 1	951.221		952.859							
Q6ZPE2	MTMR5_MOUSE	Sbf1	Myotubularin-related protein 5	30615	32643.7	32333.4	36384.7	30472.1	34869.3	30611.8	29471.9	28868.7	31757.1
Q6ZPF4	FMNL3_MOUSE	Fmnl3	Formin-like protein 3	1199.14				1970.73		2536.16		1731.12	
Q6ZPJ0	TEX2_MOUSE	Tex2	Testis-expressed protein 2	1029.12		820.109							
Q6ZPJ3	UBE2O_MOUSE	Ube2o	(E3-independent) E2 ubiquitin-conjugating enzyme UBE2O	1728.02		1413.25		2447.08		1920.12		1882.82	
Q6ZPQ6	PITM2_MOUSE	Pitpnm2	Membrane-associated phosphatidylinositol transfer protein 2	6157.51		10844.7	7898.35	15365.3	8531.71	12115.4	6597.09	8650.37	8098.6
Q6ZPR1	CFA97_MOUSE	Cfap97	Cilia- and flagella-associated protein 97	6557.12									
Q6ZPR4	KCNT1_MOUSE	Kcnt1	Potassium channel subfamily T member 1	1776.53									
Q6ZPS6	AKIB1_MOUSE	Ankib1	Ankyrin repeat and IBR domain-containing protein 1	2674.91	5480.19	3159.72	1499.32	3792.65	3431.17	2529.28	2610.02	2138.64	
Q6ZPU9	KBP_MOUSE	Kifbp	KIF-binding protein	2889.93									
Q6ZPY2	SMG5_MOUSE	Smg5	Nonsense-mediated mRNA decay factor SMG5	1333.76		1442.6	1220.82		1189.21			1163.52	1081.69
Q6ZPZ3	ZC3H4_MOUSE	Zc3h4	Zinc finger CCCH domain-containing protein 4	880.032									
Q6ZQ08	CNOT1_MOUSE	Cnot1	CCR4-NOT transcription complex subunit 1	7292.26	41061	8381.62	9609.29	12312.6	9778.53	9519.87	9630.9	7608.51	7409.78
Q6ZQ18	EFR3B_MOUSE	Efr3b	Protein EFR3 homolog B	12317.3	15532	14073.7	14310.4	12951.6	15064.3	13775.1	13063.7	13410.8	13522.3
Q6ZQ29	TAOK2_MOUSE	Taok2	Serine/threonine-protein kinase TAO2	4106.6		3377.06	4846.8	4339.79	3574.34	2940.31	3473.96	4438.96	3478.94
Q6ZQ38	CAND1_MOUSE	Cand1	Cullin-associated NEDD8-dissociated protein 1	1902.66	5263.63	2319.85	3392.6	2374.09	2666.74	3712.03	3784.46	2522.02	3067.96
Q6ZQ58	LARP1_MOUSE	Larp1	La-related protein 1	7298.73		4445.92	4010.53	8346.82	5381.38	7416.67	5155.25	3904.08	6803.79
Q6ZQ82	RHG26_MOUSE	Arhgap26	Rho GTPase-activating protein 26	11897.5	16103.2	11977.9	12837.7	13882	12087.7	12694.5	13746.5	13790.3	13030.2
Q6ZQK5	ACAP2_MOUSE	Acap2	Arf-GAP with coiled-coil, ANK repeat and PH domain-containing protein 2	1857.28		11316.8		17813.5	9698.62	15165.3	2587.87	8725	
Q6ZWN5	RS9_MOUSE	Rps9	Small ribosomal subunit protein uS4	120070	35466.4	62666.3	59544.3	64856.8	51559.4	64953.4	69058.8	67028.1	72896.9
Q6ZWR4	2ABB_MOUSE	Ppp2r2b	Serine/threonine-protein phosphatase 2A 55 kDa regulatory subunit B beta isoform	543.377		590.684		869.211				708.848	
Q6ZWR6	SYNE1_MOUSE	Syne1	Nesprin-1	27573.5	33624	30803.9	30227.3	30485.1	28347.1	28943.8	28150.5	30100.7	29048.8
Q6ZWU9	RS27_MOUSE	Rps27	Small ribosomal subunit protein eS27	18774.7	35221.6	13497.2	13699.9	13673.2	16206.5	16051.1	13273.1	12778.6	13431.8
Q6ZWV3	RL10_MOUSE	Rpl10	Large ribosomal subunit protein uL16	115166	37245.4	63866.5	74399.7	79326	80557.3	75079.9	63669.5	72357.2	71722.8
Q6ZWV7	RL35_MOUSE	Rpl35	Large ribosomal subunit protein uL29	94235.6	27476.6	40358.7	29350.4	42638.4	27351.8	41873.1	39442.6	43280.1	49247.8
Q6ZWX6	IF2A_MOUSE	Eif2s1	Eukaryotic translation initiation factor 2 subunit 1	4110.84	10790.9	4363.13	7276.07	6000.17	4856.06	8933.71	7104.46	3914.85	6155.61
Q6ZWY3	RS27L_MOUSE	Rps27l	Small ribosomal subunit protein eS27-like	9588.7	16901.5	9315.01	11684.3	13289.5	11128.6	9382.39	7675.34	7251.21	10940.3
Q70FJ1	AKAP9_MOUSE	Akap9	A-kinase anchor protein 9	6988.24		10797.7	12978.9	12097.6	11801.2	15213.2	11882.1	13043.2	16799
Q70IV5	SYNEM_MOUSE	Synm	Synemin	2128.9	9206.15	9271.97		9453.22		8767.17	3264.59	3038.44	5723.38
Q71LX4	TLN2_MOUSE	Tln2	Talin-2	3831.06	7173.79	5130.22	6803.78	5373.83	6194.05	5561.81	4524.33	4813.5	5444.53
Q71M36	CSPG5_MOUSE	Cspg5	Chondroitin sulfate proteoglycan 5	4420.66		6781.22	6229.07	4615.74	5756.7	9011.68	5342.79	5122.32	
Q76I79	SSH1_MOUSE	Ssh1	Protein phosphatase Slingshot homolog 1	3276.77						4349.51			
Q76KF0	SEM6D_MOUSE	Sema6d	Semaphorin-6D			3052.93	10878	4301.33	7540.08		6965.32		4765.95
Q76M80	Q76M80_MOUSE	Kcnk12	MNTK1	2747.91		2561	2992.03		1518.72	2554.66	1942.26	2249.18	2144.18
Q76MZ3	2AAA_MOUSE	Ppp2r1a	Serine/threonine-protein phosphatase 2A 65 kDa regulatory subunit A alpha isoform	52595.2	50609.2	46859.6	44681.5	44857.3	48417.2	42146.1	45568.2	44279.5	45926.3
Q78DX7	ROS1_MOUSE	Ros1	Proto-oncogene tyrosine-protein kinase ROS	1099.93		1077.74	1680.4					1315.01	
Q78IK2	ATPMK_MOUSE	Atp5mk	ATP synthase membrane subunit K, mitochondrial	7683.84	10588.7	4730.36	6541.83	7531.2	5944.65	4296.62	3471.19	5216.33	4696.64
Q78PY7	SND1_MOUSE	Snd1	Staphylococcal nuclease domain-containing protein 1	3496.15	11044.6	3223.38	3775.43	4838.93	4838.43	4763.06	4700.2	3412.28	4247.54
Q78TU8	F107A_MOUSE	Fam107a	Actin-associated protein FAM107A	4836.6	6823.2	5764.25	4897.03	4751.92	4628.08	5110.52	5301.93	6274.62	6659.22
Q78ZA7	NP1L4_MOUSE	Nap1l4	Nucleosome assembly protein 1-like 4	3120.64		6803.33							
Q791T5	MTCH1_MOUSE	Mtch1	Mitochondrial carrier homolog 1	19384.5	29418.3	17434.1	16315.2	22480.6	17454.1	20258.1	14924.5	18646.1	17362.3
Q791V5	MTCH2_MOUSE	Mtch2	Mitochondrial carrier homolog 2	28739.8	48495.6	34902	36755.1	41243.9	35499.8	41841.4	32094.2	30749	33422.2
Q792Z1	Q792Z1_MOUSE	Try10	trypsin	11199		119777	137849	196235	192793	174648	106136	93167.9	79418.8
Q7M6Y3	PICAL_MOUSE	Picalm	Phosphatidylinositol-binding clathrin assembly protein	3065.56	16607.3	3409.43	2901.58	2511.97	3170.36	3169.75	4642.25	3036.47	2634.65
Q7M6Z0	R4RL2_MOUSE	Rtn4rl2	Reticulon-4 receptor-like 2	8496.48		8701.74	8852.19	8964.72	8765.45	10093.6	8549.84	8683.09	8421.11
Q7TMB8	CYFP1_MOUSE	Cyfip1	Cytoplasmic FMR1-interacting protein 1	11406.6	11847	9614.06	10501.8	11335.8	11358.2	10410.6	9906.79	9279.81	8897.72
Q7TME0	PLPR4_MOUSE	Plppr4	Phospholipid phosphatase-related protein type 4	27989.9	28558.7	23348.9	31775	28326.6	30812.9	25872.6	25556	19754	24077.1
Q7TMF3	NDUAC_MOUSE	Ndufa12	NADH dehydrogenase [ubiquinone] 1 alpha subcomplex subunit 12	5300.24	41799.1	6171.58	6988.22	7882.68	8301.89	8589.53	7109.21	5287.86	5872.67
Q7TMK9	HNRPQ_MOUSE	Syncrip	Heterogeneous nuclear ribonucleoprotein Q	68216.8	37876.9	51838	40213.5	63431.5	39133.5	43539	32882.2	42028.4	32876.6
Q7TMM9	TBB2A_MOUSE	Tubb2a	Tubulin beta-2A chain	127199	107693	102148	98772.9	102771	103025	86705.4	90948.9	80461.1	80725.2
Q7TMQ7	WDR91_MOUSE	Wdr91	WD repeat-containing protein 91	2500.63									4753.51
Q7TMS5	ABCG2_MOUSE	Abcg2	Broad substrate specificity ATP-binding cassette transporter ABCG2	505.701		1462.44				1014.64	1147.95	1193.37	
Q7TMY8	HUWE1_MOUSE	Huwe1	E3 ubiquitin-protein ligase HUWE1	2624.3					6905.26	6339.02			
Q7TN29	SMAP2_MOUSE	Smap2	Stromal membrane-associated protein 2	1037.06	6790.28			6354.2		4371.22	1402.43	1722.69	
Q7TN33	CELF6_MOUSE	Celf6	CUGBP Elav-like family member 6	2196.39		2093.75						1179.52	
Q7TN74	Q7TN74_MOUSE	Ppp1r9a	Neurabin I	125180	111354	141651	136548	130810	132324	138503	157189	167528	157442
Q7TN79	AKA7G_MOUSE	Akap7	A-kinase anchor protein 7 isoform gamma	1354.69				2999.17					
Q7TN98	CPEB4_MOUSE	Cpeb4	Cytoplasmic polyadenylation element-binding protein 4	6645.94	9892.92	4391.16	5679.61	3612.36	4068.06	5094.09	4347.75	4559.44	4995.96
Q7TN99	CPEB3_MOUSE	Cpeb3	Cytoplasmic polyadenylation element-binding protein 3	2776.61		1447.29	2908.06	2580.6	3792.35		3179.37	1982.73	2840.7
Q7TNC4	LC7L2_MOUSE	Luc7l2	Putative RNA-binding protein Luc7-like 2	1351.47		2125.38	2581.56		2574.93	3866.92	2094.51	2269	1138.1
Q7TNC9	I5P1_MOUSE	Inpp5a	Inositol polyphosphate-5-phosphatase A	2559.5									
Q7TNG5	EMAL2_MOUSE	Eml2	Echinoderm microtubule-associated protein-like 2	4119.14	12937.3	5783.93	8356.61	5726.04	7903.03	5846.13	7106.46	5940.24	7941.02
Q7TNL5	Q7TNL5_MOUSE	Ppp2r5d	Serine/threonine-protein phosphatase 2A 56 kDa regulatory subunit	16528.9	25287.3	15654.5	20362.7	18230.3	16265.3	16112.6	15366.8	13771.9	15834.2
Q7TNM2	TRI46_MOUSE	Trim46	Tripartite motif-containing protein 46	10599.2	7128.6	8478.51	10168.9	10099.9	9146.35	9279.85	10104.8	9318.5	9828.05
Q7TNR6	IGS21_MOUSE	Igsf21	Immunoglobulin superfamily member 21	41227.5	32793.6	46693.1	41904.5	35176.7	36992	40004.2	43312.2	50102.6	44172.6
Q7TNS5	Q7TNS5_MOUSE	B630019K06Rik	RIKEN cDNA B630019K06 gene	16800.9	43709.5	18490.4	22123.2	19742.9	16957	20580.7	17721.2	17051.2	15758.8
Q7TPB0	PLPR3_MOUSE	Plppr3	Phospholipid phosphatase-related protein type 3	6909.33		6229.41	9670.45	10799.4	6628.76	10651.5	7708.19	7693.71	7638.18
Q7TPD3	ROBO2_MOUSE	Robo2	Roundabout homolog 2	237.204		269.411	572.439				382.18	289.306	
Q7TPG8	TAFA1_MOUSE	Tafa1	Chemokine-like protein TAFA-1	551.156									
Q7TPH6	MYCB2_MOUSE	Mycbp2	E3 ubiquitin-protein ligase MYCBP2	30277	24669.7	19413	20847.6	21012.8	19816.6	20415.2	18751.7	17994.6	19636.3
Q7TPM1	PRC2B_MOUSE	Prrc2b	Protein PRRC2B	2306.18		2189.76		2904.48		4642.13	1650.24	1559.62	970.881
Q7TPR4	ACTN1_MOUSE	Actn1	Alpha-actinin-1	169386	132390	181514	172339	156556	166513	180055	197042	210378	204449
Q7TPS5	C2CD5_MOUSE	C2cd5	C2 domain-containing protein 5	1466.81		1384.24	1313.69	1300.38	2408.74	1129.45	906.601	992.014	
Q7TPV2	DZIP3_MOUSE	Dzip3	E3 ubiquitin-protein ligase DZIP3	784.07									
Q7TPV4	MBB1A_MOUSE	Mybbp1a	Myb-binding protein 1A	834.766		2385.33	2864.85	3213.41	2676.72	2963.32		1141.16	
Q7TQ95	LNP_MOUSE	Lnpk	Endoplasmic reticulum junction formation protein lunapark	897.666				3820.4		2743.08	1575.59		
Q7TQC7	GPTC2_MOUSE	Gpatch2	G patch domain-containing protein 2	1298.58			3204.56		3023.09		1097.21	3017.72	3486.78
Q7TQD2	TPPP_MOUSE	Tppp	Tubulin polymerization-promoting protein	3228.08	11002.1	3737.94	4741.12	4472.54	6775.23	4590.4	3508.31	3587.29	6993.02
Q7TQE6	MACOI_MOUSE	Maco1	Macoilin	1856.55		4020.53					933.72	1337.17	2357.54
Q7TQF2	FBX10_MOUSE	Fbxo10	F-box only protein 10	2060.38									
Q7TQF7	AMPH_MOUSE	Amph	Amphiphysin	12100.3	18740.3	14957.1	17789.2	17251.4	19055.6	15257.4	16537.3	14741.4	15746.4
Q7TQG1	PKHA6_MOUSE	Plekha6	Pleckstrin homology domain-containing family A member 6	58282.3	68381.9	52704	55421.4	54241.1	53874.2	53293.7	56622.3	59686.1	56486.3
Q7TQH0	ATX2L_MOUSE	Atxn2l	Ataxin-2-like protein	9629.18		3997.99	3388.85	4448.04	3748.65	4653.05	3994.54	3400.46	3345.77
Q7TQI3	OTUB1_MOUSE	Otub1	Ubiquitin thioesterase OTUB1	1769.33		1590.36					2372.06	1484.38	2196.04
Q7TQI7	ABTB2_MOUSE	Abtb2	Ankyrin repeat and BTB/POZ domain-containing protein 2	2254.29		4407.16				4086.34			
Q7TSC1	PRC2A_MOUSE	Prrc2a	Protein PRRC2A	6542.61	5488.31	3920.39	4690.69	5371.21	4451.03	6498.36	4330.76	4135.11	4271.09
Q7TSF4	LR75A_MOUSE	Lrrc75a	Leucine-rich repeat-containing protein 75A	1038.33									
Q7TSH2	KPBB_MOUSE	Phkb	Phosphorylase b kinase regulatory subunit beta	599.004		1343.16			1903.61	1748.37		1114.48	
Q7TSH4	CP110_MOUSE	Ccp110	Centriolar coiled-coil protein of 110 kDa	1609.81		1572.5		1581.01				3706.89	1276.93
Q7TSI3	PP6R1_MOUSE	Ppp6r1	Serine/threonine-protein phosphatase 6 regulatory subunit 1	3049.57		2350.53							
Q7TSJ2	MAP6_MOUSE	Map6	Microtubule-associated protein 6	238962	152179	214676	198385	219282	180341	207790	185801	226967	195480
Q7TSV4	PGM2_MOUSE	Pgm2	Phosphopentomutase								4232.44		
Q7TSY6	CELF4_MOUSE	Celf4	CUGBP Elav-like family member 4	1153.79									
Q7TT00	SP20H_MOUSE	Supt20h	Transcription factor SPT20 homolog	7721.39	17738.8	89732.4	166215	157388		144413	85768.7	88315.2	181064
Q7TT15	GLT17_MOUSE	Galnt17	Polypeptide N-acetylgalactosaminyltransferase 17	737.503		1387.78	1261.07				1100.16	1181.62	
Q7TT37	ELP1_MOUSE	Elp1	Elongator complex protein 1	3001.28		3809.39	4450.6	4725.04	4176.11		4571.82	3364.52	3886.31
Q7TT50	MRCKB_MOUSE	Cdc42bpb	Serine/threonine-protein kinase MRCK beta	5037.55	11610.2	8210.1	10777.4	7920.31	9311.1	7722.46	7663.76	8737.29	9721.48
Q80SW1	SAHH2_MOUSE	Ahcyl1	S-adenosylhomocysteine hydrolase-like protein 1	9264.2	22381.7	12488.7	13035.6	13409	13157	12051.3	11488.7	10295.2	14763.5
Q80SY4	MIB1_MOUSE	Mib1	E3 ubiquitin-protein ligase MIB1	3269.66		3337.81	3373.05	3559.4	4458.76	3173.08	3201.74	2891.98	3587.33
Q80SY5	PR38B_MOUSE	Prpf38b	Pre-mRNA-splicing factor 38B	692.099									
Q80T23	SYTL5_MOUSE	Sytl5	Synaptotagmin-like protein 5	378.259		426.58	952.237		406.112				
Q80T41	GABR2_MOUSE	Gabbr2	Gamma-aminobutyric acid type B receptor subunit 2	67844.8	60777.3	65156.2	60524.6	58130.5	56090.4	65910.3	67038	69286.9	68841.8
Q80TE4	SI1L2_MOUSE	Sipa1l2	Signal-induced proliferation-associated 1-like protein 2	18466.5	22581.9	22412.5	25032.4	25636.8	25052.2	23415.3	21807.5	23111.7	22520.7
Q80TE7	LRRC7_MOUSE	Lrrc7	Leucine-rich repeat-containing protein 7	293752	216660	255693	250974	225394	242258	236843	248754	252493	240567
Q80TF3	PCD19_MOUSE	Pcdh19	Protocadherin-19	491.885									
Q80TG9	LRFN2_MOUSE	Lrfn2	Leucine-rich repeat and fibronectin type-III domain-containing protein 2	599.792		2062.82					1610.7		
Q80TH2	ERBIN_MOUSE	Erbin	Erbin	20318.2	31665.1	23032.9	19808.3	25333.3	23874.9	22170.6	22086.4	21707	22164.3
Q80TI0	ASTRB_MOUSE	Gramd1b	Protein Aster-B	311.073					592.489		602.578		
Q80TI1	PKHH1_MOUSE	Plekhh1	Pleckstrin homology domain-containing family H member 1	1132.74		1506.18	1656.58	2033.06	2106.6	1247.98	972.615		870.909
Q80TJ1	CAPS1_MOUSE	Cadps	Calcium-dependent secretion activator 1	7451.79	21677	6905.93	8288.67	7548.68	6454.57	7240.53	9440.64	7033.58	8389.79
Q80TJ7;Q9WTU0	PHF2_MOUSE;PHF8_MOUSE	Phf2;Phf8	Histone lysine demethylase PHF8			12949.3	7533.19	20328.4					
Q80TL0	PPM1E_MOUSE	Ppm1e	Protein phosphatase 1E	2144.51		2989.04					2760.75	1723.49	
Q80TL1	ADCY2_MOUSE	Adcy2	Adenylate cyclase type 2	7162.32									
Q80TL7	MON2_MOUSE	Mon2	Protein MON2 homolog	1846.22		2180.7	2146.83	2239.04	2666.13	2159.25	1512.1	1703.57	1458.03
Q80TM6	R3HD2_MOUSE	R3hdm2	R3H domain-containing protein 2	1771.63									
Q80TM9	NISCH_MOUSE	Nisch	Nischarin	383.602		674.035						430.591	
Q80TN4	DJC16_MOUSE	Dnajc16	DnaJ homolog subfamily C member 16	1673.02		2309.67	2925.33	2540.53	2451.38	2162.08	1969.74	1630.19	2019.39
Q80TN5	ZDH17_MOUSE	Zdhhc17	Palmitoyltransferase ZDHHC17	2827.39		4522.46		7499.06	7610.39	3934.98	3169.43	3942.45	
Q80TN7	NAV3_MOUSE	Nav3	Neuron navigator 3	9699.49	16227.4	7909.39	9700.23	10604.3	10378.6	9658.77	9159.65	8379.49	9203.67
Q80TQ2	CYLD_MOUSE	Cyld	Ubiquitin carboxyl-terminal hydrolase CYLD	19730.1	23401.7	20234.2	20471.5	19296.1	18753.3	18969.2	16988.3	18189.8	19075.6
Q80TR1	AGRL1_MOUSE	Adgrl1	Adhesion G protein-coupled receptor L1	7023.95	14875.7	6419.05	6816.21	7435.64	6167.55	5452.53	4849.7	5440.05	4162.39
Q80TR4	SLIT1_MOUSE	Slit1	Slit homolog 1 protein	1942.14		2873.42		4145.59		2943.61	3006.1	3086.35	2231.88
Q80TS3	AGRL3_MOUSE	Adgrl3	Adhesion G protein-coupled receptor L3	8641.69		9736.23	10260.9	15882.8	13191.7	10570.2	10611.9	9815.47	9392.89
Q80TS7	DEND_MOUSE	Ddn	Dendrin	20595.4	18626.4	16674.3	18017	19386.7	16397.4	17785.2	18765.4	16960.2	16344.8
Q80TT8	CUL9_MOUSE	Cul9	Cullin-9	683.856		1509.91	1106.32			1188.59	828.105	1045.69	685.995
Q80TV8	CLAP1_MOUSE	Clasp1	CLIP-associating protein 1	80213.2	70452.5	65918.8	63180.3	63552.9	67413.2	64340.7	65861.5	65549.6	67187
Q80TZ3	AUXI_MOUSE	Dnajc6	Auxilin	4629.02		4340.66	4341.36	4977.44	5087.76	4395.98	4428.7	3829.99	4169.28
Q80U19	DAAM2_MOUSE	Daam2	Disheveled-associated activator of morphogenesis 2	533.631					1212.59		988.489		
Q80U23	SNPH_MOUSE	Snph	Syntaphilin	72601.7	49447.4	55940.4	56497.1	52062	56328.4	59172.4	59619.4	60585.4	57730
Q80U28	MADD_MOUSE	Madd	MAP kinase-activating death domain protein	1106.15		1515.8		1993.06	1114.96		1297.74	1081.13	
Q80U35	ARHGH_MOUSE	Arhgef17	Rho guanine nucleotide exchange factor 17	32719.4	42921.4	39356.6	40803.1	35659.7	38458.1	40244.2	40473.5	38979.6	42501.9
Q80U40	RIMB2_MOUSE	Rimbp2	RIMS-binding protein 2	37296.4	24873.9	29801.6	30996.3	27517	30196.7	29601.7	30546.8	30394.4	31033
Q80U49	C170B_MOUSE	Cep170b	Centrosomal protein of 170 kDa protein B	37040.9	29250.4	25166.7	29070.5	27139.3	29182.4	25581.2	27241.5	27489.1	27989.7
Q80U57	RIMS3_MOUSE	Rims3	Regulating synaptic membrane exocytosis protein 3	8593.61	8627	7125.68	6713.53	5734.34	5786.88	4904.53	6767.27	7096.79	5323.54
Q80U58	PUM2_MOUSE	Pum2	Pumilio homolog 2	10423.6		10942.4							
Q80U72	SCRIB_MOUSE	Scrib	Protein scribble homolog	7878.54	15158.5	9837.66	10615.1	9181.32	10390.8	9138.68	9148.02	8794.16	9357.32
Q80U78	PUM1_MOUSE	Pum1	Pumilio homolog 1	4572.37								2675.6	2863.69
Q80U93	NU214_MOUSE	Nup214	Nuclear pore complex protein Nup214	1621.04	9452.03	7479.76	4120.95	9128.42	3560.55	5171.36	2874.05	3117.32	
Q80UG2	PLXA4_MOUSE	Plxna4	Plexin-A4	1828.5		3291.06	2674	3612.89	3225.24	3927.91	3277.5	2805.38	2375.01
Q80UG5	SEPT9_MOUSE	Septin9	Septin-9	8639.71	10981.7	8934.32	10678.8	9073.81	9112.46	9016.35	8814.64	7642.08	9221.43
Q80UJ7	RB3GP_MOUSE	Rab3gap1	Rab3 GTPase-activating protein catalytic subunit	1013.67									
Q80UK0	SESD1_MOUSE	Sestd1	SEC14 domain and spectrin repeat-containing protein 1	6633.25	10640.9	6564.01	7649.94	6107.32	7515.22	5810.17	6238.01	5823.58	7703.2
Q80UM7	MOGS_MOUSE	Mogs	Mannosyl-oligosaccharide glucosidase	8360.93									
Q80UP3	DGKZ_MOUSE	Dgkz	Diacylglycerol kinase zeta	9061.31	11111.5	7827.42	7668.55	9989.11	7655.9	8700.31	7280.09	8342.97	7445.91
Q80UW2	FBX2_MOUSE	Fbxo2	F-box only protein 2	19552.1		14550.8	17874.7	12417.9	11345.2	21651.8	14076.6	14971.9	16294.6
Q80UW8	RPAB1_MOUSE	Polr2e	DNA-directed RNA polymerases I, II, and III subunit RPABC1	648.66		3919.35	2332.09	5155.32	3469.7	3333.96	1094.49	2490.37	
Q80UY2	KCMF1_MOUSE	Kcmf1	E3 ubiquitin-protein ligase KCMF1	1430.14		2210.17						3009.82	
Q80V42	CBPM_MOUSE	Cpm	Carboxypeptidase M	7612.38	14127.4	8568.29	7286.66	9348.01	8246.32	7738.8	7797.41	8711.56	9335.75
Q80V91	DTX3_MOUSE	Dtx3	Probable E3 ubiquitin-protein ligase DTX3	2110.18									
Q80VC9	CAMP3_MOUSE	Camsap3	Calmodulin-regulated spectrin-associated protein 3	40415.9	30419.4	35595.9	33008.1	34230.1	31816.2	35813.1	34553.6	38287.4	35045.9
Q80VI1	TRI56_MOUSE	Trim56	E3 ubiquitin-protein ligase TRIM56	636.768									
Q80VL1	TDRKH_MOUSE	Tdrkh	Tudor and KH domain-containing protein	3505.97									
Q80VP1	EPN1_MOUSE	Epn1	Epsin-1	1583.43				1952.28	4360.62	3938.2	2170.32	1604.89	
Q80VP9	ASPH2_MOUSE	Asphd2	Aspartate beta-hydroxylase domain-containing protein 2	2781.61		1882.18			2273.44		2149.42	2108.8	1488.11
Q80VQ0	AL3B1_MOUSE	Aldh3b1	Aldehyde dehydrogenase family 3 member B1	4016.85	6611.52	5038.9	5193.6	5920.99	4887.8	5187.43	4627.94	6171.26	6251.52
Q80W04	TMCC2_MOUSE	Tmcc2	Transmembrane and coiled-coil domains protein 2	4192.23		4334.46	6965.43	5623.89	5366.83	5380.23	4834.28	3924.02	5072.8
Q80WG5	LRC8A_MOUSE	Lrrc8a	Volume-regulated anion channel subunit LRRC8A	687.859		1662.95	1141.87				1781.97	1640.49	
Q80WJ7	LYRIC_MOUSE	Mtdh	Protein LYRIC	62658.1	83569.8	52363.2	55659.6	57624.7	50541.2	51340.6	48607.1	49477.8	45304.8
Q80WM4	HPLN4_MOUSE	Hapln4	Hyaluronan and proteoglycan link protein 4	10456.1		9659.38	8908.97	10903.1	9303.84	10542.2	9573.82	10853.5	10920.1
Q80WM5	HPLN3_MOUSE	Hapln3	Hyaluronan and proteoglycan link protein 3	1341.29									
Q80WQ2	VAC14_MOUSE	Vac14	Protein VAC14 homolog	2821.65			6079.46	6702.99		7499.64	4551.9	3372.94	
Q80WS3	FBLL1_MOUSE	Fbll1	rRNA/tRNA 2'-O-methyltransferase fibrillarin-like protein 1	7234.45	6476.21	13389.8	11236.7	15623.1	9317.99	9128.39	6606.08	6794.44	5112.36
Q80WT0	JPH4_MOUSE	Jph4	Junctophilin-4	15637	17718.5	14524.4	15161.3	13054.3	15194.9	14838	12658.8	12749.9	14057.1
Q80WT5	AFTIN_MOUSE	Aftph	Aftiphilin	1726.07									
Q80WV3	CHST2_MOUSE	Chst2	Carbohydrate sulfotransferase 2	2038.73									
Q80X50	UBP2L_MOUSE	Ubap2l	Ubiquitin-associated protein 2-like	847.486			809.422	820.409			403.289	380.252	828.574
Q80X66	BTBDA_MOUSE	Btbd10	BTB/POZ domain-containing protein 10	5446.93		3713.61			7360.95			2363.27	
Q80X72	LRC15_MOUSE	Lrrc15	Leucine-rich repeat-containing protein 15		35436								
Q80X80	C2C2L_MOUSE	C2cd2l	Phospholipid transfer protein C2CD2L	22490.6		15683.7	22516	20615.3	24167	19337.3	13004.4	14708.2	19934.8
Q80X85	RT07_MOUSE	Mrps7	Small ribosomal subunit protein uS7m	11494.3	11919.3	10259.9	10115.6	11205.4	11706.3	13703.9	11638.4	11497	11005.3
Q80X90	FLNB_MOUSE	Flnb	Filamin-B			2295.83					1807.53		
Q80X95	RRAGA_MOUSE	Rraga	Ras-related GTP-binding protein A	3189.01						12682.8			
Q80XA6	REPS2_MOUSE	Reps2	RalBP1-associated Eps domain-containing protein 2	379.843	2850.56				655.944	454.433	739.417		
Q80XC3	US6NL_MOUSE	Usp6nl	USP6 N-terminal-like protein	4188.62		7100.73	7552.91		4919.43	11299.3	5854.28	5989.79	6008.24
Q80XG9	LRRT4_MOUSE	Lrrtm4	Leucine-rich repeat transmembrane neuronal protein 4	10637.6		9391.92	8504.05	10626.3	6646.33	9874.32	9700.38	8880.31	10188.1
Q80XH4	WSCD1_MOUSE	Wscd1	Sialate:O-sulfotransferase 1	557.205		590.162					341.298		723.152
Q80XI3	IF4G3_MOUSE	Eif4g3	Eukaryotic translation initiation factor 4 gamma 3	12692.4	50922.5	12232.4	9874.7	11003	7421.85	8626.95	12951.8	7594.02	8007.24
Q80XI4	PI42B_MOUSE	Pip4k2b	Phosphatidylinositol 5-phosphate 4-kinase type-2 beta	15891.7	23004.9	15954.8	18084	15569.6	15788.8	16536.9	16885.9	16415.2	16191
Q80XK6	ATG2B_MOUSE	Atg2b	Autophagy-related protein 2 homolog B	489.443									
Q80XL6	ACD11_MOUSE	Acad11	Acyl-CoA dehydrogenase family member 11	3278.89									
Q80XN0	BDH_MOUSE	Bdh1	D-beta-hydroxybutyrate dehydrogenase, mitochondrial	24481.9	36300.5	24744.4	24281.4	28455.4	29538.3	26212.9	23051.6	23909.9	25384.7
Q80XQ2	TBCD5_MOUSE	Tbc1d5	TBC1 domain family member 5	2447.71		8135.28	3751.19				5877.39	3575.48	7277.42
Q80XR2	AT2C1_MOUSE	Atp2c1	Calcium-transporting ATPase type 2C member 1				17191.8		14364.5		14179.3		16949.6
Q80XS6	SMAG2_MOUSE	Samd4b	Protein Smaug homolog 2	1297.45		2339.22						1983.37	
Q80Y17	L2GL1_MOUSE	Llgl1	Lethal(2) giant larvae protein homolog 1	4882.98		5734.47	9380.32	7235.12	7398.73	5376.46	5691.84	4954.35	6793.27
Q80Y24	PRIC2_MOUSE	Prickle2	Prickle-like protein 2	64838.8	42224.5	48218.5	49680.5	49211.9	50659	47678.6	49608.8	46561.7	44987
Q80Y75	DJB13_MOUSE	Dnajb13	DnaJ homolog subfamily B member 13	181.908									
Q80Y83	DIXC1_MOUSE	Dixdc1	Dixin	2546.65		3751.57		4116.24		4700.77			
Q80Y86	MK15_MOUSE	Mapk15	Mitogen-activated protein kinase 15	14728.1	7806.86								
Q80YA9	CNKR2_MOUSE	Cnksr2	Connector enhancer of kinase suppressor of ras 2	70822.7	52761.4	54853.7	55430	54078.2	51777.1	52920.4	56759.8	53958.2	53593.7
Q80YE4	LMTK1_MOUSE	Aatk	Serine/threonine-protein kinase LMTK1	2929.97		3877.71		3235.29		3157.73		2745.42	
Q80YE7	DAPK1_MOUSE	Dapk1	Death-associated protein kinase 1	12691.9	20044.4	16229.3	17604.1	16749.5	15999.1	14523.4	16194	17176.8	17156.1
Q80YF9	RHG33_MOUSE	Arhgap33	Rho GTPase-activating protein 33	7776.66	8077.2	5900.01	6958.42	6043.35	5085.11	5634.72	5883.71	5713.53	6019.99
Q80YN3	BCAS1_MOUSE	Bcas1	Breast carcinoma-amplified sequence 1 homolog	71129.2	68427.9	59412.4	62109.3	65411.9	65256.4	52449.4	56604.3	62833.5	55985.6
Q80YQ8	RMD5A_MOUSE	Rmnd5a	E3 ubiquitin-protein ligase RMND5A	4977.42									
Q80YS6	AFAP1_MOUSE	Afap1	Actin filament-associated protein 1	7525.35		18287		42563.9	26924.4		16994	16385.7	21989.8
Q80YT7	MYOME_MOUSE	Pde4dip	Myomegalin	214.563			711.457					470.307	
Q80YW0	CYH4_MOUSE	Cyth4	Cytohesin-4	2191.35		2490.17	3642.96	5502.64			3211.62	1978.64	
Q80YX1	TENA_MOUSE	Tnc	Tenascin	5031.5	18256.2	6475.63	7680.59	8564.11	7409.65	8145.98	6960.17	6134.61	8000.24
Q80Z10	ASTN2_MOUSE	Astn2	Astrotactin-2	368.696		1003.82		1250.55					647.769
Q80Z24	NEGR1_MOUSE	Negr1	Neuronal growth regulator 1	179928	168305	211053	212960	180667	197545	216328	235703	237569	240465
Q80Z38	SHAN2_MOUSE	Shank2	SH3 and multiple ankyrin repeat domains protein 2	155644	107265	146064	137581	130651	131164	143820	150307	160317	144627
Q80ZF8	AGRB3_MOUSE	Adgrb3	Adhesion G protein-coupled receptor B3	9340.92	12735.1	8078.51	7834.66	7251.57	7635.76	7126.9	6825.36	6143.35	5863.32
Q80ZJ1	RAP2A_MOUSE	Rap2a	Ras-related protein Rap-2a	9273.76	9658.24	8696.51	8191.98	10278.4	10513.3	5736.18	8795.96	7198.84	8818.47
Q80ZJ6	ZER1_MOUSE	Zer1	Protein zer-1 homolog	407.28		902.8							
Q80ZK0	RT10_MOUSE	Mrps10	Small ribosomal subunit protein uS10m	21099.6	31624.5	23661.1	22760.7	23393.9	20070.9	20936.8	30635	27917	26571.6
Q80ZS3	RT26_MOUSE	Mrps26	Small ribosomal subunit protein mS26	10485.7	11041.3	8898.84	9220.31	8198.28	9879.74	10315.5	10823.6	11379.9	11053.9
Q80ZW2	THEM6_MOUSE	Them6	Protein THEM6	9791.47		12471.1	12575.6	12959.2	12411.6		11691.5	13334.5	10738.5
Q80ZX0	Q80ZX0_MOUSE	Sec24b	Sec24 related gene family, member B (S. cerevisiae)	741.226									
Q810B6	ANFY1_MOUSE	Ankfy1	Rabankyrin-5	5880.45									
Q810B7	SLIK5_MOUSE	Slitrk5	SLIT and NTRK-like protein 5	2739.97									
Q810B8	SLIK4_MOUSE	Slitrk4	SLIT and NTRK-like protein 4	529.664									
Q810U3	NFASC_MOUSE	Nfasc	Neurofascin	22696	27165	24899	24953.4	24283.7	25824.8	23083.1	23324.9	26393.8	23751.1
Q810U4	NRCAM_MOUSE	Nrcam	Neuronal cell adhesion molecule	9051.08	19595.6	11261.5	10449.2	9951.35	10910.5	10921.8	11155.2	11119.1	12046.3
Q811D0	DLG1_MOUSE	Dlg1	Disks large homolog 1	73067	68079.8	74210.5	74156.9	69773.9	68761.1	67412.5	67481.4	75153.9	71602.8
Q811L6	MAST4_MOUSE	Mast4	Microtubule-associated serine/threonine-protein kinase 4	3298.39		2652.58				3418.93	3545.43	1981.36	2891.81
Q811P8	RHG32_MOUSE	Arhgap32	Rho GTPase-activating protein 32	29885.2	27494.1	27886.3	28592.2	25750.1	27102.7	25963.8	27282.8	27200.3	26532.8
Q811S7	UBIP1_MOUSE	Ubp1	Upstream-binding protein 1	9757.07	28801.6	9689.2		19163.2		18129.2		8180.56	
Q812A2	SRGP3_MOUSE	Srgap3	SLIT-ROBO Rho GTPase-activating protein 3	5637.4		6761.15	9673.62	8376.02	9373.74	6732.95	8928.28	5626.92	9725.35
Q812E0	CPEB2_MOUSE	Cpeb2	Cytoplasmic polyadenylation element-binding protein 2	2197.34		2241.89		2771.35		2438.59			
Q8BFP9	PDK1_MOUSE	Pdk1	[Pyruvate dehydrogenase (acetyl-transferring)] kinase isozyme 1, mitochondrial	422.849									
Q8BFQ4	WDR82_MOUSE	Wdr82	WD repeat-containing protein 82	24742.2			58525.4		24355.8			17777.1	
Q8BFQ8	GALD1_MOUSE	Gatd1	Glutamine amidotransferase-like class 1 domain-containing protein 1	498.34								1476.58	
Q8BFR5	EFTU_MOUSE	Tufm	Elongation factor Tu, mitochondrial	20098.5	48202.4	20034.9	22670.9	25179.4	24885.6	24270.9	20561.5	19193.3	21950
Q8BFU3	RN214_MOUSE	Rnf214	RING finger protein 214	3528.34	4277.68	3589.09			5239.32		1922.06		4123.27
Q8BFX3	KCTD3_MOUSE	Kctd3	BTB/POZ domain-containing protein KCTD3	2180.69		7755.24	5558.82	8809.95	4780.02	9744.04	3624.01	6394.21	3431.64
Q8BFZ2	PLPR1_MOUSE	Plppr1	Phospholipid phosphatase-related protein type 1	2695.63		2480.92	2911.23	1965.78	1946.84		1719.51	1415.69	1864.61
Q8BFZ3	ACTBL_MOUSE	Actbl2	Beta-actin-like protein 2	1.59345e+06	2.25867e+06	2.5196e+06	2.45432e+06	2.4414e+06	2.49344e+06	2.84319e+06	2.63634e+06	2.77233e+06	2.73004e+06
Q8BFZ9	ERLN2_MOUSE	Erlin2	Erlin-2	10855	14513.8	11527.4	11979.7	11537	11856.5	11996.7	13146.9	10613.8	10429.5
Q8BG02	2ABG_MOUSE	Ppp2r2c	Serine/threonine-protein phosphatase 2A 55 kDa regulatory subunit B gamma isoform	35172.8	38818.5	31451.3	38086.2	34020.1	37838.1	32638.9	34827.9	32585.8	33189.1
Q8BG05	ROA3_MOUSE	Hnrnpa3	Heterogeneous nuclear ribonucleoprotein A3	61028.2	107280	109447	89890.3	154970	79233.5	60629.7	36789.2	57437.4	41200.1
Q8BG32	PSD11_MOUSE	Psmd11	26S proteasome non-ATPase regulatory subunit 11	7587.82	16707.5	6638.45	6884.09	7740.14	8971.9	7149.34	8610.65	6550.74	7551.27
Q8BG39	SV2B_MOUSE	Sv2b	Synaptic vesicle glycoprotein 2B	3071.61							6655.66		
Q8BG51	MIRO1_MOUSE	Rhot1	Mitochondrial Rho GTPase 1	4952.31	6721.9	4486.66	4850.17	4986.01	4126.27	5048.3	4572.46	3760.67	4138.81
Q8BG67	EFR3A_MOUSE	Efr3a	Protein EFR3 homolog A	13587	14475.6	12921.8	12839.3	11629.2	12812.6	12390.7	13297.1	13365.5	13400.2
Q8BG73	SH3L2_MOUSE	Sh3bgrl2	SH3 domain-binding glutamic acid-rich-like protein 2	383.327									
Q8BG75	TM198_MOUSE	Tmem198	Transmembrane protein 198	2073.93					4865.96				
Q8BG81	PDIP3_MOUSE	Poldip3	Polymerase delta-interacting protein 3	4330.28	88034.7	16018	26087.8	30880.6	29187.3	18881.2	16506.9	7727.02	20259.9
Q8BG89	ZN365_MOUSE	Znf365	Protein ZNF365	10296.7	7767.74	9186.34	8065.23	8515.81	7169.54	8582.7	8787.45	8518.62	9612.11
Q8BG95	MYPT2_MOUSE	Ppp1r12b	Protein phosphatase 1 regulatory subunit 12B	23668	66254.3	30122.6	31830.8	30323.7	29381.8	27523.3	29271.6	29245.5	33778.4
Q8BGA3	LRRT2_MOUSE	Lrrtm2	Leucine-rich repeat transmembrane neuronal protein 2	3566.95									
Q8BGD5	CPT1C_MOUSE	Cpt1c	Palmitoyl thioesterase CPT1C	2230.02		1853.69						2582.28	
Q8BGF9	S2544_MOUSE	Slc25a44	Solute carrier family 25 member 44	2427.4	8904.97								
Q8BGG7	UBS3B_MOUSE	Ubash3b	Ubiquitin-associated and SH3 domain-containing protein B	15929.3	24600.2	22187.2	22428.5	23484.4	20629	26432.4	20224.4	19330.8	22670.6
Q8BGH2	SAM50_MOUSE	Samm50	Sorting and assembly machinery component 50 homolog	14075.9	15346.5	16118.2	19804.2	18743.9	19089	19886.2	17150.5	16356.2	17076.6
Q8BGN3	ENPP6_MOUSE	Enpp6	Glycerophosphocholine cholinephosphodiesterase ENPP6	131086	94252.3	133854	125127	132470	147496	106976	126450	138493	122592
Q8BGQ7	SYAC_MOUSE	Aars1	Alanine--tRNA ligase, cytoplasmic	10399									
Q8BGR6	ARL15_MOUSE	Arl15	ADP-ribosylation factor-like protein 15	4809.41		3628.71	4291.81						4215.76
Q8BGS7	CEPT1_MOUSE	Cept1	Choline/ethanolaminephosphotransferase 1	1320.21			1081.37	4466.54		1651.68	1512.18		
Q8BGT6	MILK1_MOUSE	Micall1	MICAL-like protein 1	924.924									
Q8BGT8	PHIPL_MOUSE	Phyhipl	Phytanoyl-CoA hydroxylase-interacting protein-like	903.866		1603.88	1250.91	1353.62			953.638	793.692	1750.74
Q8BGU5	CCNY_MOUSE	Ccny	Cyclin-Y	118641	117693	122252	108773	118829	122868	117390	126743	133679	128055
Q8BGX2	TIM29_MOUSE	Timm29	Mitochondrial import inner membrane translocase subunit Tim29	1441.44	5965.35	2098.78					2865.95	1456.65	
Q8BGY4	KLH26_MOUSE	Klhl26	Kelch-like protein 26	2854.7							2518.83		
Q8BGZ1	HPCL4_MOUSE	Hpcal4	Hippocalcin-like protein 4	1273.35		2036.06	1499.12						1063.7
Q8BGZ2	F168A_MOUSE	Fam168a	Protein FAM168A	4415.97		3678.62	3309.02	4530.77	3270.67	4105.24	1608.37	3278.97	
Q8BGZ4	CDC23_MOUSE	Cdc23	Cell division cycle protein 23 homolog	1197.7									
Q8BH15	CNO10_MOUSE	Cnot10	CCR4-NOT transcription complex subunit 10	293.377									
Q8BH43	WASF2_MOUSE	Wasf2	Actin-binding protein WASF2	1328.69		1711.79		2135.72			1568.56		
Q8BH44	COR2B_MOUSE	Coro2b	Coronin-2B	116545	84592	134131	117385	110598	117177	120119	130399	146204	137255
Q8BH57	WDR48_MOUSE	Wdr48	WD repeat-containing protein 48	5215.26	10608.1	5756.56	6205.18	6279.91	6363.37	6371.97	5547.72	5318.48	5369.88
Q8BH59	S2512_MOUSE	Slc25a12	Electrogenic aspartate/glutamate antiporter SLC25A12, mitochondrial	39532.4	42240.2	32894.2	32071	38749.3	31952.3	36982	28743.2	34138.1	30007.6
Q8BH66	ATLA1_MOUSE	Atl1	Atlastin-1	928.833		1011.11			1070.45	922.417	1113.66	610.407	816.772
Q8BH74	NU107_MOUSE	Nup107	Nuclear pore complex protein Nup107	2802.74		10710.3	7183.42	14288.5	13081.8			7099.62	
Q8BH75	RNF41_MOUSE	Rnf41	E3 ubiquitin-protein ligase NRDP1	1852.55						1872.09		1540.39	
Q8BHE3	ATCAY_MOUSE	Atcay	Caytaxin	2629.48									
Q8BHG1	NRDC_MOUSE	Nrdc	Nardilysin	395.447									
Q8BHH2	RAB9B_MOUSE	Rab9b	Ras-related protein Rab-9B	592.745									
Q8BHJ5	TBL1R_MOUSE	Tbl1xr1	F-box-like/WD repeat-containing protein TBL1XR1	1107.72									
Q8BHJ6	SERC5_MOUSE	Serinc5	Serine incorporator 5	5166.28		4005.13		4380.35	3856.51	3936.4	3963.08	3937.63	3522.54
Q8BHJ7	GBRA5_MOUSE	Gabra5	Gamma-aminobutyric acid receptor subunit alpha-5	3982.24		4094.83	2395.85	4967.41	5641.42	6952.02	3536.99	3539.29	3750.38
Q8BHL3	TB10B_MOUSE	Tbc1d10b	TBC1 domain family member 10B	16147.9	23211.6	14958.3	15727	16827.6	13434.7	15212.4	12708.8	14248.5	14009
Q8BHL5	ELMO2_MOUSE	Elmo2	Engulfment and cell motility protein 2	14554.3	12375.4	14576.4	15439.6	14723.8	14719.5	14049.2	12805.2	11254.9	12079.7
Q8BHR8	CSTP1_MOUSE	Cstpp1	Centriolar satellite-associated tubulin polyglutamylase complex regulator 1	3215.52			4469.32				6893.56		
Q8BHS3	RBM22_MOUSE	Rbm22	Pre-mRNA-splicing factor RBM22	36177.6		141264	137531	147772		87167.2		78288.1	
Q8BHS6	ARMX3_MOUSE	Armcx3	Armadillo repeat-containing X-linked protein 3	747.883		1289.53		1836.93	1715.38		674.871	618.944	3088.06
Q8BHS8	SYBU_MOUSE	Sybu	Syntabulin	3762.55		5392.32	3579.63	7452.29	3422.64	4221.51	3863.18	5602.77	3489.26
Q8BI06	CEMIP_MOUSE	Cemip	Cell migration-inducing and hyaluronan-binding protein	402.102								704.025	540.519
Q8BI08	MAL2_MOUSE	Mal2	Protein MAL2	45541.9	35936.3	36261.5	35743.1	39392.1	41583.5	42660.5	58795.7	56448.4	41009.2
Q8BI84	TGO1_MOUSE	Mia3	Transport and Golgi organization protein 1 homolog	1961.33		2229.59							
Q8BIE6	FRM4A_MOUSE	Frmd4a	FERM domain-containing protein 4A	6704.19	8475.93	5973.52	6306.71	7380.34	7052.48	6158.73	5986.07	5844.26	5739.37
Q8BIF2	RFOX3_MOUSE	Rbfox3	RNA binding protein fox-1 homolog 3	6626.21		4333.01	3121.69	6551.05		3817.2		3654.71	3479.52
Q8BIK4	DOCK9_MOUSE	Dock9	Dedicator of cytokinesis protein 9	95989	92281.4	97303.8	98709	99441.3	104540	91332.3	93748.4	92785.8	93900.9
Q8BIV3	RNBP6_MOUSE	Ranbp6	Ran-binding protein 6	1277.98								1789.54	
Q8BIZ1	ANS1B_MOUSE	Anks1b	Ankyrin repeat and sterile alpha motif domain-containing protein 1B	216022	132293	245902	228821	206780	214647	237547	239617	248886	231661
Q8BJ42	DLGP2_MOUSE	Dlgap2	Disks large-associated protein 2	72822.6	54903.3	68068.9	64218.1	61809.1	61446.7	65014.4	68938.1	73363.1	66960.3
Q8BJ71	NUP93_MOUSE	Nup93	Nuclear pore complex protein Nup93	1099.5		4003.73	3259.03	5150.79	3678.84	2896.13	3303.62	2143.27	2072.19
Q8BJ83	TM2D3_MOUSE	Tm2d3	TM2 domain-containing protein 3	1726.95								2721.33	3454.11
Q8BJA3	HMBX1_MOUSE	Hmbox1	Homeobox-containing protein 1	1576.1									
Q8BJF9	CHM2B_MOUSE	Chmp2b	Charged multivesicular body protein 2b	2917.21		2851.29	3845.45	3236.17	2480.25		2605.3	3569.38	2612.14
Q8BJH1	ZC21A_MOUSE	Zc2hc1a	Zinc finger C2HC domain-containing protein 1A	90485.3	73324.2	54366.8	58030.8	58780.3	57145.3	57633.6	56119.5	54864	57645.7
Q8BJS4	SUN2_MOUSE	Sun2	SUN domain-containing protein 2			932.617			1014.07				
Q8BJW5	NOL11_MOUSE	Nol11	Nucleolar protein 11	658.277	8196.29	4861.08	2067.03	3732.36	2814.78	1656.82	1044.96	1447.28	
Q8BJY1	PSMD5_MOUSE	Psmd5	26S proteasome non-ATPase regulatory subunit 5	1377.86		2273.26					2296.11		1950.99
Q8BJZ3	LFG3_MOUSE	Tmbim1	Protein lifeguard 3	711.151									
Q8BJZ4	RT35_MOUSE	Mrps35	Small ribosomal subunit protein mS35	70341.1	92213.8	69818	74098	71295.8	70906.1	91242.9	81492.5	89409	81685.4
Q8BK63	KC1A_MOUSE	Csnk1a1	Casein kinase I isoform alpha	46182.4	46227.4	37059.3	38804.4	41580.9	31754	38733.4	38553	36103.5	33855.6
Q8BK64	AHSA1_MOUSE	Ahsa1	Activator of 90 kDa heat shock protein ATPase homolog 1	562.958							1369.11		
Q8BK67	RCC2_MOUSE	Rcc2	Protein RCC2	10899.5									
Q8BK72	RT27_MOUSE	Mrps27	Small ribosomal subunit protein mS27	19947.2	30332.4	19403.6	19555.1	18946.8	17835.2	18349	23223.3	21166.2	21583
Q8BKC5	IPO5_MOUSE	Ipo5	Importin-5	1666.78		2680.44						2894.04	
Q8BKF1	RPOM_MOUSE	Polrmt	DNA-directed RNA polymerase, mitochondrial	2014.21		1862.46					2360.64	1696.77	
Q8BKH7	SIN1_MOUSE	Mapkap1	Target of rapamycin complex 2 subunit MAPKAP1	389.631		644.73						429.666	876.027
Q8BKI2	TNR6B_MOUSE	Tnrc6b	Trinucleotide repeat-containing gene 6B protein	2734.97									
Q8BKT7	THOC5_MOUSE	Thoc5	THO complex subunit 5 homolog	855.036		3338.19		4331.13	2361.25	1600.28	911.037	1930.38	
Q8BKX1	BAIP2_MOUSE	Baiap2	Brain-specific angiogenesis inhibitor 1-associated protein 2	240652	166040	260701	237060	221635	233104	247820	253239	278080	262200
Q8BKZ9	ODPX_MOUSE	Pdhx	Pyruvate dehydrogenase protein X component, mitochondrial	5662.63	13178.4	7389.14	10023.7	8523.44	11560.2	7703.91	9932.2	6701.08	9046.05
Q8BL06	UBP54_MOUSE	Usp54	Inactive ubiquitin carboxyl-terminal hydrolase 54	5973.59	14703.3	6847.67	7943.91	5194.98	7183.49	8327.05	4832.43	7114.68	6173.46
Q8BL65	ABLM2_MOUSE	Ablim2	Actin-binding LIM protein 2	112431	102677	132597	121960	108920	118242	128092	136954	142610	133732
Q8BL80	RHG22_MOUSE	Arhgap22	Rho GTPase-activating protein 22	636.167									
Q8BL97	SRSF7_MOUSE	Srsf7	Serine/arginine-rich splicing factor 7	20332.1	16854.1	12895.4	13930.7	14750.2	11168.5	9308.55	9951.16	10327	11360.4
Q8BLC3	LYPD1_MOUSE	Lypd1	Ly6/PLAUR domain-containing protein 1	7837.44	10281.9	7976.71	7547.24	6130.33	7709.81	8673.01	8126.76	8262.89	7369.14
Q8BLF1	NCEH1_MOUSE	Nceh1	Neutral cholesterol ester hydrolase 1	440.943				1215.32			854.158		
Q8BLK3	LSAMP_MOUSE	Lsamp	Limbic system-associated membrane protein	206124	172880	237670	220168	229893	230961	227382	260944	257607	251492
Q8BLN6	UNC80_MOUSE	Unc80	Protein unc-80 homolog	1899.9	9085.61	2618.14	2388.64	3808.35	3522.67	3163.24	2798.58	3220.02	3113.92
Q8BLQ9	CADM2_MOUSE	Cadm2	Cell adhesion molecule 2	3758.8	11728.5	5432.22	4694.42	6333.39	4561.51	5041.75	4545.79	4507.72	4249.16
Q8BLR2	CPNE4_MOUSE	Cpne4	Copine-4	754.776				1722.39	668.043	2054.34	1046.84	1384.75	
Q8BLS7	SWAHA_MOUSE	Sowaha	Ankyrin repeat domain-containing protein SOWAHA	616.265									
Q8BLU0	FLRT2_MOUSE	Flrt2	Leucine-rich repeat transmembrane protein FLRT2	504.679							405.476		
Q8BLY2	SYTC2_MOUSE	Tars3	Threonine--tRNA ligase 2, cytoplasmic	4529.25				12530.9		16322.4	7916.57	6195.53	
Q8BM13	NOE2_MOUSE	Olfm2	Noelin-2	2804.86	4689.19	3407.31	3341.25		3813.09		2726.09	3252.16	2783.35
Q8BM65	NYAP2_MOUSE	Nyap2	Neuronal tyrosine-phosphorylated phosphoinositide-3-kinase adapter 2	3169.81		2713.67	3588.24						
Q8BMA3	CNKR3_MOUSE	Cnksr3	Connector enhancer of kinase suppressor of ras 3	879.336		1560.91	3912.45			1992.47	1546.89		1951.68
Q8BMD2	DZIP1_MOUSE	Dzip1	Cilium assembly protein DZIP1	10927.8									
Q8BME9	CBLN4_MOUSE	Cbln4	Cerebellin-4	2162.59						2950.21			2001.17
Q8BMF4	ODP2_MOUSE	Dlat	Dihydrolipoyllysine-residue acetyltransferase component of pyruvate dehydrogenase complex, mitochondrial	57382.4	60716.3	66710.7	91115	66449.6	102285	66837.2	81782.3	62934.5	84951.3
Q8BMG7	RBGPR_MOUSE	Rab3gap2	Rab3 GTPase-activating protein non-catalytic subunit	521.152			670.451	846.979		1323.69	1096.97	760.569	1095.49
Q8BMJ2	SYLC_MOUSE	Lars1	Leucine--tRNA ligase, cytoplasmic	3102.94		3464.76		6714.21		3549.01	4103.26	3026.75	
Q8BMK4	CKAP4_MOUSE	Ckap4	Cytoskeleton-associated protein 4	29482.7	24514.7	20550.2	22104.9	20280.7	21622.5	19752.3	21395.3	17481.7	22340.4
Q8BML1	MICA2_MOUSE	Mical2	[F-actin]-monooxygenase MICAL2	1673.73	6012.84	2190.86	3261.35	4072.77	3145.46	3616.08	2205.44	2348.8	2707.14
Q8BML9	SYQ_MOUSE	Qars1	Glutamine--tRNA ligase	992.009		1314.12	2019.59		1323.37	1663.67	1556.88	968.067	
Q8BMN4	LMLN_MOUSE	Lmln	Leishmanolysin-like peptidase	1879.82		2154.12	2997.99	2529.39	2805.56		3375.28	2344.42	3331.35
Q8BMS1	ECHA_MOUSE	Hadha	Trifunctional enzyme subunit alpha, mitochondrial	97034.9	100298	91345.9	100185	96122.8	109538	94747.7	96234.4	92961.3	94909.1
Q8BN59	LARP6_MOUSE	Larp6	La-related protein 6	1521.58		1396.72				2507.69	1452.08		
Q8BNA6	FAT3_MOUSE	Fat3	Protocadherin Fat 3	1952.99								2201.87	2790.24
Q8BNJ2	ATS4_MOUSE	Adamts4	A disintegrin and metalloproteinase with thrombospondin motifs 4	4648.65		4991.62	3472.46	5978.49	4377.95	4269.97	4026.98	3831.12	4613.51
Q8BNJ6	NETO2_MOUSE	Neto2	Neuropilin and tolloid-like protein 2	2055.1					2107.87	2295.97			
Q8BNN1	SPA2L_MOUSE	Spata2l	Spermatogenesis-associated protein 2-like protein	25315.1	27389.6	33465.1	34154.1	32620.5	27666.3	28828.2	29780.8	28023.6	27367.3
Q8BNU0	ARMC6_MOUSE	Armc6	Armadillo repeat-containing protein 6	434.653									
Q8BNW9	KBTBB_MOUSE	Kbtbd11	Kelch repeat and BTB domain-containing protein 11	1444.65									
Q8BP00	IQCB1_MOUSE	Iqcb1	IQ calmodulin-binding motif-containing protein 1	273.374									
Q8BP22	CBAR1_MOUSE	Cibar1	CBY1-interacting BAR domain-containing protein 1	325.508							366.881		474.394
Q8BP47	SYNC_MOUSE	Nars1	Asparagine--tRNA ligase, cytoplasmic	580.883		565.905		568.805	886.849	661.122	1147.24	702.773	
Q8BP67	RL24_MOUSE	Rpl24	Large ribosomal subunit protein eL24	98836.4	53685.5	83759.2	78465.6	86011.9	72147.9	83157.6	88808.5	82068.3	76770.4
Q8BP71;Q9JJ43	RFOX1_MOUSE;RFOX2_MOUSE	Rbfox1;Rbfox2	RNA binding protein fox-1 homolog 2	3156.63		3092.06	2988.03	4837.77			1724.63	3317.26	
Q8BP92	RCN2_MOUSE	Rcn2	Reticulocalbin-2	6092.59		5183.6	8605.37	11513.9	8493.21	7364.94	6919.19	6474.28	7438.91
Q8BP99	CA216_MOUSE		UPF0500 protein C1orf216 homolog	191.212						263.257			
Q8BPM0	DAAM1_MOUSE	Daam1	Disheveled-associated activator of morphogenesis 1	3841.5		4660.37	6803.69	5889.56	5910.1	5617.43	5288.2	4889.55	6257.46
Q8BPN8	DMXL2_MOUSE	Dmxl2	DmX-like protein 2	5785.62	12072.9	7006.4	8210.77	7577.52	7549.79	8592.53	7444.47	6351.93	5821.36
Q8BPU7	ELMO1_MOUSE	Elmo1	Engulfment and cell motility protein 1	8870.67		9374.09	10112.9		9511.94	8800.65	10301.4	8723.38	9827.82
Q8BQ30	PPR18_MOUSE	Ppp1r18	Phostensin	11397.2		14695.6	16503.1	20644.9	16866	21012.8	17501.9	15221.4	15022.5
Q8BQM8	EMAL5_MOUSE	Eml5	Echinoderm microtubule-associated protein-like 5	767.092		1519.68			2923.07		1256.25	1131.5	1456.66
Q8BQP9	R7BP_MOUSE	Rgs7bp	Regulator of G-protein signaling 7-binding protein	4373.42		3971.03	5747.04	5567.06	4654.28	4290.15	5373.46	4425.05	3385.09
Q8BQQ1	ZDH14_MOUSE	Zdhhc14	Palmitoyltransferase ZDHHC14	5334.79		7701.41					8102.22		17071
Q8BQU6	CXG2_MOUSE	Gjc2	Gap junction gamma-2 protein	8936.9	9434.52	7519.54	7658.66	8878.78	9581.2	7660.9	8848	8562.46	8381.48
Q8BQZ4	RLGPB_MOUSE	Ralgapb	Ral GTPase-activating protein subunit beta	2418.57		2322.37	2246.29	2391.8	2009.5		2217.92	1757.31	2029.28
Q8BR86	KIRR3_MOUSE	Kirrel3	Kin of IRRE-like protein 3	401.688							973.291		
Q8BRF7	SCFD1_MOUSE	Scfd1	Sec1 family domain-containing protein 1	443.556									
Q8BRK8	AAPK2_MOUSE	Prkaa2	5'-AMP-activated protein kinase catalytic subunit alpha-2	4372.61								3549.48	
Q8BRT1	CLAP2_MOUSE	Clasp2	CLIP-associating protein 2	56770.8	40170.6	42631.1	43849.1	40957.2	45151.6	42516.3	42980.7	43798.2	44457.7
Q8BRV5	K1671_MOUSE	Kiaa1671	Uncharacterized protein KIAA1671	5213.42		5706.24	5022.13	6981.63	5965.32	6421.64	6396.28	4634.22	5569.07
Q8BSF4	PISD_MOUSE	Pisd	Phosphatidylserine decarboxylase proenzyme, mitochondrial	2421.53		2945.97			4211.32		5449.01		
Q8BSL7	ARF2_MOUSE	Arf2	ADP-ribosylation factor 2	19512	49821.7	15015	17113.3	17646.2	16796.9	17697.7	22594.8	13817.1	15179.4
Q8BSS9	LIPA2_MOUSE	Ppfia2	Liprin-alpha-2	34518.4	29032.3	28331.9	32885.2	26119.7	30798	27800.8	29907.8	27998	28535.1
Q8BSZ2	AP3S2_MOUSE	Ap3s2	AP-3 complex subunit sigma-2	1037.3	11434	1657.57	2659.96	3905.47	2220.11	2605.51	1722.17	1325.27	2196.15
Q8BTF8	RALYL_MOUSE	Ralyl	RNA-binding Raly-like protein	1937.04		2499.03		3237.4	1636.21				
Q8BTG3	T11L1_MOUSE	Tcp11l1	T-complex protein 11-like protein 1	204.16									
Q8BTG7	NDRG4_MOUSE	Ndrg4	Protein NDRG4	2136.12									9232.38
Q8BTH8	KC1G1_MOUSE	Csnk1g1	Casein kinase I isoform gamma-1	22063.3	26928.8	20855.1	22718.7	25033.5	22052.1	21565.9	20340.2	21497	21336.8
Q8BTI8	SRRM2_MOUSE	Srrm2	Serine/arginine repetitive matrix protein 2	1538.68	6977.37	2502.88	3330.9	2525.14		3219.29	1600.42	1442.92	1642.21
Q8BTM8	FLNA_MOUSE	Flna	Filamin-A	2212.58		1738.75	7759.42	3382.66	7455.97	5110.96	9123.55	2941.59	7453.11
Q8BTU1	CFA20_MOUSE	Cfap20	Cilia- and flagella-associated protein 20	2858.6		3732.87		3130.76				2695.93	
Q8BTV1	TUSC3_MOUSE	Tusc3	Tumor suppressor candidate 3	9925.31		10604.1	9565.01	12774.3	10706.7	10603.2	9342.98	9681.84	9847.89
Q8BTV2	CPSF7_MOUSE	Cpsf7	Cleavage and polyadenylation specificity factor subunit 7	1237.84	32879.6	6773.09	13577	9403.73	10528.6		5913.49	5060.01	6465.78
Q8BTY2	S4A7_MOUSE	Slc4a7	Sodium bicarbonate cotransporter 3	5476.22		18498		25076.6		21922.1	8031.15	13612.6	
Q8BTY8	SCFD2_MOUSE	Scfd2	Sec1 family domain-containing protein 2	21957.8									
Q8BU30	SYIC_MOUSE	Iars1	Isoleucine--tRNA ligase, cytoplasmic	4627.69		6026.39	5293.09	7416.23	7555.14	6999.24	5808.38	6029.92	5241.91
Q8BU31	RAP2C_MOUSE	Rap2c	Ras-related protein Rap-2c	58752.7	202170	62100.6		134641		93928.4	53850.9	56742.3	
Q8BU85	MSRB3_MOUSE	Msrb3	Methionine-R-sulfoxide reductase B3, mitochondrial	4026.77				4720.26		6666.29		5810.2	6049.69
Q8BU88	RM22_MOUSE	Mrpl22	Large ribosomal subunit protein uL22m	3935.85		4102.71	3292.91	4278.89	4614.02	4988.75	3418.59	3598.58	4244.69
Q8BUI3	LRWD1_MOUSE	LRWD1	Leucine-rich repeat and WD repeat-containing protein 1	5025.32	3402.42	5008.24	5179.84	4549.17	4627.22	4881.99	3964.82	5277.89	4906.48
Q8BUK6	HOOK3_MOUSE	Hook3	Protein Hook homolog 3	1509.28		2495.52		2581.1	2321.59				
Q8BUL6	PKHA1_MOUSE	Plekha1	Pleckstrin homology domain-containing family A member 1	1802.54									
Q8BUM9	UBP43_MOUSE	Usp43	Ubiquitin carboxyl-terminal hydrolase 43	1809.89		3170.24	2314.01	2340.86	2828.47			2059.87	3204.27
Q8BUN9	NCKX2_MOUSE	Slc24a2	Sodium/potassium/calcium exchanger 2	4271.76		6953.72			6524.97			6444.72	5253.79
Q8BUR4	DOCK1_MOUSE	Dock1	Dedicator of cytokinesis protein 1	2897.3		3697.27			6799.77		2251.84	3633.03	5657.6
Q8BUV3	GEPH_MOUSE	Gphn	Gephyrin	28195.4	30645.7	25793.9	26932.7	24770.9	24625.9	20954.1	22661.5	21402.8	20857.4
Q8BUV6	LSM11_MOUSE	Lsm11	U7 snRNA-associated Sm-like protein LSm11	5249.48		6463.63	6316.92	8265.51	6734.19	6674.08	6293.28	6445.02	6849.12
Q8BVE3	VATH_MOUSE	Atp6v1h	V-type proton ATPase subunit H	134031	144835	116698	121947	144223	127266	127496	130148	117431	118941
Q8BVI5	STX16_MOUSE	Stx16	Syntaxin-16	474.499		788.647							
Q8BVL9	JKIP1_MOUSE	Jakmip1	Janus kinase and microtubule-interacting protein 1	2303.97		4848.95	4029.71	3878.56	5131.4		3172.73	3358.34	4066.23
Q8BVP5	KC1G2_MOUSE	Csnk1g2	Casein kinase I isoform gamma-2	4183.06	7238.02	4000.75	5782.97	4294.86	4124.16	3585.96	4395.72	4342.12	4914.96
Q8BVQ5	PPME1_MOUSE	Ppme1	Protein phosphatase methylesterase 1	558.623									
Q8BVR6	RSPRY_MOUSE	Rspry1	RING finger and SPRY domain-containing protein 1	33581.9		53422.6			37530.8		52613.8	49866.5	
Q8BVU0	LRCH3_MOUSE	Lrch3	DISP complex protein LRCH3	4985.99	8874.57	6496.31	5093.78	6995.86	6718.81	5745.67	6390.55	6776.11	6331.73
Q8BVV7	CEP95_MOUSE	Cep95	Centrosomal protein of 95 kDa	942.542		1299.35				1730.5	1957.79		
Q8BVY0	RL1D1_MOUSE	Rsl1d1	Ribosomal L1 domain-containing protein 1	2877.71		6546.76	5674.29	9537.85		4900.93		4757.7	
Q8BW41	PMGT2_MOUSE	Pomgnt2	Protein O-linked-mannose beta-1,4-N-acetylglucosaminyltransferase 2	11051.6		11878.5	12716.2	10959.4	12032.9	11983.4	10767.5	11371	10290
Q8BW56	QTMAN_MOUSE	Gtdc1	tRNA-queuosine alpha-mannosyltransferase	592.7									
Q8BWJ3	KPB2_MOUSE	Phka2	Phosphorylase b kinase regulatory subunit alpha, liver isoform	832.001		2326.69				3878.2			
Q8BWS5	GRIN3_MOUSE	Gprin3	G protein-regulated inducer of neurite outgrowth 3	8791.8	10463.5	8706.35	9294.46	10224.5	8884.39	9441.15	9811.96	8938.67	9131.5
Q8BWT5	DIP2A_MOUSE	Dip2a	Disco-interacting protein 2 homolog A	1821.88		3648.03					3040.03		
Q8BX02	KANK2_MOUSE	Kank2	KN motif and ankyrin repeat domain-containing protein 2	1488.87									
Q8BX10	PGAM5_MOUSE	Pgam5	Serine/threonine-protein phosphatase PGAM5, mitochondrial	234148	142568	225391	206596	215123	203503	204698	214733	226617	220455
Q8BX17	GEMI5_MOUSE	Gemin5	Gem-associated protein 5	5093.41		6532.84					5446.61	6422.89	13679.5
Q8BX70	VP13C_MOUSE	Vps13c	Intermembrane lipid transfer protein VPS13C	428.894		537.492							
Q8BXC6	COMD2_MOUSE	Commd2	COMM domain-containing protein 2	1688.18									
Q8BXK8	AGAP1_MOUSE	Agap1	Arf-GAP with GTPase, ANK repeat and PH domain-containing protein 1	19429	18634.1	15470.5	18440.5	16714.7	16780.6	17348.3	16609.1	16219.8	17581.9
Q8BXL9	IFFO1_MOUSE	Iffo1	Non-homologous end joining factor IFFO1	954.586				1867.58			820.18		1114.54
Q8BXR5	NALCN_MOUSE	Nalcn	Sodium leak channel NALCN	1485.31		2254.54	2077.46	3218.06	2337.93		2164.05	2351.27	1828.45
Q8BXR9	OSBL6_MOUSE	Osbpl6	Oxysterol-binding protein-related protein 6	1843.26		4389.8	5061.38	5797.85	3270.26	4679.27	5285.3	4534.67	7449.09
Q8BXV2	BRI3B_MOUSE	Bri3bp	BRI3-binding protein	1442.55		2289.9	2482.08	2220.62		1887.99	1145.27	2062.73	1423.19
Q8BY02	NKRF_MOUSE	Nkrf	NF-kappa-B-repressing factor	1481.16								676.363	
Q8BYC6	TAOK3_MOUSE	Taok3	Serine/threonine-protein kinase TAO3	2057.16		3177.83				4872.82	2923.47		4115.4
Q8BYH7	TBC17_MOUSE	Tbc1d17	TBC1 domain family member 17	144.915									
Q8BYI9	TENR_MOUSE	Tnr	Tenascin-R	67691.5	62484.8	70604.3	69319.3	65111.7	63536	67528.7	68705.8	82264.4	75355.5
Q8BYK5	PHAR3_MOUSE	Phactr3	Phosphatase and actin regulator 3	2543.96									
Q8BYK6	YTHD3_MOUSE	Ythdf3	YTH domain-containing family protein 3	2711.98						7514.07			
Q8BYM5	NLGN3_MOUSE	Nlgn3	Neuroligin-3	3095.64	8848.36	3249.01	4462.06	3036.93	3498.29	2911.77	2999.41	2470.35	3248.1
Q8BYM7	RSH4A_MOUSE	Rsph4a	Radial spoke head protein 4 homolog A	1863.82									
Q8BYP3	RHOF_MOUSE	Rhof	Rho-related GTP-binding protein RhoF	2651.36								2884.7	
Q8BZ05	ARAP2_MOUSE	Arap2	Arf-GAP with Rho-GAP domain, ANK repeat and PH domain-containing protein 2	1349.48							2275.33		1481.29
Q8BZ20	PAR12_MOUSE	Parp12	Protein mono-ADP-ribosyltransferase PARP12	1157.81									
Q8BZ60	STON2_MOUSE	Ston2	Stonin-2	3461.51	13455.5	2966.72	3275.43	3609.77	2401.6	2695.74	2075.86	3493.2	3111.04
Q8BZ81	LRRT3_MOUSE	Lrrtm3	Leucine-rich repeat transmembrane neuronal protein 3	3363.52		4555.22	5336.64		3236.13	3784.98	3280.8	3744.71	5160.09
Q8BZ98	DYN3_MOUSE	Dnm3	Dynamin-3	5985.02		8045.09	8280.99	9077.08	7570.44	7928.22	7340.7	7744.53	9791.85
Q8BZI0	AF1L1_MOUSE	Afap1l1	Actin filament-associated protein 1-like 1	1364.01									
Q8BZL1	NEUR4_MOUSE	Neu4	Sialidase-4	1802.23									
Q8BZL4	GPR22_MOUSE	Gpr22	G-protein coupled receptor 22	2193.69		3077.12	5364.2				3601.82	2587.79	3666.53
Q8BZM0	KLH12_MOUSE	Klhl12	Kelch-like protein 12	1180.33									
Q8BZN6	DOC10_MOUSE	Dock10	Dedicator of cytokinesis protein 10	11853.3	13449.1	12239.4	12457.7	13901.7	12836.8	12020.3	11185.1	11610	10832
Q8BZZ3	WWP1_MOUSE	Wwp1	NEDD4-like E3 ubiquitin-protein ligase WWP1	4913.14		6770.7	11105.7	6715.5	9561.6	6264.45	7703.29	6281.63	9680.69
Q8C008	DZAN1_MOUSE	Dzank1	Double zinc ribbon and ankyrin repeat-containing protein 1	10187.9		13109.5	11362.5	15892.7	18796.1	21146.9	12560.7	17502.6	15830.7
Q8C015	PAK5_MOUSE	Pak5	Serine/threonine-protein kinase PAK 5	19997.9	24225	17015.4	20465.7	20893.6	22897.1	19025.8	20435.5	18856.6	21219.4
Q8C033	ARHGA_MOUSE	Arhgef10	Rho guanine nucleotide exchange factor 10	1344.9		1798.3		2782.79	1913.74		1785.4	1900.29	
Q8C052	MAP1S_MOUSE	Map1s	Microtubule-associated protein 1S	3151.14	2795.77	2958.94	3459.13	3921.67	3621.86	3056.31	2657.11	3090.08	3120.06
Q8C078	KKCC2_MOUSE	Camkk2	Calcium/calmodulin-dependent protein kinase kinase 2	2242.86									
Q8C079	STRP1_MOUSE	Strip1	Striatin-interacting protein 1	9245.54	14973.1	11212	13428.2	11945.1	12686.4	11615	12558.8	11254.9	11903.6
Q8C0C7	SYFA_MOUSE	Farsa	Phenylalanine--tRNA ligase alpha subunit	3311.29		4468.7	4887.57	6334.16	7764.17	5880.92	2408.49	3864.35	6993.76
Q8C0D9	CEP68_MOUSE	Cep68	Centrosomal protein of 68 kDa	2925.87		3704.43	4042.97	4509.27	2922.37	4019.91	4924.31	4303.88	4553.09
Q8C0E2	VP26B_MOUSE	Vps26b	Vacuolar protein sorting-associated protein 26B	2276.06	8900.93	3308.75	2564.56	3525.11	4526.35	4278.37	5274.14	3319.86	2448.61
Q8C0K5	GDC_MOUSE	Slc25a16	Solute carrier family 25 member 16	1952.05		2293.98	2527.11	2582.92	2146.19	2644.94	2091.9	2418.58	2526.68
Q8C0M0	WDR59_MOUSE	Wdr59	GATOR2 complex protein WDR59	4303.27		2997.55					3719.4	3173.04	
Q8C0M9	ASGL1_MOUSE	Asrgl1	Isoaspartyl peptidase/L-asparaginase	2888.83	5507.15	3425.96	4460.92	4073.21	3774.99	3860.44	3391.09	3295.28	2530.07
Q8C0P5	COR2A_MOUSE	Coro2a	Coronin-2A	64336.9	47589.1	62685.9	51417	58907.3	53131.9	70572.1	65876.6	70587	67131.6
Q8C0Q9	RPGF5_MOUSE	Rapgef5	Rap guanine nucleotide exchange factor 5									14200.7	13393.4
Q8C0T5	SI1L1_MOUSE	Sipa1l1	Signal-induced proliferation-associated 1-like protein 1	62092.1	51271	64633.6	61733.7	61063	61487	66174.2	69662.5	74088.6	69967.4
Q8C147	DOCK8_MOUSE	Dock8	Dedicator of cytokinesis protein 8	2967.67		3943.01		6696.32	5311.13	4651.16	3076.75	3408.58	3276.5
Q8C163	EXOG_MOUSE	Exog	Nuclease EXOG, mitochondrial	24573.1	15982.8	17779.1	15519.9	16517.7	17365	17845.2	16633.3	18037	16830.9
Q8C170	MYO9A_MOUSE	Myo9a	Unconventional myosin-IXa	1713.72	2417.42	1957.74	3048.9	3196.84	2889	3194.2	1799.46	2292.18	1774.48
Q8C180	FRS2_MOUSE	Frs2	Fibroblast growth factor receptor substrate 2	2682.28	5850.06	2976.98	2443.6	1827.73	2975.51	7699.05	3192.46	3071.71	3212.96
Q8C190	VP9D1_MOUSE	Vps9d1	VPS9 domain-containing protein 1	14205.6									
Q8C1B1	CAMP2_MOUSE	Camsap2	Calmodulin-regulated spectrin-associated protein 2	9943.27	14011.3	10169.5	11161.4	10901.7	9905.59	10833.4	10034.6	10686.2	11121.6
Q8C1B7	SEP11_MOUSE	Septin11	Septin-11	7856.88	16143.7	9252.78	11024.3	8531.73	8822.47	6969.18	8974.45	8630.01	7916.15
Q8C2E7	WASC5_MOUSE	Washc5	WASH complex subunit 5	649.559		1085.47	2486.99	841.719	1493.16	968.011	1237.09	659.415	803.512
Q8C2Q3	RBM14_MOUSE	Rbm14	RNA-binding protein 14	43043	51183.3	49742.1	48106.9	62859.2	47609.8	36644.2	30541.8	32100.5	34195.6
Q8C3F2	F120C_MOUSE	Fam120c	Constitutive coactivator of PPAR-gamma-like protein 2	18158.3	12006.6	6434.4	7215.21	8374.89	7380.65	7895.21	6558.07	7637.1	6664.88
Q8C3J5	DOCK2_MOUSE	Dock2	Dedicator of cytokinesis protein 2	1075.59		1631.33	1226.54	2658.7	1895.62	3220.48	2573.74	2350.14	2823.37
Q8C3Q5	SHSA7_MOUSE	Shisa7	Protein shisa-7	48937.6	36869.2	39873.4	37060.2	39841.8	37288.3	42154.1	41210.7	40990.9	40659.8
Q8C3W1	CA198_MOUSE		Uncharacterized protein C1orf198 homolog	23169.6		23969	23214.3	25182	25787.6		20332.1	21988.1	23147.9
Q8C419	MGLYR_MOUSE	Gpr158	Metabotropic glycine receptor	10341.8	15416.7	10891.6	14851.8	12830.9	14312.8	10988.9	12636.7	9278.8	12558.8
Q8C437	PEX5R_MOUSE	Pex5l	PEX5-related protein	1520.57		2499.51				2538.49	5386.95	2526.85	
Q8C460	ERI3_MOUSE	Eri3	ERI1 exoribonuclease 3	6119.77		5632.45							
Q8C4G9	AGRA1_MOUSE	Adgra1	Adhesion G protein-coupled receptor A1	4988.33	7449.98	3807.95	4478.83	5466.81		3869.06			2766.19
Q8C4X2	KC1G3_MOUSE	Csnk1g3	Casein kinase I isoform gamma-3	1183.5		2465.74	1296.74						3056.22
Q8C522	ENDD1_MOUSE	Endod1	Endonuclease domain-containing 1 protein	3116.18	3081.74	3287.52	3911.6	2991.9	3315.36	2909.98	3061.42	3314.22	2987.68
Q8C547	HTR5B_MOUSE	Heatr5b	HEAT repeat-containing protein 5B	2578.59									
Q8C570	RAE1L_MOUSE	Rae1	mRNA export factor	2229.54		2378.1	3138.84	1883.79	2488.81	1930.48	1742.73	1807.73	
Q8C5L3	CNOT2_MOUSE	Cnot2	CCR4-NOT transcription complex subunit 2	606.264		1128.97	2297.94		2274.46		1219.51	724.405	
Q8C5Q4	GRSF1_MOUSE	Grsf1	G-rich sequence factor 1	15761.7		17234.1		17484.6		16175.7	14610.1	19250.2	20318.2
Q8C5W0	CLMN_MOUSE	Clmn	Calmin	23278.4	23937.7	23060.8	25665.7	23348.8	27691.2	25264.3	26250.3	28089.8	30560.4
Q8C6G8	WDR26_MOUSE	Wdr26	WD repeat-containing protein 26	33013.3	52066.5	39694.2	41939.4	41905.8	38064.8	44244	47449.5	39793.5	36504.5
Q8C726	BTBD9_MOUSE	Btbd9	BTB/POZ domain-containing protein 9	298.125				672.554				453.906	
Q8C729	HYCC2_MOUSE	Hycc2	Hyccin 2	6383.65	7707.94	6101.12	7664.11	6292.24	6735.3	6357.92	6788.5	6750.32	7391.75
Q8C739	F110B_MOUSE	Fam110b	Protein FAM110B	6676.31	56030.3	10453	14545.5	11704.8	14793.1	16739.9	12622.9	11693.2	10854
Q8C761	DC2I1_MOUSE	Dync2i1	Cytoplasmic dynein 2 intermediate chain 1	5525.99	103803	18347.8		41677.7	23609.5	28147.2	13236.6		23764.8
Q8C7J6	Q8C7J6_MOUSE	Kctd12b	Potassium channel tetramerisation domain containing 12b	3231.89		6324.91					3635.21	4212.97	
Q8C7M3	TRIM9_MOUSE	Trim9	E3 ubiquitin-protein ligase TRIM9	36208.7	63290.1	43946.7	43145.3	45457.8	43094.7	35582.8	39148.9	36570.1	41688.5
Q8C7U1	N4BP3_MOUSE	N4bp3	NEDD4-binding protein 3	3858.89		4190.67	5672.3	4683.07	4907.49	5752.12	5249.39	4619.61	5539.79
Q8C7V3	UTP15_MOUSE	Utp15	U3 small nucleolar RNA-associated protein 15 homolog	454.666			1287.88				588.17	560.884	
Q8C7X2	EMC1_MOUSE	Emc1	ER membrane protein complex subunit 1	3993.83	34072.5	13050.7	16611.9	28753.2	20316.7	17492.9	8078.13	12997.1	
Q8C804	SPICE_MOUSE	Spice1	Spindle and centriole-associated protein 1	1842.24									
Q8C854	MYEF2_MOUSE	Myef2	Myelin expression factor 2	17237.4	31641.5	30149.8	23722.1	45276.1	23924.9	20443.6	10439.9	17564.4	12652
Q8C8N2	SCAI_MOUSE	Scai	Protein SCAI	35440.6	27809.2	33341.9	30311.6	32271.4	32621.4	29657.8	31060.6	31307.6	33994.6
Q8C8R3	ANK2_MOUSE	Ank2	Ankyrin-2	199718	171059	217150	205905	201163	211708	211209	228962	235711	217679
Q8C8T7	ELFN1_MOUSE	Elfn1	Protein ELFN1	4715.93		6214.05	8259.28	5475.52	6142.37	6644.93	5871.65	5595.48	4373.59
Q8C8U0	LIPB1_MOUSE	Ppfibp1	Liprin-beta-1	4367.95		5666.3	4213.79	6472.02	7825.51	4829.16	5792.08	4495.63	5634.28
Q8C996	TM163_MOUSE	Tmem163	Transmembrane protein 163	1396.36		1253.27	1088.23						
Q8C9H6	STRP2_MOUSE	Strip2	Striatin-interacting proteins 2	1135.25		2153.36	1192.46			1896.63	1810.29	1986.54	2195.26
Q8CAA7	PGM2L_MOUSE	Pgm2l1	Glucose 1,6-bisphosphate synthase	489.586	1218.31	555.467						889.952	
Q8CAE9	PDXL2_MOUSE	Podxl2	Podocalyxin-like protein 2	192.374				616.46					
Q8CAK3	SHFL_MOUSE	Shfl	Shiftless antiviral inhibitor of ribosomal frameshifting protein homolog	23081.4	9859.19	9126.85	8847.6	9970.55	8408.46	9333.15	9731.2	9700.98	8678.32
Q8CAL5	GPC5_MOUSE	Gpc5	Glypican-5	3231.39	7531.69	5066.94	4187.44	4949.36	4659.86	5022.86	4177.36	4829.34	4841.94
Q8CAQ8	MIC60_MOUSE	Immt	MICOS complex subunit Mic60	25607.9	29682.7	24800	23990.8	26774.3	25482.3	24242.6	24882.6	24001.8	23227.6
Q8CBE3	WDR37_MOUSE	Wdr37	WD repeat-containing protein 37	16360.7	15785.7	17164.5	27087	18442.5	26853.2	15606.5	21621.1	15388.1	23506.9
Q8CBW3	ABI1_MOUSE	Abi1	Abl interactor 1	46232.4	46528.5	41523.6	44388.1	39608.5	39394.2	40445.9	41718.6	39689.1	38942.4
Q8CBY1	SMAG1_MOUSE	Samd4a	Protein Smaug homolog 1	3715.21									
Q8CBY8	DCTN4_MOUSE	Dctn4	Dynactin subunit 4	9677.48	15694	11479.6	10956.7	10138.5	12418.2	12972.4	11061.4	11234.9	10731.9
Q8CC27	CACB2_MOUSE	Cacnb2	Voltage-dependent L-type calcium channel subunit beta-2	3954.9	8711.68	4472.44	5895.52	4626.97	5959.66	5097.66	4642.27	4558.96	5498.43
Q8CC35	SYNPO_MOUSE	Synpo	Synaptopodin	158885	121205	163008	155718	146066	140668	162035	170249	192266	177178
Q8CCB4	VPS53_MOUSE	Vps53	Vacuolar protein sorting-associated protein 53 homolog	2717.11									
Q8CCF0	PRP31_MOUSE	Prpf31	U4/U6 small nuclear ribonucleoprotein Prp31			3513.75					6045.32		4222.87
Q8CCJ3	UFL1_MOUSE	Ufl1	E3 UFM1-protein ligase 1	1090.54									
Q8CCJ4	AMER2_MOUSE	Amer2	APC membrane recruitment protein 2	6863.33	12028.1	6170.82	5653.25	8071.53	7077.46	5790.89	7458.44	4683.1	6931.73
Q8CCK0	H2AW_MOUSE	Macroh2a2	Core histone macro-H2A.2	57128.5	211189	278255	222491	363024	159087	134584	63729.9	146197	112975
Q8CCP0	NEMF_MOUSE	Nemf	Ribosome quality control complex subunit NEMF	1091.24		888.421	1171.24	1237.66		1384.78	1176.85	1078.23	1617
Q8CCS6	PABP2_MOUSE	Pabpn1	Polyadenylate-binding protein 2	1168.66		4959.37	4670.36	4695.22		3481.25			
Q8CCX5	KT222_MOUSE	Krt222	Keratin-like protein KRT222	2781.03		3404.23	5224.3	4719.28	5393.98	6090.64	6251.39	4797.5	6400.68
Q8CD60	INSY1_MOUSE	Insyn1	Inhibitory synaptic factor 1	589.895		622.148						647.544	
Q8CDG3	VCIP1_MOUSE	Vcpip1	Deubiquitinating protein VCPIP1	7612.56									
Q8CE90	MP2K7_MOUSE	Map2k7	Dual specificity mitogen-activated protein kinase kinase 7	1597.35									
Q8CEC0	NUP88_MOUSE	Nup88	Nuclear pore complex protein Nup88	636.781	4007.8	1651.07	1906.93	2709.73				1154.05	
Q8CEE7	RDH13_MOUSE	Rdh13	Retinol dehydrogenase 13	520.575	4045.74								
Q8CEG5	CC28B_MOUSE	Ccdc28b	Coiled-coil domain-containing protein 28B	543.329									
Q8CFI0	NED4L_MOUSE	Nedd4l	E3 ubiquitin-protein ligase NEDD4-like	18933.6	21176.2	21983.3	20727.8	20593.7	19730.1	21214.5	20033.4	19980.6	18117.7
Q8CFI7	RPB2_MOUSE	Polr2b	DNA-directed RNA polymerase II subunit RPB2	543.92		2508.86	2529.54	4152.4	2010.29		1157.18	911.834	1390.51
Q8CFJ9	WDR24_MOUSE	Wdr24	GATOR2 complex protein WDR24	13381.6		6630.52				10046.9	6476.99		
Q8CFV4	NRN1_MOUSE	Nrn1	Neuritin	32774.4	13425.8	12238.2	12262.6	11836	10803.4	11046	13120.2	8875.23	9068.24
Q8CFW7	C2D2A_MOUSE	Cc2d2a	Coiled-coil and C2 domain-containing protein 2A	43419	772468			322966				332414	386036
Q8CFX3	Q8CFX3_MOUSE	Pcdh1	Protocadherin 1	5326.84		5428.55		6526.64	5871.58	5454.4	5896.84	5126.29	4490.12
Q8CG73	FTM_MOUSE	Rpgrip1l	Protein fantom	179.773									
Q8CG79	ASPP2_MOUSE	Tp53bp2	Apoptosis-stimulating of p53 protein 2	2193.58									
Q8CGC7	SYEP_MOUSE	Eprs1	Bifunctional glutamate/proline--tRNA ligase	10619.5	18359.7	9767.73	11519.6	12458.1	11013.5	10387	11222.8	9958.52	9759.43
Q8CGE9	RGS12_MOUSE	Rgs12	Regulator of G-protein signaling 12	3498.5		4553.77	6518.99	3171.08		5167.76	4308.09	4623	3716.42
Q8CGF6	WDR47_MOUSE	Wdr47	WD repeat-containing protein 47	40989.2	29981.3	34991.2	35657.2	31806.3	33424.8	33734.1	35674.8	37616.2	33746.6
Q8CGM1	AGRB2_MOUSE	Adgrb2	Adhesion G protein-coupled receptor B2	22156.5	22489.4	21363	19380.7	17888.1	18108.2	18817.2	20260.7	19605.5	18728.6
Q8CGP0;Q9D2U9	H2B3A_MOUSE;H2B3B_MOUSE	H2bc26;H2bu2	Histone H2B type 3-B	23950.1	176265	25837.6	31636.6	42317.3	18994.6	14626.7	6454.8	9897.49	14426.3
Q8CGU1	CACO1_MOUSE	Calcoco1	Calcium-binding and coiled-coil domain-containing protein 1	6571.52	9375.31	8316.29	6494.4	7488.69	6692.97	8310.19	5660.16	7320.4	7330.57
Q8CGY8	OGT1_MOUSE	Ogt	UDP-N-acetylglucosamine--peptide N-acetylglucosaminyltransferase 110 kDa subunit	21655.4	25020	21430.8	23563.9	21859.4	22395.3	21001.3	20137.5	18797.1	17702.2
Q8CH09	SUGP2_MOUSE	Sugp2	SURP and G-patch domain-containing protein 2	1890.56	9699.69	3740.73	4043.07	5929.3	4058.47	3336.48	1769.94	2934.04	2316.82
Q8CH77	NAV1_MOUSE	Nav1	Neuron navigator 1	20056.9	19731.4	15724.9	17037.8	18749.8	19325.3	17638.5	18574.1	15827.2	17462.6
Q8CHC4	SYNJ1_MOUSE	Synj1	Synaptojanin-1	13046.6	19488.5	11125.2	12067.3	11973.7	12424.1	11498.2	10462.6	9613.24	10976.6
Q8CHE4	PHLP1_MOUSE	Phlpp1	PH domain leucine-rich repeat-containing protein phosphatase 1	177.358			1131.72				397.596		
Q8CHG7	RPGF2_MOUSE	Rapgef2	Rap guanine nucleotide exchange factor 2	3901.47		10721.2	5842.87	16920.6	6087.84	14290.3	4690.32	9739.99	5880.83
Q8CHH9	SEPT8_MOUSE	Septin8	Septin-8	55653.6	52782	63310.4	63203.3	60865.3	67195	50442.7	54776.7	51565.8	56819.8
Q8CHK2	REL3_MOUSE	Rln3	Relaxin-3	715.633									
Q8CHU3	EPN2_MOUSE	Epn2	Epsin-2	6046.86	8329.2	6245.46	5649.9	6658.02	6485.12	5882.51	5196.22	6027.85	6419.75
Q8CHW4	EI2BE_MOUSE	Eif2b5	Translation initiation factor eIF2B subunit epsilon	329.101									
Q8CHX7	RFTN2_MOUSE	Rftn2	Raftlin-2	609.501	1410.81				2147.5		649.04	1262.1	
Q8CI08	SLAI2_MOUSE	Slain2	SLAIN motif-containing protein 2	928.831								1413.26	
Q8CI32	BAG5_MOUSE	Bag5	BAG family molecular chaperone regulator 5	3715.55		3943.93	5534.33	6223.57	6447.07	5004.01	2636.42	4312.92	4435.73
Q8CI43	MYL6B_MOUSE	Myl6b	Myosin light chain 6B	125725	106321	148114	149222	154287	143800	149269	149564	144430	155719
Q8CI51	PDLI5_MOUSE	Pdlim5	PDZ and LIM domain protein 5	879.299	3356.8	1232.44			1191.26		1296.61	995.928	1068.87
Q8CI94	PYGB_MOUSE	Pygb	Glycogen phosphorylase, brain form	3341.91	8711.88	5078.2		7669.13	5030.05	6742.2	6058.4	3606	5927.46
Q8CI96	CLIP4_MOUSE	Clip4	CAP-Gly domain-containing linker protein 4	667.388								846.333	
Q8CIE6	COPA_MOUSE	Copa	Coatomer subunit alpha	3026.06		4596.34		8974.55		6396.24	6568.88	3697.76	7599.83
Q8CIG8	ANM5_MOUSE	Prmt5	Protein arginine N-methyltransferase 5	7959.73	18972.4	8207.16	10407.3	14940	8366.55	10610.8	9737.62	5463.92	9833.35
Q8CIP4	MARK4_MOUSE	Mark4	MAP/microtubule affinity-regulating kinase 4	121107	100627	90951.9	95144	82475.5	94842.7	89184.9	89426.4	97716.9	92302
Q8CIP5	DISP2_MOUSE	Disp2	Protein dispatched homolog 2	7581.62		29448.7		42870.2	2660.65	28307.9		21391.8	
Q8CIQ7	DOCK3_MOUSE	Dock3	Dedicator of cytokinesis protein 3	11282.5	13138.5	12673.6	10365	12562.9	9841.04	11779.1	9256.3	10024.2	8471.21
Q8CIW5	PEO1_MOUSE	Twnk	Twinkle mtDNA helicase	11993.2									
Q8CJ19	MICA3_MOUSE	Mical3	[F-actin]-monooxygenase MICAL3	11119.7	23588.2	12623.5	13722.6	13373.2	12341.5	14364.1	11680.7	12870.2	12240.1
Q8CJ40	CROCC_MOUSE	Crocc	Rootletin	9658.7	42002.3	15564.3	17615.7	16175.7	17273.7	18663.9	16441.6	19801.6	20977.8
Q8CJ67	STAU2_MOUSE	Stau2	Double-stranded RNA-binding protein Staufen homolog 2	44903.7	29433.5	19544.2	28004.4	29416.8	21765	28517.6	22418.8	22645.2	31326.9
Q8CJG0	AGO2_MOUSE	Ago2	Protein argonaute-2	12905.8		7950.04	8943.12	9596.52	7743.36	5590.25	6733.15	9019.45	14162.6
Q8CJG1	AGO1_MOUSE	Ago1	Protein argonaute-1	3519.48		1223.14				1646.14		1181.14	
Q8HW98	IGLO5_MOUSE	Iglon5	IgLON family member 5	30624.2	21994.2	30343.5	26432.8	29160.2	28907.5	31553.1	31111.4	32155.9	33042.7
Q8JZK9	HMCS1_MOUSE	Hmgcs1	Hydroxymethylglutaryl-CoA synthase, cytoplasmic	2020.42									
Q8JZM0	TFB1M_MOUSE	Tfb1m	Dimethyladenosine transferase 1, mitochondrial	5046.08		4546	6489.51	3526.46	6292.64	4828.79	4980.57	5457.73	4202.44
Q8JZN5	ACAD9_MOUSE	Acad9	Complex I assembly factor ACAD9, mitochondrial	9747.76		10877.3		18292.8	17522.1	25429		15699.5	
Q8JZP3	KLHL2_MOUSE	Klhl2	Kelch-like protein 2	1825.98	3758.54	2063.17	2064.93	2784.9	3300.07	3034.76		2098.08	2294.89
Q8JZP9	GA2L1_MOUSE	Gas2l1	GAS2-like protein 1	5828.88	5673.18	5679.25	6834.99	5681.1	5550.5	5545.92	4989.1	5049.15	6178.97
Q8JZQ2	AFG32_MOUSE	Afg3l2	AFG3-like protein 2	1330.31								2466.31	
Q8JZQ9	EIF3B_MOUSE	Eif3b	Eukaryotic translation initiation factor 3 subunit B	5154.82	11344	4934.9	5724.48	6543.22	5364.15	7060.9	5023.76	6637.77	5038
Q8JZR6	S4A8_MOUSE	Slc4a8	Electroneutral sodium bicarbonate exchanger 1	2674.81		5614.99			5168.15		5085.14		
Q8JZS0	LIN7A_MOUSE	Lin7a	Protein lin-7 homolog A	9136.73	10445.7	7984.26	9313.65	9326.08	9200.22	7395.34	8820.96	8930.05	8234.5
Q8JZS9	RM48_MOUSE	Mrpl48	Large ribosomal subunit protein mL48	1796.5	2457.04	2431.98	2713.91	3168.03	3731.58	2589.37	3582.91	1887.03	2958.03
Q8JZU2	TXTP_MOUSE	Slc25a1	Tricarboxylate transport protein, mitochondrial	49056.3	39133.7	45876.2	37342	58514	37200.4	54175.9	35554	46069.7	35272.1
Q8JZW5	SH2D5_MOUSE	Sh2d5	SH2 domain-containing protein 5	1824.46		2481.8	5950.78	3777.84		4676.17		2126.92	
Q8JZW8	PNMA3_MOUSE	Pnma3	Paraneoplastic antigen Ma3 homolog	791.774		1389		2520					
Q8JZX4	SPF45_MOUSE	Rbm17	Splicing factor 45	346.582	2325.6	1143	1352.29	2428.37	1213.05	2292.69	752.214	956.738	
Q8K004	SPAT2_MOUSE	Spata2	Spermatogenesis-associated protein 2	6573.75		9026.29	13001.7	9225.53		6727.09	9025.03	8234.33	7482.22
Q8K012	FBP1L_MOUSE	Fnbp1l	Formin-binding protein 1-like	6820.05									
Q8K019	BCLF1_MOUSE	Bclaf1	Bcl-2-associated transcription factor 1	8745.63		4640.15	4026.03	6089.31	4020.06	2771.15	3113.19	5106.82	2336.9
Q8K070	SAM14_MOUSE	Samd14	Sterile alpha motif domain-containing protein 14	522.547				1666.95					
Q8K0D0	CDK17_MOUSE	Cdk17	Cyclin-dependent kinase 17	5206.36	10751.1	4651.83	5682.29	6894.3	5502.51	5113.12	5481.59	4901.25	5673.67
Q8K0E7	SERC2_MOUSE	Serinc2	Serine incorporator 2	958.81		1489.84					1358.06		
Q8K0E8	FIBB_MOUSE	Fgb	Fibrinogen beta chain	3881.72									
Q8K0G5	EIPR1_MOUSE	Eipr1	EARP and GARP complex-interacting protein 1	2961.63							4500.31	4577.55	
Q8K0L9	ZBT20_MOUSE	Zbtb20	Zinc finger and BTB domain-containing protein 20	1749.83	9441.97	7979.13	5082.51	13125.5	7360.09	6982.98	2654.95	3504.97	
Q8K0P3	MEAK7_MOUSE	Meak7	MTOR-associated protein MEAK7	4312.7									
Q8K0S0	PHYIP_MOUSE	Phyhip	Phytanoyl-CoA hydroxylase-interacting protein	1345.14			1103.44		2332.04	2483.64		2543.84	
Q8K0S5	R4RL1_MOUSE	Rtn4rl1	Reticulon-4 receptor-like 1	4422.23	4095.37	3692.87	3172.28	5105.38	4338.69	4163.24	4064.24	4224.55	3271.87
Q8K0T0	RTN1_MOUSE	Rtn1	Reticulon-1	16245.9	34991.4	21402.1	19256.4	24430.9	22480.5	22916.9	21358.6	22172.8	19469.3
Q8K0T7	UN13C_MOUSE	Unc13c	Protein unc-13 homolog C	4210.87									
Q8K0U4	HS12A_MOUSE	Hspa12a	Heat shock 70 kDa protein 12A	23629.2	26078	21447.8	21840.1	21734.3	23024.7	20683.3	21364.1	23400.3	22378.9
Q8K0V2	DCNL3_MOUSE	Dcun1d3	DCN1-like protein 3	2817.99		4698.79	3235	4543.58	3900.2	4717.47	4182	3291.03	3531.64
Q8K0V4	CNOT3_MOUSE	Cnot3	CCR4-NOT transcription complex subunit 3	1959.52								1615.62	
Q8K0X8	FEZ1_MOUSE	Fez1	Fasciculation and elongation protein zeta-1	628.665									
Q8K1A6	C2D1A_MOUSE	Cc2d1a	Coiled-coil and C2 domain-containing protein 1A	832.145									
Q8K1M6	DNM1L_MOUSE	Dnm1l	Dynamin-1-like protein	4209.76	12201.4	4586.06		3785.29	5805.66	3837.73	5213.81	3418.82	2879.67
Q8K1N4	SPAS2_MOUSE	Spats2	Spermatogenesis-associated serine-rich protein 2	1421.62								1538.4	
Q8K1S4	UNC5A_MOUSE	Unc5a	Netrin receptor UNC5A	787.533		1706.29							
Q8K1S6	SPIR2_MOUSE	Spire2	Protein spire homolog 2	5682.17									
Q8K1X1	WDR11_MOUSE	Wdr11	WD repeat-containing protein 11	1102.39					23234.2	15608.3			
Q8K207	CA021_MOUSE		Uncharacterized protein C1orf21 homolog	20984.2		17727.2	31564.3	23554.7	14968.1		22866.5	19395.2	17408.1
Q8K212	PACS1_MOUSE	Pacs1	Phosphofurin acidic cluster sorting protein 1	40644.6	78988.9	50171	76960.1	54810.4	69440.9	56514.1	69899.1	50905.8	73665.6
Q8K221	ARFP2_MOUSE	Arfip2	Arfaptin-2			1282.83							
Q8K285	FCHO1_MOUSE	Fcho1	F-BAR domain only protein 1	918.421									
Q8K2A1	GULP1_MOUSE	Gulp1	PTB domain-containing engulfment adapter protein 1	1736.58									
Q8K2B3	SDHA_MOUSE	Sdha	Succinate dehydrogenase [ubiquinone] flavoprotein subunit, mitochondrial	4167.19	18037	6359.4	10979.9	8546.36	11566	9653.16	8576.24	7873.69	7217.93
Q8K2C9	HACD3_MOUSE	Hacd3	Very-long-chain (3R)-3-hydroxyacyl-CoA dehydratase 3	25915.5	16185	21354.9	21843.6	26419.4	22394.2	22020.9	19362.6	20559.6	17618
Q8K2D3	EDC3_MOUSE	Edc3	Enhancer of mRNA-decapping protein 3	2019.21		1000.21			1114.76		1549.52		
Q8K2F8	LS14A_MOUSE	Lsm14a	Protein LSM14 homolog A	7971.03		7562.45	11997.5		11437.4			13853.3	
Q8K2I1	FNTB_MOUSE	Fntb	Protein farnesyltransferase subunit beta	812.623		1795.9		1911.56		1048.87			
Q8K2J0	PLCD3_MOUSE	Plcd3	1-phosphatidylinositol 4,5-bisphosphate phosphodiesterase delta-3	2366.2		4065.6			6508.26	5200.82	4516.6	5141.89	
Q8K2K6	AGFG1_MOUSE	Agfg1	Arf-GAP domain and FG repeat-containing protein 1	470.418	1754.42	586.322	1004.08	1445.77	726.865		931.062		
Q8K2L8	TPC12_MOUSE	Trappc12	Trafficking protein particle complex subunit 12	1221.62									
Q8K2M0	RM38_MOUSE	Mrpl38	Large ribosomal subunit protein mL38	6717.52	10880.8	7696.31	6528.34	10371	9087.33	4711.98	8250.04	6541.02	7051.32
Q8K2Y7	RM47_MOUSE	Mrpl47	Large ribosomal subunit protein uL29m	3323.06		3215.5	4614.48	4216.57	4386.51	3227.74	3472.73	3739.52	3554.16
Q8K310	MATR3_MOUSE	Matr3	Matrin-3	27343	42475.7	40756.1	33389.6	61700.8	30578.7	28193.4	14339.9	24892.5	16604.8
Q8K341	ATAT_MOUSE	Atat1	Alpha-tubulin N-acetyltransferase 1	1517.58	4601.26	1998.16	2428.43	2162.31	2194.76	3204.44	2344.73	1774.5	2017.99
Q8K377	LRRT1_MOUSE	Lrrtm1	Leucine-rich repeat transmembrane neuronal protein 1	10698	8118.47	9669.32	8897.79	10206.5	8277.43	7675.54	8639.66	8391.16	7100.74
Q8K382	DEN1A_MOUSE	Dennd1a	DENN domain-containing protein 1A	7660.86		8624.51	6699.84	8042.93	8324.14	4544.48	6530.73	8273.5	5370.55
Q8K386	RAB15_MOUSE	Rab15	Ras-related protein Rab-15	35163.5	57642.7	39383.5	41704.8	40446.9	41593.6	54473.5	60371.6	37000.3	47300.5
Q8K389	CK5P2_MOUSE	Cdk5rap2	CDK5 regulatory subunit-associated protein 2	406.152		563.048				862.956		653.794	1055.91
Q8K394	PLCL2_MOUSE	Plcl2	Inactive phospholipase C-like protein 2	263.323									
Q8K3B1	FBSP1_MOUSE	Fbxo45	F-box/SPRY domain-containing protein 1	7720.13		5633.28	3761.67	5590.02	5469.22	4147.44	4789.06	4669.74	4408.32
Q8K3E5	AHI1_MOUSE	Ahi1	Jouberin	657.853								739.318	
Q8K3F6	KCNQ3_MOUSE	Kcnq3	Potassium voltage-gated channel subfamily KQT member 3	8166.1	6358.22	9328.24	10057.4	9906.43	9956.93	10138	10159.3	9220.23	10336.8
Q8K3G5	VRK3_MOUSE	Vrk3	Serine/threonine-protein kinase VRK3	1185.14		1372.48		2724.73		1409.05		837.55	
Q8K3G9	DP13B_MOUSE	Appl2	DCC-interacting protein 13-beta	10347.1	12678.8	12024.4	11969.3	13639.3	12659	12843.1	12659	13918.1	13141.9
Q8K3H0	DP13A_MOUSE	Appl1	DCC-interacting protein 13-alpha	7730.08									
Q8K3I4	MYRIP_MOUSE	Myrip	Rab effector MyRIP	1504.4		1983.6				1695.26	1847.62	1470.42	
Q8K3J1	NDUS8_MOUSE	Ndufs8	NADH dehydrogenase [ubiquinone] iron-sulfur protein 8, mitochondrial	4558.81	3212.93	3105.76	2686.51	2638.54	4005.2	2761.15	3255.61	3360.18	3715.51
Q8K3W3	CASC3_MOUSE	Casc3	Protein CASC3	1492.27									
Q8K400	STXB5_MOUSE	Stxbp5	Syntaxin-binding protein 5	2292.92		3941.28	4156.45	4263.73	3642.19	3901.16	2875.83	2552.3	3054.17
Q8K406	LGI3_MOUSE	Lgi3	Leucine-rich repeat LGI family member 3	4163.46		3723.07	4150.38	4807.28	4451.54	2750.1	4850.33	3963.23	5136.95
Q8K4G5	ABLM1_MOUSE	Ablim1	Actin-binding LIM protein 1	70400.6	59225	77602.3	73752.1	69619.5	71363.6	75894.5	77893.1	84738.9	80901.6
Q8K4I3	ARHG6_MOUSE	Arhgef6	Rho guanine nucleotide exchange factor 6	4015.07		12500.1		16882.6	6893.32	13731.4	5121.55	9163.83	9393.62
Q8K4L3	SVIL_MOUSE	Svil	Supervillin	3004.01		3465.54	3867.93	4034.59	4303.11	4069.77	3466.78	4015.37	4716.79
Q8K4L4	POF1B_MOUSE	Pof1b	Protein POF1B		236383					271953	332964		
Q8K4P8	HECW1_MOUSE	Hecw1	E3 ubiquitin-protein ligase HECW1	3307.37		2994.28	4475.14	3756.77	3766.97	3800.45	3606.9	3684.42	5131.43
Q8K4Q0	RPTOR_MOUSE	Rptor	Regulatory-associated protein of mTOR	520.515		653.616	1747.94			808.039		796.495	553.307
Q8K4X7	PLCD_MOUSE	Agpat4	1-acyl-sn-glycerol-3-phosphate acyltransferase delta	416.151	2824.74	317.259		1017.32		991.681	477.008		
Q8K4Z5	SF3A1_MOUSE	Sf3a1	Splicing factor 3A subunit 1	960.02	2810.56	2856.01	2462.46	3658.28	1904.13	2083.07	1519.4	1689.47	1500.49
Q8K596	NAC2_MOUSE	Slc8a2	Sodium/calcium exchanger 2	4853.61	9986.99	4816.56	4606.75	6202.89	5463.16	5722.87	4937.43	4418.35	3806.99
Q8K5A4	RSLAA_MOUSE	Rasl10a	Ras-like protein family member 10A	348.037									
Q8N7N5	DCAF8_MOUSE	Dcaf8	DDB1- and CUL4-associated factor 8	477.199									
Q8QZR0	TR1L1_MOUSE	Tram1l1	Translocating chain-associated membrane protein 1-like 1	1306.18									
Q8QZT1	THIL_MOUSE	Acat1	Acetyl-CoA acetyltransferase, mitochondrial	6511.09	54803.1	16039.7	41640.9	26284.1	17661	32639.5	16355.3	38275.2	14559.8
Q8QZT2	CCSAP_MOUSE	Ccsap	Centriole, cilia and spindle-associated protein	6274.38		6884.83	6715.53	8746.58	7553.42	6757.43	5560.08	6541.15	5304.33
Q8QZY1	EIF3L_MOUSE	Eif3l	Eukaryotic translation initiation factor 3 subunit L	4900.77	5826.13	6089.54	4928.58	8571.86	4611.91	5476.59	7559.22	5462.45	6449.84
Q8QZY9	SF3B4_MOUSE	Sf3b4	Splicing factor 3B subunit 4	2702.27	12838.9	8709.15	6381.43	10487.1	5726.12		3654.22	4423.91	
Q8R010	AIMP2_MOUSE	Aimp2	Aminoacyl tRNA synthase complex-interacting multifunctional protein 2	2035.41						1255.69	2650.98	2116.11	1430.03
Q8R016	BLMH_MOUSE	Blmh	Bleomycin hydrolase		23847.7		3144.64			11381.5	5646.43		
Q8R035	ICT1_MOUSE	Mrpl58	Large ribosomal subunit protein mL62	4046.1	8696.86	4870.17	6049.28	5708.33	6315.09	4938.46	5967.92	4295.69	5735.38
Q8R066	C1QT4_MOUSE	C1qtnf4	Complement C1q tumor necrosis factor-related protein 4	3241.33	11130.6	4466.65	3790.94	5335.21	3753.98	3594.19	2958.9	2931.45	
Q8R071	IP3KA_MOUSE	Itpka	Inositol-trisphosphate 3-kinase A	42751.9	39416.6	41613.4	44227	34447.9	39228.7	46686.6	47988.5	48661.6	44158.2
Q8R081	HNRPL_MOUSE	Hnrnpl	Heterogeneous nuclear ribonucleoprotein L	25344.1	43732.1	41149.4	34864.8	62512.9	29623.5	25644.2	14374.2	23747.7	16464.2
Q8R0A6	VTM2A_MOUSE	Vstm2a	V-set and transmembrane domain-containing protein 2A	1210.43								2096.42	
Q8R0G9	NU133_MOUSE	Nup133	Nuclear pore complex protein Nup133	2745.1		14385.9	15846.9	25551.3	18035.6	10914.3		11045.6	
Q8R0I4	TM2D2_MOUSE	Tm2d2	TM2 domain-containing protein 2	1368.01		1550.51		1857.47	1795.1	2006.22	2068.84	2773.91	
Q8R0S2	IQEC1_MOUSE	Iqsec1	IQ motif and SEC7 domain-containing protein 1	73430.5	53574.1	65423.5	60855.2	62247.1	62111.6	65005.3	66007.7	69774	62140.4
Q8R0S4	CACB4_MOUSE	Cacnb4	Voltage-dependent L-type calcium channel subunit beta-4	62648.6	70988.8	50370.1	54244	46995.2	52749.7	47897.1	52730.3	46054.7	50446.3
Q8R0W0	EPIPL_MOUSE	Eppk1	Epiplakin							39362	55018.4		
Q8R0X7	SGPL1_MOUSE	Sgpl1	Sphingosine-1-phosphate lyase 1	2463.05		3192.86		4411.18	2420.32		2623.83	3147.16	
Q8R0Y8	S2542_MOUSE	Slc25a42	Mitochondrial coenzyme A transporter SLC25A42	2824.61				4231.62		3321.79	3295.32	3074.14	5105.59
Q8R100	CAHM5_MOUSE	Calhm5	Calcium homeostasis modulator protein 5	429.48		895.173	1291.88	656.313		1103.34	1053.94	717.905	887.029
Q8R127	SCPDL_MOUSE	Sccpdh	Saccharopine dehydrogenase-like oxidoreductase	1193.86			1691.13		1561.98	2409.3	976.224	1709.55	1672.09
Q8R151	ZNFX1_MOUSE	Znfx1	NFX1-type zinc finger-containing protein 1	1279.34								1421.41	
Q8R191	SNG3_MOUSE	Syngr3	Synaptogyrin-3	17488.6	25580.4	13449.7	15308.8	16214.9	16529.1	16161.8	12445.7	13627.6	14608.3
Q8R1A4	DOCK7_MOUSE	Dock7	Dedicator of cytokinesis protein 7	10117.5	20032.9	11206.4	11551.5	11602.4	12330.1	12300.7	11547.8	11040.3	12800
Q8R1B4	EIF3C_MOUSE	Eif3c	Eukaryotic translation initiation factor 3 subunit C	4276.08	10479.6	5213.71	6373.32	7086.44	5625.96	4507.01	6098.87	4292.04	4190.51
Q8R1G1	TASP1_MOUSE	Tasp1	Threonine aspartase 1	271.881									
Q8R1I1	QCR9_MOUSE	Uqcr10	Cytochrome b-c1 complex subunit 9	4965.31	4510.61	4766.49	3882.03	7083.98	4217.72	3873.4	4808.25	3551.25	4624.55
Q8R1K1	UBAC2_MOUSE	Ubac2	Ubiquitin-associated domain-containing protein 2	2661.88		2508.21		5339.16	2568.49		1846.56	2283.88	2387.24
Q8R1Q8	DC1L1_MOUSE	Dync1li1	Cytoplasmic dynein 1 light intermediate chain 1	29512.1	31174.4	32475	29083.8	29396.4	32627.9	26425.9	30221.9	31056.8	26717.5
Q8R1R4	IL34_MOUSE	Il34	Interleukin-34	2614.75							3501.68	3003.99	2613.76
Q8R2L5	RT18C_MOUSE	Mrps18c	Small ribosomal subunit protein bS18m	12129.8	12502.8	7180.36	5571.45	7630.47	6051.45	6006.7	8525.24	9327.29	7418.6
Q8R2Q0	TRI29_MOUSE	Trim29	Tripartite motif-containing protein 29							6197.2	7633.79		
Q8R2R9	AP3M2_MOUSE	Ap3m2	AP-3 complex subunit mu-2	2034.87	14288.6	3785.97	4268.4	4429.92	3964.6	3635.48	3324.8	2796.31	3670.15
Q8R2U0	SEH1_MOUSE	Seh1l	Nucleoporin SEH1	6373.83	4207.18	3524.37	3309.57	4081.23	3049.8	2710.88	2153.99	2379.79	2749.45
Q8R307	VPS18_MOUSE	Vps18	Vacuolar protein sorting-associated protein 18 homolog	5856.53		4694	3007.89	4145.3	6178.91	4202.69	2884.24	4096.74	
Q8R310	TMCC3_MOUSE	Tmcc3	Transmembrane and coiled-coil domain protein 3	4906.26	11814.7	5073.37	5502.38	6234.26	5803.34	5243.37	5164.88	4653.55	6126.38
Q8R313	EXOC6_MOUSE	Exoc6	Exocyst complex component 6	7992.15									
Q8R317	UBQL1_MOUSE	Ubqln1	Ubiquilin-1	308.736								454.589	
Q8R349	CDC16_MOUSE	Cdc16	Cell division cycle protein 16 homolog	2615.08									
Q8R361	RFIP5_MOUSE	Rab11fip5	Rab11 family-interacting protein 5	43166.2	41912	36669.8	37183.5	36435.5	31709.5	37389.6	31004.2	31647	30461.4
Q8R366	IGSF8_MOUSE	Igsf8	Immunoglobulin superfamily member 8	11196.2		10138.8	11487.8				12265	10296.7	
Q8R3F5	FABD_MOUSE	Mcat	Malonyl-CoA-acyl carrier protein transacylase, mitochondrial	6303.83	4399.01	5229.8	5638.39	6306.07	5568.61	5177.09	6194.11	6372.56	6891.57
Q8R3N6	THOC1_MOUSE	Thoc1	THO complex subunit 1	451.858		1006.08	1353.5	1063.62	1181.99	771.251		579.513	
Q8R3Q2	PP6R2_MOUSE	Ppp6r2	Serine/threonine-protein phosphatase 6 regulatory subunit 2	4163.22	10984	2524.99	3460.42	4671.56	6621.12	2142.99	5185.16	3441.85	4756.62
Q8R3R8	GBRL1_MOUSE	Gabarapl1	Gamma-aminobutyric acid receptor-associated protein-like 1	1952.6		2237.77	1730.17			2160.67	1491.9		
Q8R3S6	EXOC1_MOUSE	Exoc1	Exocyst complex component 1	6267.31	7745.09	6666.26	7283.3	8365.54	8498.24	7770.19	7685.36	7321.9	6691.37
Q8R3T5	STXB6_MOUSE	Stxbp6	Syntaxin-binding protein 6	4746.96		7376.17							13180.9
Q8R3V5	SHLB2_MOUSE	Sh3glb2	Endophilin-B2	391.61		810.532	658.38	1044.86		628.242	690.077	660.907	155.501
Q8R3V6	CUED1_MOUSE	Cuedc1	CUE domain-containing protein 1	1878.85		1591.21					1885.72	2099.76	1111.27
Q8R3Z5	CACB1_MOUSE	Cacnb1	Voltage-dependent L-type calcium channel subunit beta-1	9356.82	9408.44	8350.55	10336.3	11157.3	9353.28	10080.3	9075.57	8226.61	7477.5
Q8R404	MIC13_MOUSE	Micos13	MICOS complex subunit MIC13	3070.22		7787.38	7319.35	11082	7894.93	9993.27	7351.89	7076.22	
Q8R418	DICER_MOUSE	Dicer1	Endoribonuclease Dicer		15570.1	2158.35							
Q8R422	CD109_MOUSE	Cd109	CD109 antigen	9047.73		10623.8	14222.3	13110.7	14285.2	13709.5	15544.2	13670.9	14235.7
Q8R464	CADM4_MOUSE	Cadm4	Cell adhesion molecule 4	11414.6		12589.3		15706.4	14816.2	11961.7	12394.6	10265.4	11413.3
Q8R4E6	PURG_MOUSE	Purg	Purine-rich element-binding protein gamma	206171	55627.2	79720.3	66113.4	73348.3	66050.6	68192.8	66680.1	77266.4	72810.1
Q8R4F1	NTNG2_MOUSE	Ntng2	Netrin-G2	9888.96	14495.2	7699.77	8211.95	7727.1	6733.3	7946.53	9277.9	8653.21	8609.4
Q8R4G0	NTNG1_MOUSE	Ntng1	Netrin-G1	7492.17		12068.6	10194.6	10122.8	11482	8892.16	10965.1	12331.1	10484
Q8R4H2	ARHGC_MOUSE	Arhgef12	Rho guanine nucleotide exchange factor 12	1001.12		1571.41	1981.71	1549.02	1999.84	1317.89	1866.97	1519.44	2080.22
Q8R4I7	NETO1_MOUSE	Neto1	Neuropilin and tolloid-like protein 1	1758.51		1208.48	1295.67			2024.5	1616.52		
Q8R4U7	LUZP1_MOUSE	Luzp1	Leucine zipper protein 1	29532	69440.7	25738.1	27429.1	33654.6	29458.4	29086	22656.7	25728	26485.5
Q8R4V2	DUS15_MOUSE	Dusp15	Dual specificity protein phosphatase 15	2421.82		2293.96	2916.76	2945.37	2804.89	2751.97	2432.34	3018.33	2544.17
Q8R516	MIB2_MOUSE	Mib2	E3 ubiquitin-protein ligase MIB2	7347.93	34018	6993.24	13312.7	9553.27	10603.7	8366.41	8169.19	7127.41	5789.78
Q8R550	SH3K1_MOUSE	Sh3kbp1	SH3 domain-containing kinase-binding protein 1	16892.2	18585.8	19110.4	18480.4	22434.9	18730.2	22174.3	18548.7	20251.8	18542.1
Q8R555	CRAC1_MOUSE	Crtac1	Cartilage acidic protein 1	47751.3	44047.5	47531.8	40844.6	42808.6	47682.1	44187.1	43902.9	48600.2	53229.6
Q8R570	SNP47_MOUSE	Snap47	Synaptosomal-associated protein 47	10137.5	11386.8	7720.28	8340.98	10323.4	8613.25	8224.09	8296.33	7435.12	7778.1
Q8R574	KPRB_MOUSE	Prpsap2	Phosphoribosyl pyrophosphate synthase-associated protein 2	346.671		918.16	1035.58						
Q8R5C5	ACTY_MOUSE	Actr1b	Beta-centractin	5963.58	13014.4	5663.67	5716.46	6507.83	6673.88	6599.65	5352.03	5625.85	6298.53
Q8R5C8	ZMY11_MOUSE	Zmynd11	Zinc finger MYND domain-containing protein 11	2327.31		2676.83		2786.29					
Q8R5H6	WASF1_MOUSE	Wasf1	Actin-binding protein WASF1	24919.4	22652.8	22901.9	22372.9	24515.1	24476.4	24803.2	20876.5	20747.3	23218.5
Q8R5L3	VPS39_MOUSE	Vps39	Vam6/Vps39-like protein	643.879							752.049		
Q8VBV7	CSN8_MOUSE	Cops8	COP9 signalosome complex subunit 8	1307.42									
Q8VBX6	MPDZ_MOUSE	Mpdz	Multiple PDZ domain protein	5998.62		7511.7	9507.03	12647	10437.8	5373	8020.13	7286.87	8953.43
Q8VC31	CCDC9_MOUSE	Ccdc9	Coiled-coil domain-containing protein 9	241.213									
Q8VC66	ADIP_MOUSE	Ssx2ip	Afadin- and alpha-actinin-binding protein	824.784				6022.97					
Q8VCC9	SPON1_MOUSE	Spon1	Spondin-1	734.589		1641.23			1932.9		539.797	1714.76	1241.47
Q8VCH6	DHC24_MOUSE	Dhcr24	Delta(24)-sterol reductase	1020.41				1131.7	1503.39		3306.58		
Q8VCM7	FIBG_MOUSE	Fgg	Fibrinogen gamma chain	9740.32		15319.8	24504.5	22265.1	28069.1		15969.1	13732.9	15999.4
Q8VCM8	NCLN_MOUSE	Ncln	BOS complex subunit NCLN	1179.53		2293.73		3301.02		1551.08		1988.18	
Q8VCT3	AMPB_MOUSE	Rnpep	Aminopeptidase B	195.437									
Q8VCX5	MICU1_MOUSE	Micu1	Calcium uptake protein 1, mitochondrial	3979.22	10376.5	3392.06	7653.18	6726.51	5381.2	6997.43	6095.17	4133.41	5734.83
Q8VCY8	PLPR2_MOUSE	Plppr2	Phospholipid phosphatase-related protein type 2	8016.63	9458.37	6450.29	10040.9	8617.19	10525.1	8092.3	9252.37	6222.06	8088.42
Q8VD04	GRAP1_MOUSE	Gripap1	GRIP1-associated protein 1	2345.03									
Q8VD37	SGIP1_MOUSE	Sgip1	SH3-containing GRB2-like protein 3-interacting protein 1	18923.4	21615.6	20205.3	18743.8	20573.7	19208.3	21001.2	18884.5	20796.5	19938
Q8VD63	TSYL4_MOUSE	Tspyl4	Testis-specific Y-encoded-like protein 4	1090.74									
Q8VD65	PI3R4_MOUSE	Pik3r4	Phosphoinositide 3-kinase regulatory subunit 4	319.302		689.006						908.266	
Q8VD75	HIP1_MOUSE	Hip1	Huntingtin-interacting protein 1	11585	20922.5	14219.6	17287.1	14766.9	16465.4	13268.5	12934.8	13414.8	15151.4
Q8VDD5	MYH9_MOUSE	Myh9	Myosin-9	141879	124715	159910	151648	155044	163860	154884	172276	166944	161611
Q8VDD8	WASH1_MOUSE	Washc1	WASH complex subunit 1	1660.4		3048.17			4014.64		3783.01	2947.6	3115.19
Q8VDJ3	VIGLN_MOUSE	Hdlbp	Vigilin	674.992							1881.25		
Q8VDM4	PSMD2_MOUSE	Psmd2	26S proteasome non-ATPase regulatory subunit 2	7106.75	11976.3	8115.35	7563.5	8918.81	9370.8	8499.71	8780.49	8414.46	7939.42
Q8VDM6	HNRL1_MOUSE	Hnrnpul1	Heterogeneous nuclear ribonucleoprotein U-like protein 1	6512.29	14324.1	6059.02	7258.98	6475.94	7296.65	5025.88	6540.46	4746.79	6021.83
Q8VDN2	AT1A1_MOUSE	Atp1a1	Sodium/potassium-transporting ATPase subunit alpha-1	11554.3	26692.9	14332.5	13829.7	16780.1	14826.1	17420.1	14182.6	13831	14900.5
Q8VDN4	CCD92_MOUSE	Ccdc92	Coiled-coil domain-containing protein 92	4268.79		8412.97	12184.5	12915.8	7006.2	11184.4	13206.7	7949.69	8504.96
Q8VDP4	CCAR2_MOUSE	Ccar2	Cell cycle and apoptosis regulator protein 2	823.728									
Q8VDP6	CDIPT_MOUSE	Cdipt	CDP-diacylglycerol--inositol 3-phosphatidyltransferase	5007.87	6836.42	4079.05	4195.02	5277.63	4429.49	5163.75	3928.85	4693.75	3070.21
Q8VDQ8	SIR2_MOUSE	Sirt2	NAD-dependent protein deacetylase sirtuin-2	5104.46	6958.76	5298.71	4696.24	5534.01	5564.28	6016.19	4684.97	4691.33	4704.54
Q8VDR9	DOCK6_MOUSE	Dock6	Dedicator of cytokinesis protein 6	13951.2		14732.5		19748.2	18082.8	15881.3	18671.9	16457.9	16641.6
Q8VDU5	SNRK_MOUSE	Snrk	SNF-related serine/threonine-protein kinase	960.676		917.807	1775.16					1573.96	
Q8VDV7	Q8VDV7_MOUSE	Tbc1d19	TBC1 domain family, member 19	1581.81		2863.06					1610.54	2164.21	
Q8VDZ4	ZDHC5_MOUSE	Zdhhc5	Palmitoyltransferase ZDHHC5	2103.39		3067.58				2314.94	1749.46	2356.72	2448.22
Q8VE19	MIOS_MOUSE	Mios	GATOR2 complex protein MIOS	37842	18321.7	10198.7	16213.7	9326.4	17632.2	11995.4	11871	10515.6	10557
Q8VE22	RT23_MOUSE	Mrps23	Small ribosomal subunit protein mS23	13566.5	10860.6	13136.7	11864.1	11330.1	9857.36	15142.5	15970.5	17069.9	15082.4
Q8VE33	GD1L1_MOUSE	Gdap1l1	Ganglioside-induced differentiation-associated protein 1-like 1	2153.71									
Q8VE37	RCC1_MOUSE	Rcc1	Regulator of chromosome condensation	1298.89	13964.4	6426.6	5391.59	7589.83	4898.12				
Q8VE62	PAIP1_MOUSE	Paip1	Polyadenylate-binding protein-interacting protein 1	2543.05			2185.35		3604.98			1792.06	
Q8VE70	PDC10_MOUSE	Pdcd10	Programmed cell death protein 10	2101.87		1479.77	2318.27						
Q8VE73	CUL7_MOUSE	Cul7	Cullin-7	716.72			1695.82	1420.87	656.422		883.788		832.072
Q8VE80	THOC3_MOUSE	Thoc3	THO complex subunit 3	918.105									
Q8VED5	K2C79_MOUSE	Krt79	Keratin, type II cytoskeletal 79	34739.2	1.12044e+06	46670.4	122062	92454.3	115821	355424	262630	98735.3	131197
Q8VED9	LEGL_MOUSE	Lgalsl	Galectin-related protein							5148.46	3329.15		
Q8VEG4	EXD2_MOUSE	Exd2	Exonuclease 3'-5' domain-containing protein 2	9444.55		10838.8		9797.47	9330.23	11248.3	7948.64	9435.44	
Q8VEH3	ARL8A_MOUSE	Arl8a	ADP-ribosylation factor-like protein 8A	3259.94		3231.16	3669.16	3152.72		2539.38	3674.92	3753.37	3135.97
Q8VEJ9	VPS4A_MOUSE	Vps4a	Vacuolar protein sorting-associated protein 4A	6446.82			7820.75		10185.3		10535.1		
Q8VEK0	CC50A_MOUSE	Tmem30a	Cell cycle control protein 50A	4378.98		5626.1		10137	11672.7	9759.21	6855.13	5279.59	
Q8VEK3	HNRPU_MOUSE	Hnrnpu	Heterogeneous nuclear ribonucleoprotein U	54771.7	84741.2	91113.3	71939.7	130170	75520.1	65328.3	42748.6	58805.5	41771.6
Q8VEL2	MTMRE_MOUSE	Mtmr14	Myotubularin-related protein 14						9834.65		5577.83	4877.16	10373.5
Q8VEM8	S25A3_MOUSE	Slc25a3	Solute carrier family 25 member 3	28251.2	46682.8	24008.2	24558.8	26883.5	25551.6	26562.2	22974.8	21648.3	22537.4
Q8VFY0	Q8VFY0_MOUSE	Or1r1	Olfactory receptor MOR157-1					22105.5				19130.2	
Q8VH51	RBM39_MOUSE	Rbm39	RNA-binding protein 39	2517.53	5871.3	2987.26	3967.03	5222.89	4227.57	3705.31	3002.18	1783.68	
Q8VHE0	SEC63_MOUSE	Sec63	Translocation protein SEC63 homolog	26784.1									
Q8VHE6	DYH5_MOUSE	Dnah5	Dynein axonemal heavy chain 5	1671.01		2621.18			2922.6			1035.75	
Q8VHG2	AMOT_MOUSE	Amot	Angiomotin	14533.4	37301	20431	19406.8	23242.9	20873.2	24146.1	16061.4	18781.6	20788.5
Q8VHH5	AGAP3_MOUSE	Agap3	Arf-GAP with GTPase, ANK repeat and PH domain-containing protein 3	20986.6	19575.4	19092.1	20341.3	20448.3	19198.7	18040	19553.6	17859	17248.6
Q8VHI6	WASF3_MOUSE	Wasf3	Actin-binding protein WASF3	6304.49	8342.5	5497.27	4706.14	4353.82	5142.01	4569.97	4996.41	5364.88	5285.57
Q8VHJ5	MARK1_MOUSE	Mark1	Serine/threonine-protein kinase MARK1	215457	155991	202677	187031	185477	190835	180591	185460	193458	191503
Q8VHK9	DHX36_MOUSE	Dhx36	ATP-dependent DNA/RNA helicase DHX36	9114.94	30409.7		19083.9		11379.2		14731.5	7309.58	
Q8VHM5	Q8VHM5_MOUSE	Hnrnpr	Heterogeneous nuclear ribonucleoprotein R	14363.6	23251.2	23385.4	20545.3	35762	17304.3	17457	9897.59	15888.6	12895.4
Q8VHN8;Q6P3D0	NUD16_MOUSE;TIRR_MOUSE	Nudt16;Nudt16l1	U8 snoRNA-decapping enzyme	328.441									
Q8VHQ3	PP16B_MOUSE	Ppp1r16b	Protein phosphatase 1 regulatory inhibitor subunit 16B	858.409		910.875		1130.63					1164.32
Q8VHR5	P66B_MOUSE	Gatad2b	Transcriptional repressor p66-beta			9675.11	16890.6	21327.3					
Q8VHV1	BAALC_MOUSE	Baalc	Brain and acute leukemia cytoplasmic protein	3257.75									
Q8VHW2	CCG8_MOUSE	Cacng8	Voltage-dependent calcium channel gamma-8 subunit	3368.75		3766.07	5848.13	3907.77	8991.99	4430.85	7715.39	3687.36	11270.4
Q8VI59	PCX3_MOUSE	Pcnx3	Pecanex-like protein 3	4193.06		4643.15	5091.64	4860.17	5048.75	4970.86	5460.07	5919.04	4879.41
Q8VIJ6	SFPQ_MOUSE	Sfpq	Splicing factor, proline- and glutamine-rich	6532.6	37501.2	11739.5	12500.8	16142.7	12551.2	8866.56	10798	5729.72	7903.57
Q91UZ1	Q91UZ1_MOUSE	Plcb4	1-phosphatidylinositol 4,5-bisphosphate phosphodiesterase	222.867		267.249			412.01		538.398	230.288	622.171
Q91V09	WDR13_MOUSE	Wdr13	WD repeat-containing protein 13	1008.67	2673.9	985.129		2552.45					
Q91V12	BACH_MOUSE	Acot7	Cytosolic acyl coenzyme A thioester hydrolase	1901.82	7810.83	2109.9	5457.91	2491.15	5385.28	3304.37	2156.25	1848.13	2552.98
Q91V14	S12A5_MOUSE	Slc12a5	Solute carrier family 12 member 5	10006.1	12609.4	11422.5	9172.28	10058.9	9856.32	11350.8	8270.58	8792.84	9968.42
Q91V36	NRBP2_MOUSE	Nrbp2	Nuclear receptor-binding protein 2	616.249		1185.21	674.577		1462.59			363.114	1000.79
Q91V41	RAB14_MOUSE	Rab14	Ras-related protein Rab-14	1767.82	16540.8	2795.64			3105.95	4786.35	2868	2205.12	
Q91V51	TTLL1_MOUSE	Ttll1	Polyglutamylase complex subunit TTLL1	1977.16		2584.18				3870.72	2750.72	2173.05	2611.53
Q91V61	SFXN3_MOUSE	Sfxn3	Sideroflexin-3	18834.8	43947.4	24846.2	26271	24209.1	26747.1	26613.6	21561.5	19737.8	22190.2
Q91V81	RBM42_MOUSE	Rbm42	RNA-binding protein 42	220.467		418.913							
Q91V92	ACLY_MOUSE	Acly	ATP-citrate synthase	11476.9	17531.5	9343.14	10437.2	12852.9	11814.8	8899.16	12142.3	8393.3	10992.5
Q91V93	RHBT2_MOUSE	Rhobtb2	Rho-related BTB domain-containing protein 2	10203.2	9296.14	11801.5	15482.3	11555.6	16958.9	14279.1	11997	13254.5	11751.5
Q91VA7	Q91VA7_MOUSE	Idh3b	Isocitrate dehydrogenase [NAD] subunit, mitochondrial	12649.1	40306.6	14223	15560.6	18917.9	18998.8	16107.5	14973.5	12616.7	14615.8
Q91VC3	IF4A3_MOUSE	Eif4a3	Eukaryotic initiation factor 4A-III	6112.42	14818.5	11728.6	11108.3	19229.7	10004	8139.71	4837.52	7468.9	6001.86
Q91VD9	NDUS1_MOUSE	Ndufs1	NADH-ubiquinone oxidoreductase 75 kDa subunit, mitochondrial	12430.8	25577.7	11320.7	14721.3	13427.5	15477.4	13783.8	14333	11722.8	13179.7
Q91VE0	S27A4_MOUSE	Slc27a4	Long-chain fatty acid transport protein 4	5666.19	5791.26	5349.2	5669.11	5851.33	7162.73	6193.8	5405.93	4401.14	5113.54
Q91VE6	MK67I_MOUSE	Nifk	MKI67 FHA domain-interacting nucleolar phosphoprotein	1789.18									
Q91VH2	SNX9_MOUSE	Snx9	Sorting nexin-9	1678.39									
Q91VJ5	PQBP1_MOUSE	Pqbp1	Polyglutamine-binding protein 1	1565.09	8731.35	5243.98		6290.7				3445.22	
Q91VK4	ITM2C_MOUSE	Itm2c	Integral membrane protein 2C	14320.2	11976.4	23663.3	17002.3	24024.1	14292.7	24071.5	15684.4	22377.1	16450.7
Q91VM5	RMXL1_MOUSE	Rbmxl1	RNA binding motif protein, X-linked-like-1	10135.9	27166.7	28286.7	16443.1	35506.3	14118.9	16842.5	8021.22	12397.4	8530.55
Q91VM9	IPYR2_MOUSE	Ppa2	Inorganic pyrophosphatase 2, mitochondrial	334.897									330.155
Q91VN4	MIC25_MOUSE	Chchd6	MICOS complex subunit Mic25	11272.5		15949.5	16004.8	13738.3	15904.6	17357.1	13475.4	12749.2	11759.9
Q91VR2	ATPG_MOUSE	Atp5f1c	ATP synthase subunit gamma, mitochondrial	82210.3	116301	82652.5	77057.4	91278	88111	78832.3	71006.8	71525.8	70382.9
Q91VR5	DDX1_MOUSE	Ddx1	ATP-dependent RNA helicase DDX1	75477.5	53967.3	46542.3	55107	51485.3	45903.9	45288.8	41427.1	46320.6	38455.5
Q91VR7	MLP3A_MOUSE	Map1lc3a	Microtubule-associated proteins 1A/1B light chain 3A	207956	64332.8	107477	94720.3	118242	97435.5	100282	84631.8	107097	100433
Q91VS8	FARP2_MOUSE	Farp2	FERM, ARHGEF and pleckstrin domain-containing protein 2	5160.37							9713.79	10386.5	15044.5
Q91VX5	NXPH3_MOUSE	Nxph3	Neurexophilin-3	897.599									
Q91VZ6	SMAP1_MOUSE	Smap1	Stromal membrane-associated protein 1	1563.99		1656.87		1871.04	1886.25	2619.25	1631.5	1447.84	
Q91W18	TDRD3_MOUSE	Tdrd3	Tudor domain-containing protein 3	5780.7	12696.2	3046.98		3684.83	4590.12	5110.28	3687.7	2751.97	3914.86
Q91W39	NCOA5_MOUSE	Ncoa5	Nuclear receptor coactivator 5	2075.34		5511.76	4423.86	8656.14	5009.01	3140.68		3290.71	3388.18
Q91W50	CSDE1_MOUSE	Csde1	Cold shock domain-containing protein E1	9164.28	18080.6	8073.11	8234.34	11792.7	8751.1	10235	9156.91	9284.58	9078.16
Q91W53	GOGA7_MOUSE	Golga7	Golgin subfamily A member 7	1140.36		1706.28			1650.09		1494.51	1576.23	
Q91W86	VPS11_MOUSE	Vps11	Vacuolar protein sorting-associated protein 11 homolog	3144.86						5092.95	2568.19		
Q91W96	APC4_MOUSE	Anapc4	Anaphase-promoting complex subunit 4	27707.6									
Q91WA3	HDA11_MOUSE	Hdac11	Histone deacetylase 11	3284.76	6711.32	3068.13	2741.27	2965.74	4624.43	2804.25	2728.56	2538.74	3618.34
Q91WB7	UBTD1_MOUSE	Ubtd1	Ubiquitin domain-containing protein 1	1226.65									
Q91WC3	ACSL6_MOUSE	Acsl6	Long-chain-fatty-acid--CoA ligase 6	414.893		853.143							
Q91WD5	NDUS2_MOUSE	Ndufs2	NADH dehydrogenase [ubiquinone] iron-sulfur protein 2, mitochondrial	8772.16	17023	9971.82	9993.03	10742.2	9895.57	10348.5	9523.04	9366.09	9788.49
Q91WG4	ELP2_MOUSE	Elp2	Elongator complex protein 2	2980.05		2726.87	4316.6	3116.18	2916.33		3658.83	3381.67	
Q91WG5	AAKG2_MOUSE	Prkag2	5'-AMP-activated protein kinase subunit gamma-2	3670.05		3772.14	2955.35	4527.37	2883.63	4035.25	3481.94	2893.54	2987.41
Q91WG7	DGKG_MOUSE	Dgkg	Diacylglycerol kinase gamma	5350.34		6887.55	7555.84	8722.56	6173.98	7735.2	5843.5	6385.03	6867.52
Q91WJ7	SPS2L_MOUSE	Spats2l	SPATS2-like protein	758.49									
Q91WK0	LRRF2_MOUSE	Lrrfip2	Leucine-rich repeat flightless-interacting protein 2	10518.5	8121.11	10958.8	12052.7	10985.1	10292.5	11023.3	12117.6	10932.1	12049.3
Q91WK2	EIF3H_MOUSE	Eif3h	Eukaryotic translation initiation factor 3 subunit H	2836.95		3297.19	3708.11	3320.83	4354.39	3459.63	3350.02	2623.67	2917.02
Q91WM1	STRBP_MOUSE	Strbp	Spermatid perinuclear RNA-binding protein	1817.41	3931.4	2330.16	2593.96	4855.34	2707.39	1952.3		2290.66	1820.08
Q91WN1	DNJC9_MOUSE	Dnajc9	DnaJ homolog subfamily C member 9	819.899									
Q91WQ3	SYYC_MOUSE	Yars1	Tyrosine--tRNA ligase, cytoplasmic	8356.72	16220.2	6293.41	9328.49	10198.8	8955.09	7847.84	7997.22	8840.47	8197.01
Q91WS0	CISD1_MOUSE	Cisd1	CDGSH iron-sulfur domain-containing protein 1	1431.97	14003.7	2824.29		5560.33	5230.89	5761.54	3564.96	2529.63	4022.16
Q91X72	HEMO_MOUSE	Hpx	Hemopexin			6011.65	15919.3	13762.3	15196.2	9908.8	15732.5	5274.38	15014
Q91X78	ERLN1_MOUSE	Erlin1	Erlin-1	1236.83		2273.93					1908.3		2901.76
Q91X84	CRTC3_MOUSE	Crtc3	CREB-regulated transcription coactivator 3	1641.67		3392.42		7151.83					
Q91X97	NCALD_MOUSE	Ncald	Neurocalcin-delta	385.675		429.316			490.905		388.752		
Q91XA8	KLD8A_MOUSE	Klhdc8a	Kelch domain-containing protein 8A					6546.89		9547.51			
Q91XL3	UXS1_MOUSE	Uxs1	UDP-glucuronic acid decarboxylase 1	504.23									
Q91XM9	DLG2_MOUSE	Dlg2	Disks large homolog 2	320520	230064	303580	278492	257811	262235	289027	293204	314088	302775
Q91XU3	PI42C_MOUSE	Pip4k2c	Phosphatidylinositol 5-phosphate 4-kinase type-2 gamma	3043.39		3651.36	4595.31	4368.23	4986.68	4265.24	4112.7	3388.14	3286.65
Q91XV3	BASP1_MOUSE	Basp1	Brain acid soluble protein 1	24263.1	33479.3	24246.5	24936.8	27138.5	31395.8	24135.4	25356.7	18717.7	17954.8
Q91XW9	Q91XW9_MOUSE	Pcdhgc5	Pcdhgc5 protein	8295.29	6745.17	10905.6	6376.66	13825	6738.54	12528.7	8664.54	7449.86	6904.5
Q91Y09	Q91Y09_MOUSE	Pcdhac2	Protocadherin alpha C2	1398.08	3710.8	559.527	1006.49	1165.97	1077.47	1014.54	764.716	726.808	351.91
Q91Y18	Q91Y18_MOUSE	Pcdha12	Protocadherin alpha 12	8477.9		5140.67					6790.16	5653.62	
Q91Y86	MK08_MOUSE	Mapk8	Mitogen-activated protein kinase 8	7940.2	14047.1	6951.86	8542.57	6393.2	4602.39	6696.68	7111.43	5269.31	5787.87
Q91YD3	DCP1A_MOUSE	Dcp1a	mRNA-decapping enzyme 1A	1726.7			2127.35			1626.71	818.936		824.949
Q91YD9	WASL_MOUSE	Wasl	Actin nucleation-promoting factor WASL	1424.91						2383.19	3951.98	1716.5	
Q91YE6	IPO9_MOUSE	Ipo9	Importin-9	249.665								319.677	
Q91YE8	SYNP2_MOUSE	Synpo2	Synaptopodin-2	1321.89						5446.17			
Q91YI4	ARRB2_MOUSE	Arrb2	Beta-arrestin-2	3971.79		3921.7		5111.08				2557.8	
Q91YJ2	SNX4_MOUSE	Snx4	Sorting nexin-4	424.556		597.019					656.086		
Q91YK0	LRC49_MOUSE	Lrrc49	Leucine-rich repeat-containing protein 49	539.066		732.885		1275.55		1412.82	855.018	773.906	1309.62
Q91YL3	UCKL1_MOUSE	Uckl1	Uridine-cytidine kinase-like 1	4141.93		7120.35	7166.4	10184.6	8126.31	8137.98	8147.81	7121.54	6895.24
Q91YM2	RHG35_MOUSE	Arhgap35	Rho GTPase-activating protein 35	909.669									
Q91YN9	BAG2_MOUSE	Bag2	BAG family molecular chaperone regulator 2	6062	5725.03	4716.18	5582.76	7209.42	6554.51	6322.57	5333.92	4986.77	4859.04
Q91YQ5	RPN1_MOUSE	Rpn1	Dolichyl-diphosphooligosaccharide--protein glycosyltransferase subunit 1	7586.79	10946.5	8587.64	10973.5	10980.2	10081.4	12565.2	10192.5	9306.75	7276.52
Q91YR1	TWF1_MOUSE	Twf1	Twinfilin-1	12050.9	14574.3	13803.2	13138.6	12327	13684.6	12924.4	14369	14427.2	14353.8
Q91YR7	PRP6_MOUSE	Prpf6	Pre-mRNA-processing factor 6	1307.79		4891.44		4873.33	2616.91				
Q91YT0	NDUV1_MOUSE	Ndufv1	NADH dehydrogenase [ubiquinone] flavoprotein 1, mitochondrial	10786.6	23888.9	10693.8	11179.6	11839.7	13280.6	12993.2	12468.2	11967.1	12087.8
Q91YT7	YTHD2_MOUSE	Ythdf2	YTH domain-containing family protein 2	475.118									
Q91YT8	CSCL1_MOUSE	Tmem63a	CSC1-like protein 1	5947.46									
Q91YU6	LZTS2_MOUSE	Lzts2	Leucine zipper putative tumor suppressor 2	3172.4		4476.43	5446.42	5468.64	3850.29	5117.3	3916.48	3899.8	5809.82
Q91YX5	LGAT1_MOUSE	Lpgat1	Acyl-CoA:lysophosphatidylglycerol acyltransferase 1	276.635									
Q91Z31	PTBP2_MOUSE	Ptbp2	Polypyrimidine tract-binding protein 2	3705.95	6013.36	5278.73	5727.14	7563.34	3779.53	3031.55	1809.35	3516.16	
Q91Z49	UIF_MOUSE	Fyttd1	UAP56-interacting factor	10639.5		13766.9	17097.5	23177.5	20637			11129.7	18009
Q91Z61	DIRA1_MOUSE	Diras1	GTP-binding protein Di-Ras1	4108.25				3756.22	3707.92			4106.35	
Q91Z67	SRGP2_MOUSE	Srgap2	SLIT-ROBO Rho GTPase-activating protein 2	12289.3	18270	12153.7	17224.7	13808.5	17097.6	14405.1	15240.6	11082.3	16226.2
Q91Z69	SRGP1_MOUSE	Srgap1	SLIT-ROBO Rho GTPase-activating protein 1	1228.87									
Q91Z92	B3GT6_MOUSE	B3galt6	Beta-1,3-galactosyltransferase 6	763.834		1218.25							
Q91Z96	BMP2K_MOUSE	Bmp2k	BMP-2-inducible protein kinase	7221.42		7248.51					8335.68	4349.99	
Q91ZD4	VANG2_MOUSE	Vangl2	Vang-like protein 2	5478.28		7805.76	9998.86	6190.51	8185.51	6005.29	7268.13	8245.06	6730.25
Q91ZJ5	UGPA_MOUSE	Ugp2	UTP--glucose-1-phosphate uridylyltransferase	1155.46			1817.34		2119.73		2102.53	1337.72	
Q91ZP9	NECA2_MOUSE	Necab2	N-terminal EF-hand calcium-binding protein 2	1863.95			1952.67	3902.26	2429.07	1819.82	1984.84	1017.13	2500.73
Q91ZR2	SNX18_MOUSE	Snx18	Sorting nexin-18	4911.7							6964.3	5534.84	
Q91ZS8	RED1_MOUSE	Adarb1	Double-stranded RNA-specific editase 1			1156.83							
Q91ZU6	DYST_MOUSE	Dst	Dystonin	230345	230834	248697	238336	255092	247150	230147	238224	262331	251374
Q91ZW3	SMCA5_MOUSE	Smarca5	SWI/SNF-related matrix-associated actin-dependent regulator of chromatin subfamily A member 5	1744.41	6335.39	6796.33	6819.26	10154.7	6873.17	4642.22	2405.98	4255.39	3327.77
Q91ZX7	LRP1_MOUSE	Lrp1	Prolow-density lipoprotein receptor-related protein 1	21501.7	34054.7	26444.1	27102.9	30024.4	29482.6	28573.1	27595.5	25704	26539
Q920B0	FRM4B_MOUSE	Frmd4b	FERM domain-containing protein 4B	1511.31		3200.63		3499.5	2388.35		2363.87	2238.78	2228.73
Q920I9	WDR7_MOUSE	Wdr7	WD repeat-containing protein 7	9364.72	23110.8	9626.74	11914.1	11217.7	14494.7	13285.8	9693.95	8708.18	10581.4
Q920P3	BRNP1_MOUSE	Brinp1	BMP/retinoic acid-inducible neural-specific protein 1	2421.17		3989.68		6617.79	5183.04		2303.82		
Q920P5	KAD5_MOUSE	Ak5	Adenylate kinase isoenzyme 5	22266.6					55759.7		36147.7		29302.6
Q920Q4	VPS16_MOUSE	Vps16	Vacuolar protein sorting-associated protein 16 homolog	8120.14		11524.4	15160.4	14558.2	16142.4	16939.8	10410.6	10136.9	8715.52
Q920Q6	MSI2H_MOUSE	Msi2	RNA-binding protein Musashi homolog 2	3410.76									
Q921C1	CXG3_MOUSE	Gjc3	Gap junction gamma-3 protein	1147.39			3792.73	25931.4	4035.4			9127.82	2903.61
Q921C5	BICD2_MOUSE	Bicd2	Protein bicaudal D homolog 2	3576.39									
Q921E2;P35285	RAB31_MOUSE;RB22A_MOUSE	Rab22a;Rab31	Ras-related protein Rab-22A	1078.34									
Q921F2	TADBP_MOUSE	Tardbp	TAR DNA-binding protein 43	3155.49	5146.59	3481.33	3583.03	5720.07	3309.85	2850.83	1767.02	2423.67	1532.48
Q921F4	HNRLL_MOUSE	Hnrnpll	Heterogeneous nuclear ribonucleoprotein L-like	7368.39		8389.12				6150.08		7399.68	
Q921G6	LRCH4_MOUSE	Lrch4	Leucine-rich repeat and calponin homology domain-containing protein 4	1139.57									
Q921G8	GCP2_MOUSE	Tubgcp2	Gamma-tubulin complex component 2	1393.1		1550.97	4109.66	1304.94	4030.6		3011.1	2317.05	4002.54
Q921H8	THIKA_MOUSE	Acaa1a	3-ketoacyl-CoA thiolase A, peroxisomal	2632.77									
Q921H9	COA7_MOUSE	Coa7	Cytochrome c oxidase assembly factor 7	3228.68		4383.8					7938.26		
Q921I6	SH3B4_MOUSE	Sh3bp4	SH3 domain-binding protein 4	7179.71		5971.52	8513.21	13859.3	10353.9	7732.99	7280.4	8554.45	8138.33
Q921J2	RHEB_MOUSE	Rheb	GTP-binding protein Rheb	2871.12	8842.47	2889.53					2984.42	2129.68	
Q921L3	TMCO1_MOUSE	Tmco1	Calcium load-activated calcium channel	4045.3		5125.3	7697.18	5465.25	3950.01	5733.9	4281.68	7171.18	5057.05
Q921M3	SF3B3_MOUSE	Sf3b3	Splicing factor 3B subunit 3	9111.63	33955.5	21835.1	18813.7	31715.7	17070.5	16271.7	10140.3	13044.4	12012.7
Q921M7	CYRIB_MOUSE	Cyrib	CYFIP-related Rac1 interactor B	374.55		446.58				467.378		215.124	
Q921R4	DJC14_MOUSE	Dnajc14	DnaJ homolog subfamily C member 14	610.175							728.958		
Q921S7	RM37_MOUSE	Mrpl37	Large ribosomal subunit protein mL37	5018.46		7467.35	9875.31	7845.25	8970.21	10034.3	8127.17	7309.15	5591.8
Q921W0	CHM1A_MOUSE	Chmp1a	Charged multivesicular body protein 1a	18134.4		6559.34		8193.79	8487.82	9086.34	7469	7906.21	11425.7
Q922B2	SYDC_MOUSE	Dars1	Aspartate--tRNA ligase, cytoplasmic	9314.4	17748.4	11273.5	10960.8	12531.5	11889.2	13046	10640.6	10668.1	9297.76
Q922B6	TRAF7_MOUSE	Traf7	E3 ubiquitin-protein ligase TRAF7	3103.99							4279.64	4488.07	
Q922D4	PP6R3_MOUSE	Ppp6r3	Serine/threonine-protein phosphatase 6 regulatory subunit 3	2086.39									
Q922D8	C1TC_MOUSE	Mthfd1	C-1-tetrahydrofolate synthase, cytoplasmic	966.873									
Q922F4	TBB6_MOUSE	Tubb6	Tubulin beta-6 chain	118314	67757.6	75780.5	53891.5	64745.3	63840.8	50494.6	44081.3	44833.3	58810.6
Q922H2	PDK3_MOUSE	Pdk3	[Pyruvate dehydrogenase (acetyl-transferring)] kinase isozyme 3, mitochondrial	1644.46		2143.66	3201.85	2307.5	2002.96	1920.09	1914.33	2117.49	2093.43
Q922H7	RSLBB_MOUSE	Rasl11b	Ras-like protein family member 11B	456.473		919.656				1086.84	662.338	761.01	1027.63
Q922J3	CLIP1_MOUSE	Clip1	CAP-Gly domain-containing linker protein 1	4025.39		3878.7	5922.5	6464.3	4917.85	7007.09	5553.71	7370.35	6162.39
Q922J6	TSN2_MOUSE	Tspan2	Tetraspanin-2	545.505		549.904	1645.58	1017.56			676.754	831.474	1154.98
Q922J9	FACR1_MOUSE	Far1	Fatty acyl-CoA reductase 1	2176.52		2096.98			2681.47	5147.95	2412.55	2543.95	2804.98
Q922K7	NOP2_MOUSE	Nop2	Probable 28S rRNA (cytosine-C(5))-methyltransferase	553.234		1495.54		2454.88	1180.12			1018.99	
Q922P8	T132A_MOUSE	Tmem132a	Transmembrane protein 132A	442.992		1517.17				1359.17			
Q922P9	GLYR1_MOUSE	Glyr1	Cytokine-like nuclear factor N-PAC	3054.58	15082.9	12323.4	12045.9	20690.1	11751.7	5900.28	5335.63	7553.32	6240.38
Q922Q1	MARC2_MOUSE	Mtarc2	Mitochondrial amidoxime reducing component 2	2266.94		4773.04							
Q922Q4	P5CR2_MOUSE	Pycr2	Pyrroline-5-carboxylate reductase 2	5926.23	37306.6	7132.25	24263.1	8673.8	30723.7	7737.12	21619.3	6787.19	24520.6
Q922Q8	LRC59_MOUSE	Lrrc59	Leucine-rich repeat-containing protein 59	4190.95	39322.1	8600.52	19076.2	15318.9	10377.6	11931.1	8030.34	6231.6	10416.2
Q922S4	PDE2A_MOUSE	Pde2a	cGMP-dependent 3',5'-cyclic phosphodiesterase	11141	15953.2	11373.9	11716.5	11592.7	10677.2	11378.5	11107.1	11838.6	13646.8
Q922U1	PRPF3_MOUSE	Prpf3	U4/U6 small nuclear ribonucleoprotein Prp3	396.98	1758.41	959.529		1767.73					
Q922U2	K2C5_MOUSE	Krt5	Keratin, type II cytoskeletal 5	77565	3.13964e+06	177421	586715	250332	434575	1.39547e+06	985623	359526	466518
Q922V4	PLRG1_MOUSE	Plrg1	Pleiotropic regulator 1	687.881	3114.92	2011.42	1290.77	2284.34			796.278	872.324	
Q923D5	WBP11_MOUSE	Wbp11	WW domain-binding protein 11	775.5		2729.05		3362.87	1317.79			1238.59	
Q923S6	NEUL1_MOUSE	Neurl1	E3 ubiquitin-protein ligase NEURL1	39143.5								51973.7	61202.1
Q923T9	KCC2G_MOUSE	Camk2g	Calcium/calmodulin-dependent protein kinase type II subunit gamma	28739.7	21984.5	22956	24265.9	18431.6	23695	19541.6	21818.2	20046.8	22538.9
Q923Z0	GPC5B_MOUSE	Gprc5b	G-protein coupled receptor family C group 5 member B	7756.59		8270.02	9465.42	10332.1	10126.4	8336.13	10396.9	11008.6	10150.3
Q923Z3	MTO1_MOUSE	Mto1	Protein MTO1 homolog, mitochondrial	997.993	3227.74		1099.95				857.772		
Q924L1	LTMD1_MOUSE	Letmd1	LETM1 domain-containing protein 1	6816.56	15335.1	6826	7370.58	7981.49	7687	6109.92	6518.12	6705.58	4603.24
Q924S8	SPRE1_MOUSE	Spred1	Sprouty-related, EVH1 domain-containing protein 1	17126.9									
Q924T2	RT02_MOUSE	Mrps2	Small ribosomal subunit protein uS2m	11976.4	22918.6	10731.7	11594.9	12228.8	11948.5	11908.3	12432.5	11554.6	14279.3
Q925E7	2ABD_MOUSE	Ppp2r2d	Serine/threonine-protein phosphatase 2A 55 kDa regulatory subunit B delta isoform	1229.66									
Q925G2	CYBR1_MOUSE	Cybrd1	Plasma membrane ascorbate-dependent reductase CYBRD1	7283.34	6666.1	6103.63	7644.25	5335.47	3376.59	5540.85	6639.05	5671.41	5332.8
Q925I1	ATAD3_MOUSE	Atad3	ATPase family AAA domain-containing protein 3	41397.2	30852.5	36874.6	39665.9	41031.5	41999.7	39867.3	38320.1	41589.1	42563.6
Q925N0	SFXN5_MOUSE	Sfxn5	Sideroflexin-5	14063.4	31500.8	11447.1	17547.2	11955.6	14293.7		17139.3	15059	
Q925T6	GRIP1_MOUSE	Grip1	Glutamate receptor-interacting protein 1	14436.7	11818.4	11680.5	10742	14009.3	13695.9	12256.1	12002.3	11199.1	12824
Q93092	TALDO_MOUSE	Taldo1	Transaldolase								2463.95		
Q99020	ROAA_MOUSE	Hnrnpab	Heterogeneous nuclear ribonucleoprotein A/B	4471.23	11289.1	8651.83	8847.14	15005.5	6937.58	7282.92		5828.06	
Q99104	MYO5A_MOUSE	Myo5a	Unconventional myosin-Va	319865	262008	380384	347897	342160	349617	377371	400189	427265	409081
Q99246	CAC1D_MOUSE	Cacna1d	Voltage-dependent L-type calcium channel subunit alpha-1D	301.903									
Q99J31	OPHN1_MOUSE	Ophn1	Oligophrenin-1	1028.52			3878.97			3357.94		2610.33	2180.03
Q99J39	DCMC_MOUSE	Mlycd	Malonyl-CoA decarboxylase, mitochondrial	8243.08									
Q99J47	DRS7B_MOUSE	Dhrs7b	Dehydrogenase/reductase SDR family member 7B	6213.95	7516.87	4909.55	5835.16	5292.92	5295.81	5613.52	5180.18	5364.44	4651.04
Q99J85	NPTXR_MOUSE	Nptxr	Neuronal pentraxin receptor	1716.18	6332.09	2421.03	2253.49	2885.48	3166.08	1836.93	2522.6	2161.85	2199.63
Q99JB2	STML2_MOUSE	Stoml2	Stomatin-like protein 2, mitochondrial	4944.51		9477.33	19060.2		13841.6	13092	14310.4	5393.36	13819.2
Q99JB8	PACN3_MOUSE	Pacsin3	Protein kinase C and casein kinase II substrate protein 3	1179.28		1491.92					1546.23	2114.81	
Q99JF8	PSIP1_MOUSE	Psip1	PC4 and SFRS1-interacting protein	3785.78	13242.9	12270.6	11454.5	14846.7	9879.7	6711.64	3144.48	3998.3	5706.38
Q99JG2	G37L1_MOUSE	Gpr37l1	G-protein coupled receptor 37-like 1	18930.7			2551.83	2211.7				1007.45	
Q99JI4	PSMD6_MOUSE	Psmd6	26S proteasome non-ATPase regulatory subunit 6	9881.91	15544.4	9654.28	10118.5	10598.9	11155.8	9641.18	10657.1	10400.9	10794.7
Q99JN2	KLH22_MOUSE	Klhl22	Kelch-like protein 22	908.355									
Q99JP0	M4K3_MOUSE	Map4k3	Mitogen-activated protein kinase kinase kinase kinase 3	373.416									
Q99JP6	HOME3_MOUSE	Homer3	Homer protein homolog 3	29663	24723.5	26491.8	24193.6	24287.6	24421.1	25965.5	27208	24767.9	25901.2
Q99JR1	SFXN1_MOUSE	Sfxn1	Sideroflexin-1	1069.43		2550.44	3662.2	3291.34	3093.57	2060.87	2480.13	1588.88	2108.24
Q99JX4	EIF3M_MOUSE	Eif3m	Eukaryotic translation initiation factor 3 subunit M	5213.99		4253.45			6056.74		6027.46	4544.21	
Q99JX7	NXF1_MOUSE	Nxf1	Nuclear RNA export factor 1	2098.5		4388.62	5011.36	6020.59	4522.88	2783.62	2491.49	2694.22	
Q99JY0	ECHB_MOUSE	Hadhb	Trifunctional enzyme subunit beta, mitochondrial	21196.2	17427.6	18902.2	20448.3	19879.5	22772.8	19038.2	20290	19805.3	20194.5
Q99JY8	PLPP3_MOUSE	Plpp3	Phospholipid phosphatase 3	10372.7	11747.6	9038.41	7292.67	11019.2	8633.79	10896.8	11468.9	12094.8	7408.19
Q99JY9	ARP3_MOUSE	Actr3	Actin-related protein 3	73876.4	63592.1	78349.8	70812.1	68045.4	72112	77647.9	87490.9	96800.7	87273
Q99K28	ARFG2_MOUSE	Arfgap2	ADP-ribosylation factor GTPase-activating protein 2	9436.79							10478		14371.9
Q99K48	NONO_MOUSE	Nono	Non-POU domain-containing octamer-binding protein	1443.88	3536.44	1891.16		3527.2		2285.06	1448.68	1037.57	1584.22
Q99K51	PLST_MOUSE	Pls3	Plastin-3	6939.02	15846	8978.19	14910.5	12808.4	17394.5	14070.6	23784.2	9188.24	12122.2
Q99K70	RRAGC_MOUSE	Rragc	Ras-related GTP-binding protein C	1044.66									
Q99K85	SERC_MOUSE	Psat1	Phosphoserine aminotransferase	915.24								821.863	
Q99KH8	STK24_MOUSE	Stk24	Serine/threonine-protein kinase 24	681.319	2406.99	707.706	932.5	1589.41	1017.09	1005.54	874.681	979.456	1104.11
Q99KI0	ACON_MOUSE	Aco2	Aconitate hydratase, mitochondrial	6344.48	44763.8	10154.3	8759.3	10632.2	14557.6	16314.3	12150.3	9641.74	10474.5
Q99KI3	EMC3_MOUSE	Emc3	ER membrane protein complex subunit 3			2045.64		1885.08		1735.57	406.128	834.442	
Q99KJ8	DCTN2_MOUSE	Dctn2	Dynactin subunit 2	41174.8	32491.7	42353.4	43105.6	42225.9	45516.6	40483.1	44479.6	41695.2	44439.4
Q99KK1	REEP3_MOUSE	Reep3	Receptor expression-enhancing protein 3	1788.24				3098.44					
Q99KK2	NEUA_MOUSE	Cmas	N-acylneuraminate cytidylyltransferase	1647.69	5610.72	3111.17	3906.75	4713.46	3803.29	2164.81	2501.83	1988.32	2729.53
Q99KK9	SYHM_MOUSE	Hars2	Histidine--tRNA ligase, mitochondrial	1800.76			5646.28		4734.55		4346.09		
Q99KN9	EPN4_MOUSE	Clint1	Clathrin interactor 1	3755.63		3580.19	3954.54	4915.15	5193.83	3776.89	3384.51	2901.07	3219.68
Q99KP6	PRP19_MOUSE	Prpf19	Pre-mRNA-processing factor 19	10140	28923.2	19737.5	15849.9	27526.6	14971	13247.4	7611.06	12090.8	10054.2
Q99KV1	DJB11_MOUSE	Dnajb11	DnaJ homolog subfamily B member 11	1759.9	23106.6								
Q99KW9	TIP_MOUSE	Itfg1	T-cell immunomodulatory protein	268.642		401.765	671.74						
Q99KX1	MLF2_MOUSE	Mlf2	Myeloid leukemia factor 2	9255.93	13204.7	14667.7	11288.2	18080.9	11122.1	13931.9	9283.91	9592.21	11197
Q99KY4	GAK_MOUSE	Gak	Cyclin-G-associated kinase	4636.43	6575.28	4558.21	5801.04	4748.84	4749.81	4433.16	4315.23	3952.94	4027.87
Q99L45	IF2B_MOUSE	Eif2s2	Eukaryotic translation initiation factor 2 subunit 2	2608.75		3093.78	5194.02	3269.3	3605.76	3928.05	3045.24	2475.82	3366.4
Q99L47	F10A1_MOUSE	St13	Hsc70-interacting protein	5583.18		4120.88			8908.98		7716.73	7175.62	
Q99L88	SNTB1_MOUSE	Sntb1	Beta-1-syntrophin	183.282		356.607							
Q99LB2	DHRS4_MOUSE	Dhrs4	Dehydrogenase/reductase SDR family member 4	2096.45	11243.5	2043.76		5115.21			3091.3	2687.53	3871.22
Q99LC3	NDUAA_MOUSE	Ndufa10	NADH dehydrogenase [ubiquinone] 1 alpha subcomplex subunit 10, mitochondrial	8014.45	14239.3	6996.58	6872.46	7955.83	7689.78	7373.11	6512.65	6220.52	6735.08
Q99LD4	CSN1_MOUSE	Gps1	COP9 signalosome complex subunit 1	2276.98		1592.62			2995.62	3393.57			2028.82
Q99LD8;Q9CWS0	DDAH1_MOUSE;DDAH2_MOUSE	Ddah1;Ddah2	Putative hydrolase DDAH2	1005.5		1611.25					3029.32		
Q99LE6	ABCF2_MOUSE	Abcf2	ATP-binding cassette sub-family F member 2	1247.04							1987.35		
Q99LF4	RTCB_MOUSE	Rtcb	RNA-splicing ligase RtcB homolog	23961.9	20040.4	15789.9	14468.5	20618.8	16600.2	15154.1	17113.1	14304.7	14982.2
Q99LG2	TNPO2_MOUSE	Tnpo2	Transportin-2	1003.66			1170.08			1271.16	1311.12	955.706	
Q99LH2	PTSS1_MOUSE	Ptdss1	Phosphatidylserine synthase 1	5117.94	6411.75	3813	5391.61	6058.89	5052.87	5477.9	4702.66	4585.49	4262.95
Q99LI8	HGS_MOUSE	Hgs	Hepatocyte growth factor-regulated tyrosine kinase substrate	6324.06		3120.11		3605.39	5853.25	4346.15	5299.07		
Q99LJ0	CT2NL_MOUSE	Cttnbp2nl	CTTNBP2 N-terminal-like protein	2314.26									
Q99LL5	PWP1_MOUSE	Pwp1	Periodic tryptophan protein 1 homolog	857.664									
Q99LR1	ABD12_MOUSE	Abhd12	Lysophosphatidylserine lipase ABHD12	2325.68	8199.01	2590.39	2890.45	3133.8	2377.76		2067.06	1490.39	1597.18
Q99LX0	PARK7_MOUSE	Park7	Parkinson disease protein 7 homolog	470.486						2070.45	2283.16		
Q99LY9	NDUS5_MOUSE	Ndufs5	NADH dehydrogenase [ubiquinone] iron-sulfur protein 5	3380.39	12079.1	6404.83	5634.87	6432.98	8070.7	7963.13	5989.97	4398.7	5908.48
Q99M28	RNPS1_MOUSE	Rnps1	RNA-binding protein with serine-rich domain 1	12292.8	16005.8	19257.9	16346.2	25664.4	15503.6	11540.5	6117.23	10456.9	6347.17
Q99M71	EPDR1_MOUSE	Epdr1	Mammalian ependymin-related protein 1	207.793									
Q99M74	KRT82_MOUSE	Krt82	Keratin, type II cuticular Hb2		66954.3								
Q99M87	DNJA3_MOUSE	Dnaja3	DnaJ homolog subfamily A member 3, mitochondrial	27737.2	23587.3	24537.3	25096.1	25988.6	21548.5	25115.2	23945	26002.3	25545.9
Q99M96	ST7_MOUSE	St7	Suppressor of tumorigenicity 7 protein	971.877		1803.23		2457.64	1767.61		1372.65	1382.55	
Q99MB3	TM2D1_MOUSE	Tm2d1	TM2 domain-containing protein 1	585.092		1325.97	1560.09		1192.99		670.301		1532.65
Q99ME2	WDR6_MOUSE	Wdr6	tRNA (34-2'-O)-methyltransferase regulator WDR6	2937.53		2633.8					3102.16	3284.95	
Q99MI1	RB6I2_MOUSE	Erc1	ELKS/Rab6-interacting/CAST family member 1	16308.2	24673.2	18113.4	23790.5	21677.6	23608	18576.4	21802.4	17921.4	22080.9
Q99MJ9	DDX50_MOUSE	Ddx50	ATP-dependent RNA helicase DDX50	422.857		1168.75						726.619	
Q99MK8	ARBK1_MOUSE	Grk2	Beta-adrenergic receptor kinase 1	4104.8	4217.67	4235.11	5153.59	4511.86	5122.76	5766.76	5738.4	5400.15	5048.45
Q99ML4	DIK1B_MOUSE	Dipk1b	Divergent protein kinase domain 1B	720.439					1058.76		802.527	1180.96	
Q99MN1	SYK_MOUSE	Kars1	Lysine--tRNA ligase	3218.1	8339.38	4353.17	6280.32	4810.35	4783.8	5795.55	5016.89	4227.03	4160.19
Q99MS8	TPGS1_MOUSE	Tpgs1	Tubulin polyglutamylase complex subunit 1	2810.43	9257.22	3157.62	2980.58	3548.67	2404.46	2333.9	2307.03	2700.07	3181.39
Q99MU3	DSRAD_MOUSE	Adar	Double-stranded RNA-specific adenosine deaminase	852.724									
Q99MX7	T121B_MOUSE	Tmem121b	Transmembrane protein 121B	57144.3	46236.2	44262.6	47774.4	38362.3	41786.9	46206.8	50316.4	46227	50420.8
Q99N28	CADM3_MOUSE	Cadm3	Cell adhesion molecule 3	310.86					539.406		379.108		
Q99N84	RT18B_MOUSE	Mrps18b	Small ribosomal subunit protein mS40	4099.75		3286.11	3278.05	3183.86	3695.96	3303.38	3791.17	4162.61	3230.09
Q99N85	RT18A_MOUSE	Mrps18a	Large ribosomal subunit protein mL66	9350.73		12784.5	13468.7	12161.8	17042.8	9730.9	14010.2	8177.63	17794.6
Q99N87	RT05_MOUSE	Mrps5	Small ribosomal subunit protein uS5m	7672.45	8997.45	6864.84	7901.53	6835.04	7095.69	8994.09	9076.38	9152.84	8467.19
Q99N89	RM43_MOUSE	Mrpl43	Large ribosomal subunit protein mL43	5395.36		7110.38				6642.23	7786.39	7427.74	8469.1
Q99N91	RM34_MOUSE	Mrpl34	Large ribosomal subunit protein bL34m	1435.13	32935.2	4561.38	5993.59	6980.24	7081.72	7171.41	5983.98	4413.76	5883.29
Q99N92	RM27_MOUSE	Mrpl27	Large ribosomal subunit protein bL27m	1571.29	9241.94	2329.89	2085.29	2972.76	3811.69	4198.43	4389.04	2951.69	2463.29
Q99N93	RM16_MOUSE	Mrpl16	Large ribosomal subunit protein uL16m	6168.65	10610	7038.21	7267.59	9138.6	7051.95	8567.35	6475.39	5955.32	6459.36
Q99N94	RM09_MOUSE	Mrpl9	Large ribosomal subunit protein bL9m	3142.23	12765.7	3182.73	4532.77	3264.77	3649.28	4585.58	3314.13	3250.8	5365.35
Q99N95	RM03_MOUSE	Mrpl3	Large ribosomal subunit protein uL3m	4180.23		3175.77	3793.96	4491.07	3799.93		3700.57	3365.35	3713.7
Q99N96	RM01_MOUSE	Mrpl1	Large ribosomal subunit protein uL1m	4974.84		8108.91	10326.4	10030.4	9865.03	9329.08	9337.14	5390.99	8283.41
Q99NB9	SF3B1_MOUSE	Sf3b1	Splicing factor 3B subunit 1	3706.4	13959	8940.55	7573.01	15005	8900.12	5974.65	4146.59	5199.37	3761.88
Q99NE5	RIMS1_MOUSE	Rims1	Regulating synaptic membrane exocytosis protein 1	94571.7	66964.8	79102.9	76355.9	76370	80090.9	71294.9	75730.6	77457.7	72898.8
Q99NF2	NSMF_MOUSE	Nsmf	NMDA receptor synaptonuclear signaling and neuronal migration factor	35240.8	24308.7	22792.1	24926	27055.4	26416.6	26406.3	23772	25467.9	22745.6
Q99NH0	ANR17_MOUSE	Ankrd17	Ankyrin repeat domain-containing protein 17	3851.38		4438.94			5627.01		6707.84	5222.26	
Q99NH2	PARD3_MOUSE	Pard3	Partitioning defective 3 homolog	6023.58		5223.58	5492.15	9244.28	4935.42	4038.11	4124.29	4863.13	5272.73
Q99P31	HPBP1_MOUSE	Hspbp1	Hsp70-binding protein 1	1219.36							2602.65		
Q99P72	RTN4_MOUSE	Rtn4	Reticulon-4	11951.6	19700.5	12459.5	11976.4	13437	13157.8	11557.2	13132.8	12238.5	11275.4
Q99PI8	RTN4R_MOUSE	Rtn4r	Reticulon-4 receptor	12269.1		12511.5	14495.6	13962.7	11533.2	12048.6	11271.9	12674.8	13125.4
Q99PJ0	NTRI_MOUSE	Ntm	Neurotrimin	139085	129921	157811	129780	125014	132429	142270	163306	178320	151628
Q99PL5	RRBP1_MOUSE	Rrbp1	Ribosome-binding protein 1	19169.2	20637.3	13160.5	14688.5	15787.8	13618.9	13958.5	11957.5	13209	13041.4
Q99PT1	GDIR1_MOUSE	Arhgdia	Rho GDP-dissociation inhibitor 1	1541.41	15178.9	2536.29			3620.1	3326.89	5223.67	2280.6	3150.6
Q99PU5	ACBG1_MOUSE	Acsbg1	Long-chain-fatty-acid--CoA ligase ACSBG1	2490.45		3172.14				3788.75			
Q99PU8	DHX30_MOUSE	Dhx30	ATP-dependent RNA helicase DHX30	17390.6	13867.4	12461.1	12296.6	12209.2	11052.3	12119.9	11298.9	11882.9	11024.9
Q99PV0	PRP8_MOUSE	Prpf8	Pre-mRNA-processing-splicing factor 8	7059.13	29748.3	20692.5	16401.8	31507.7	16545.8	14638.8	7504.61	10994.7	10068.7
Q99PV8	BC11B_MOUSE	Bcl11b	B-cell lymphoma/leukemia 11B	1173.64		5701.57	4442.03	9368.85	4810.94	2690.06	2061.7	2186.01	3147.86
Q9CPP6	NDUA5_MOUSE	Ndufa5	NADH dehydrogenase [ubiquinone] 1 alpha subcomplex subunit 5	4643.38									
Q9CPQ1	COX6C_MOUSE	Cox6c	Cytochrome c oxidase subunit 6C	7854.8	25178.5	10225.4		10595.7	12119.9	11530.1	8249.75	8606.38	12707.9
Q9CPQ8	ATP5L_MOUSE	Atp5mg	ATP synthase subunit g, mitochondrial	1769.47	9377.55	3749.62	4931.72	4807.47	4855.04	4654.33	3592.01	3337.68	5810.55
Q9CPR4	RL17_MOUSE	Rpl17	Large ribosomal subunit protein uL22	65500.7	46545.6	49660	40445.3	48004	44380.2	43275.8	44463	48948.2	47368.2
Q9CPR5	RM15_MOUSE	Mrpl15	Large ribosomal subunit protein uL15m	2079.96		3692.84				3960.51	4352.38	3409.05	3801.9
Q9CPT5	NOP16_MOUSE	Nop16	Nucleolar protein 16	2251.45			2157.12		2370.24				
Q9CPU4	MGST3_MOUSE	Mgst3	Glutathione S-transferase 3, mitochondrial	63088	44553.4	52341.7	48471.7	50491.1	47782.5	46089.4	45887.4	45467.1	40987.2
Q9CPV9	P2Y12_MOUSE	P2ry12	P2Y purinoceptor 12	545.143				792.564		608.806			
Q9CPW4	ARPC5_MOUSE	Arpc5	Actin-related protein 2/3 complex subunit 5	88633.9	74437.6	93006.8	88961.5	91895.5	93999.3	97162.7	106545	121226	112704
Q9CPX7	RT16_MOUSE	Mrps16	Small ribosomal subunit protein bS16m	11228.5	15410.8	12956.3	10356.6	11288.2	8953.65	14001.7	13283.9	14648.4	15640.5
Q9CPY1	RM51_MOUSE	Mrpl51	Large ribosomal subunit protein mL51	1056.59		1060.74	1189.85		2075.65	1887.62	1584.47	2485.53	1391.91
Q9CPY7	AMPL_MOUSE	Lap3	Cytosol aminopeptidase	2614.42	95274.5								
Q9CQ06	RM24_MOUSE	Mrpl24	Large ribosomal subunit protein uL24m	731.959		847.967	1861.17				1084.32	1150.01	1652.63
Q9CQ10	CHMP3_MOUSE	Chmp3	Charged multivesicular body protein 3	5162.16	5444.5	3300.45		4665.59			3180.29	3298.28	
Q9CQ19	MYL9_MOUSE	Myl9	Myosin regulatory light polypeptide 9	5505.48			12214.2		15322.7		11338.8		10406.6
Q9CQ22	LTOR1_MOUSE	Lamtor1	Ragulator complex protein LAMTOR1	2279.57		1779.49		5118.12	1984.49	2102.41	2108.83	2130.24	2071.53
Q9CQ40	RM49_MOUSE	Mrpl49	Large ribosomal subunit protein mL49	1875.74		4200.95					2980.84	2900.36	4560.46
Q9CQ54	NDUC2_MOUSE	Ndufc2	NADH dehydrogenase [ubiquinone] 1 subunit C2	1734.91									
Q9CQ56	USE1_MOUSE	Use1	Vesicle transport protein USE1	392.98		1159.54						620.252	
Q9CQ62	DECR_MOUSE	Decr1	2,4-dienoyl-CoA reductase [(3E)-enoyl-CoA-producing], mitochondrial	894.485		1016.42	1731.32		1460.14	795.496	1694.79	1157.9	1839.56
Q9CQ69	QCR8_MOUSE	Uqcrq	Cytochrome b-c1 complex subunit 8	108136	188834	93719.9	113764	108513	94096.1	111882	72670.2	87515	117246
Q9CQ73	PKP2_MOUSE	Pkp2	Plakophilin-2	11803.7	13538.9	10464.7	10301.3	10910.4	10200.9	10971.9	11801.5	10071	10621.2
Q9CQ74	LERL1_MOUSE	Leprotl1	Leptin receptor overlapping transcript-like 1	535.202		414.45				682.447		796.546	
Q9CQ75	NDUA2_MOUSE	Ndufa2	NADH dehydrogenase [ubiquinone] 1 alpha subcomplex subunit 2	5430.77	6067.7	5679.65	4332.8	6239.82	6365.79	5615.42	5162.05	4615.06	4391.69
Q9CQA1	TPPC5_MOUSE	Trappc5	Trafficking protein particle complex subunit 5	11127.9	15426.4	11308	12963.6	10858.4	11596.6	11032.9	10906.3	10574.5	10894.3
Q9CQA3	SDHB_MOUSE	Sdhb	Succinate dehydrogenase [ubiquinone] iron-sulfur subunit, mitochondrial	3142.81	18101.3	3754.54	5341.42	4863.97	4878.99		4295.11	4095.63	6614.67
Q9CQC6	5MP2_MOUSE	Bzw1	eIF5-mimic protein 2	256.684		834.874				1976.68	1701.39		
Q9CQC7	NDUB4_MOUSE	Ndufb4	NADH dehydrogenase [ubiquinone] 1 beta subcomplex subunit 4	1761.07	4442.24	2805.83		4216.8	3134.86	3394.51	3341.38	2236.57	2366.3
Q9CQD1	RAB5A_MOUSE	Rab5a	Ras-related protein Rab-5A	1454.02		1478.51	1998.88	2072.42			1749.81		
Q9CQD4	CH1B2_MOUSE	Chmp1b2	Charged multivesicular body protein 1B2	1074.48		1078.71		1353.41	1788.39		1374.1	1041.65	901.995
Q9CQE3	RT17_MOUSE	Mrps17	Small ribosomal subunit protein uS17m	9788.44	10651.3	9557.4	10169.7	8769.67	7787.63	8176.02	10051.7	10567.4	9920.46
Q9CQE8	RTRAF_MOUSE	RTRAF	RNA transcription, translation and transport factor protein	6154.69	4849.68	5890.98	5104.08	6740.82	6178.77	4393.54	6079.88	4523.54	5780.79
Q9CQF0	RM11_MOUSE	Mrpl11	Large ribosomal subunit protein uL11m	8865.29		9073.14	8891.67	9890.28	9609.72	10296.3	9500.07	8992.91	10461.6
Q9CQF3	CPSF5_MOUSE	Nudt21	Cleavage and polyadenylation specificity factor subunit 5	5283.47	167490	19062.4	30786.5	38470.3	30693.6	24875.2	19601.7	16260.8	24693.7
Q9CQH3	NDUB5_MOUSE	Ndufb5	NADH dehydrogenase [ubiquinone] 1 beta subcomplex subunit 5, mitochondrial	1642.69	11847.6	4248.53		6854.08	5468.78	2891.74	3533.86	3742.22	
Q9CQI7	RU2B_MOUSE	Snrpb2	U2 small nuclear ribonucleoprotein B''	2548.52	9557.48	6730.41	5247.64	9938.13	4806.93	5480.16	1709.41	4446.17	2559.57
Q9CQJ8	NDUB9_MOUSE	Ndufb9	NADH dehydrogenase [ubiquinone] 1 beta subcomplex subunit 9	2854.54			1959.33		4332.38		3012.48		2043.09
Q9CQL4	RM20_MOUSE	Mrpl20	Large ribosomal subunit protein bL20m			1345.2	1419.79						
Q9CQL5	RM18_MOUSE	Mrpl18	Large ribosomal subunit protein uL18m	3195.71	3864.58	3330.2	4644.36	2841.93	4829.16	4124.38	3232.08	3571.15	3681.27
Q9CQL6	RM35_MOUSE	Mrpl35	Large ribosomal subunit protein bL35m	572.175									
Q9CQM0	NICN1_MOUSE	Nicn1	Nicolin-1	9079.73		7860.81	15230.7						
Q9CQN1	TRAP1_MOUSE	Trap1	Heat shock protein 75 kDa, mitochondrial					16239.1				12790.9	
Q9CQN7	RM41_MOUSE	Mrpl41	Large ribosomal subunit protein mL41	1758.84		1806.81	2933.37	3194.02	3041.48	3114.74	2021.66	1878.5	2839.98
Q9CQP0	RM33_MOUSE	Mrpl33	Large ribosomal subunit protein bL33m	794.41	10987.9	1445.3	3327.83	2329.53	2495.02	2556.14	1629.39	1981.65	2410.44
Q9CQP2	TPPC2_MOUSE	Trappc2	Trafficking protein particle complex subunit 2	4760.31							3026.7	3432.44	4107.96
Q9CQQ7	AT5F1_MOUSE	Atp5pb	ATP synthase F(0) complex subunit B1, mitochondrial	19919	44983.9	22419.2	23304.1	20256.5	29703.5	23845.4	25274.5	19441.5	22803.5
Q9CQR2	RS21_MOUSE	Rps21	Small ribosomal subunit protein eS21	3294.24		4222.35				8130.46	11510	4968.67	
Q9CQR6	PPP6_MOUSE	Ppp6c	Serine/threonine-protein phosphatase 6 catalytic subunit	2777.44		3039.66	1734.97	3209.94	2715.67			3154.85	2679.63
Q9CQS8	SC61B_MOUSE	Sec61b	Protein transport protein Sec61 subunit beta	1956.56	6876.91	2382.19	3064.84	3666.89	2726.3	2533.26	2772.38	1886.37	1945.58
Q9CQU3	RER1_MOUSE	Rer1	Protein RER1	1997.91		2045.09	4691.75				5681.26		3266.83
Q9CQV5	RT24_MOUSE	Mrps24	Small ribosomal subunit protein uS3m	8102.62	7604.68	9165.58	10756	6648.87	10043.4	9525.87	10032.3	11118.8	8716.01
Q9CQV6	MLP3B_MOUSE	Map1lc3b	Microtubule-associated proteins 1A/1B light chain 3B	16456.3		9941.58		14876.9		8178.96	9377.38		
Q9CQV8	1433B_MOUSE	Ywhab	14-3-3 protein beta/alpha	16521.6	20311.3	14366.9	13292.3	15539.4	15433.9	15685.8	17291.8	14654.2	15318.1
Q9CQW1	YKT6_MOUSE	Ykt6	Synaptobrevin homolog YKT6	965.302		1447					1241.67	864.602	1842.61
Q9CQW2	ARL8B_MOUSE	Arl8b	ADP-ribosylation factor-like protein 8B	9289.31	26054.4	8162.71	11056.3	11074.1	8261.59	9560.6	10525.9	7476.48	8100.96
Q9CQX5	CLDN1_MOUSE	Cldnd1	Claudin domain-containing protein 1	6029.74		8139.66	10305.7	8579.46	8312.44	8923.32	6969.91	7708.76	6613.39
Q9CQX8	KGD4_MOUSE	Kgd4	Alpha-ketoglutarate dehydrogenase component 4	4371.84	8232.23	4888.45	3569.25	4181.66	6442.14	4404.07	5360.92	4864.66	4898.68
Q9CQZ5	NDUA6_MOUSE	Ndufa6	NADH dehydrogenase [ubiquinone] 1 alpha subcomplex subunit 6	12409.3		12783.5	12295.6	17865.7	15084.2	11993	12037.1	13405.5	14622.6
Q9CQZ6	NDUB3_MOUSE	Ndufb3	NADH dehydrogenase [ubiquinone] 1 beta subcomplex subunit 3	3845.83	5964.63	5997.27	4295.45		5181.41		5338.4	7009.9	4458.22
Q9CR16	PPID_MOUSE	Ppid	Peptidyl-prolyl cis-trans isomerase D	407.705									
Q9CR26	VTA1_MOUSE	Vta1	Vacuolar protein sorting-associated protein VTA1 homolog	1040.63		873.976				1494.1		838.442	
Q9CR39	WIPI3_MOUSE	Wdr45b	WD repeat domain phosphoinositide-interacting protein 3	2699.26							6132.06		
Q9CR51	VATG1_MOUSE	Atp6v1g1	V-type proton ATPase subunit G 1	4248.87		2469.14		2149.27	3433.04	2713.86	2340.75	2623.79	
Q9CR57	RL14_MOUSE	Rpl14	Large ribosomal subunit protein eL14	133162	61351.2	97281.6	77419.7	87471.9	78699.9	91025	98022.2	95444.2	87123.9
Q9CR59	G45IP_MOUSE	Gadd45gip1	Large ribosomal subunit protein mL64	2540.89	4228.29	2850.55	3825.2	3637.74	3749.65	2807.35	4524.83	2535.17	3187.45
Q9CR60	GOT1B_MOUSE	Golt1b	Vesicle transport protein GOT1B				29075.5				20794.9		27204.9
Q9CR61	NDUB7_MOUSE	Ndufb7	NADH dehydrogenase [ubiquinone] 1 beta subcomplex subunit 7	1407.84		2152.94		2153.66					
Q9CR62	M2OM_MOUSE	Slc25a11	Mitochondrial 2-oxoglutarate/malate carrier protein	41308.2	49172.8	31246.6	31618.7	35347	31371.5	34606.2	30885.8	31596.2	30304.7
Q9CR67	TMM33_MOUSE	Tmem33	Transmembrane protein 33	1317.42	2975.53	1313.26	2140.83	1009.05	1474.1	2259.1	1676.76	1170.01	2172.49
Q9CR68	UCRI_MOUSE	Uqcrfs1	Cytochrome b-c1 complex subunit Rieske, mitochondrial	8128.39	31786.6	8573.66	10565.7	12129.8	12020.6	10396.5	8991.01	8458.72	10716.1
Q9CR76	TM186_MOUSE	Tmem186	Transmembrane protein 186	703.258		1637.7							
Q9CR88	RT14_MOUSE	Mrps14	Small ribosomal subunit protein uS14m	8527.99	16596.6	8793.64	8425.11	8975.61	8673.29	8147.72	10507.2	9434.62	9997.6
Q9CR95	NECP1_MOUSE	Necap1	Adaptin ear-binding coat-associated protein 1	1822.87	6173.84			5185.25			2491.09		3617.75
Q9CRB2	NHP2_MOUSE	Nhp2	H/ACA ribonucleoprotein complex subunit 2	501.534		788.604	1086.11	1457.19	1018.14				
Q9CRB9	MIC19_MOUSE	Chchd3	MICOS complex subunit Mic19	7589.34	9778.2	9280.25	10021.8	9271.94	10033	7800.21	8741.24	9269.41	8932.76
Q9CRD2	EMC2_MOUSE	Emc2	ER membrane protein complex subunit 2	264.847		366.98		1048.84		857.864		494.038	
Q9CS84	NRX1A_MOUSE	Nrxn1	Neurexin-1	10314.8	10530.5	11209.6	10738	10796.1	10722.2	10892.6	10302.8	10099	12408
Q9CSN1	SNW1_MOUSE	Snw1	SNW domain-containing protein 1	3439.41	15914.2	9099.79	6168.21	11334.7	4551.32	5284.25	3238.24	4445.98	3549.23
Q9CTY5	MICU3_MOUSE	Micu3	Calcium uptake protein 3, mitochondrial	3788.24	9957.02	5012.36	5808.44	6239.88	5776.36	5496.78	4411.66	4083.41	5490.63
Q9CU62	SMC1A_MOUSE	Smc1a	Structural maintenance of chromosomes protein 1A	7779.86		26894.2	27020.1	37006.8	28379.1	23302.9	12816	14040.4	18799.8
Q9CUN6	SMUF1_MOUSE	Smurf1	E3 ubiquitin-protein ligase SMURF1	12051.2	6035.86	13715.4	11921.7			11641.6			11743.7
Q9CVB6	ARPC2_MOUSE	Arpc2	Actin-related protein 2/3 complex subunit 2	118074	98806.3	133969	115953	113258	115574	128844	136133	153318	144967
Q9CW03	SMC3_MOUSE	Smc3	Structural maintenance of chromosomes protein 3	4611.43		19163.4	19252.1		8853.08				
Q9CWE0	MFR1L_MOUSE	Mtfr1l	Mitochondrial fission regulator 1-like	23082.4	58717	24907.2	31275.2	31956.2	34250.7	33215.7	20687.4	32341.1	34282.5
Q9CWF2	TBB2B_MOUSE	Tubb2b	Tubulin beta-2B chain	55824.4	56366.2	48027.7	41296.8	53216.3	50469.4	46982.1	41100.3	46505.8	38531.7
Q9CWT6	DDX28_MOUSE	Ddx28	Probable ATP-dependent RNA helicase DDX28	1692.12	8146.16	2419.01	2157.36	4273.26	3246.19	3285.88	2367.26	1804.12	1790.24
Q9CWX4	RUSD4_MOUSE	Rpusd4	Pseudouridylate synthase RPUSD4, mitochondrial	1288.63		1713.18			2038.91		1433.56		1936.03
Q9CWZ3	RBM8A_MOUSE	Rbm8a	RNA-binding protein 8A	2348.14	8050.78	3513.79	4889.81	6588.4	3545.53	2198.32	2210.3	2620.57	2666.08
Q9CWZ7	SNAG_MOUSE	Napg	Gamma-soluble NSF attachment protein	2807.66	4836.6	3410.75	5223.2	2746.65	5822.11	4276.36	4034.02	2575.72	3676.52
Q9CX00	IST1_MOUSE	Ist1	IST1 homolog	1376.89					1902.86			2777.96	
Q9CX56	PSMD8_MOUSE	Psmd8	26S proteasome non-ATPase regulatory subunit 8	7238.57	11990.9	8871.6	8188.69		9169.13	10737.5	8871.43	7294.91	9162.81
Q9CX84	RGS19_MOUSE	Rgs19	Regulator of G-protein signaling 19	20253.8	38845.3	19926.7	23276.7	26270.8	27184.9	24116.1	24667.3	22590.4	22321.7
Q9CX86	ROA0_MOUSE	Hnrnpa0	Heterogeneous nuclear ribonucleoprotein A0	4354.48	4061.86	6067.72	4763.86	7842.27	5058.58	3718.87	3401.84	3618.99	3024.1
Q9CXL3	CG050_MOUSE		Uncharacterized protein C7orf50 homolog	1510.62							2058.73		
Q9CXS4	CENPV_MOUSE	Cenpv	Centromere protein V	9940.98	48597.8	44745.1	35664.9	60319.9	27027.4	22323.1	10857.7	20522.8	15861.7
Q9CXT8	MPPB_MOUSE	Pmpcb	Mitochondrial-processing peptidase subunit beta			2360.05					2003.91	2059.7	4998.35
Q9CXW2	RT22_MOUSE	Mrps22	Small ribosomal subunit protein mS22	21015.9	20464.1	17273.2	17985.2	19578.8	17097.1	21463.6	22245.8	22180.2	19179.6
Q9CXW4	RL11_MOUSE	Rpl11	Large ribosomal subunit protein uL5	119963	121308	111262	115698	118284	112896	110418	118170	113659	114958
Q9CXY6	ILF2_MOUSE	Ilf2	Interleukin enhancer-binding factor 2	13274.6	23191.5	17814.5	12790.4	24505.7	11134.3	12744	6312.84	10513.9	6756.3
Q9CXZ1	NDUS4_MOUSE	Ndufs4	NADH dehydrogenase [ubiquinone] iron-sulfur protein 4, mitochondrial	4179.51	10821.9	5785.75	5521.44	6121.9	6751.27	6242.73	5501.32	6056.78	4873.24
Q9CY16	RT28_MOUSE	Mrps28	Small ribosomal subunit protein bS1m	4492.98	6028.19	4598.08	4350.81	6238.24	4833.06	6703.1	6135.11	5283.69	5618.95
Q9CY27	TECR_MOUSE	Tecr	Very-long-chain enoyl-CoA reductase	14702.2	19598.9	13824.2	13125.2	16738.8	14302.7	14184.1	13138.8	12866.5	12441.5
Q9CY50	SSRA_MOUSE	Ssr1	Translocon-associated protein subunit alpha	4805.54	10158.6	5267.33	3264.07		7776.37	13904.7	11204.4	8287.64	7839.28
Q9CY57	CHTOP_MOUSE	Chtop	Chromatin target of PRMT1 protein	1663.03	3099.66	3005.42	2904.22	4465.92	2520.76	1525.99	636.403	1434.69	1250.44
Q9CY58	SERB1_MOUSE	Serbp1	SERPINE1 mRNA-binding protein 1	3765.12		3468.72	4393.38	4501.62	3308.74	2741.23	3751.38	3737.01	3215.43
Q9CY66	GAR1_MOUSE	Gar1	H/ACA ribonucleoprotein complex subunit 1	5184.73	11788.8	6879.23	7441.82	8820.07	6694.17	3517.28	3534.73	4389.95	3707.82
Q9CY73	RM44_MOUSE	Mrpl44	Large ribosomal subunit protein mL44	1096.22		1253.65	1432.01		1288.73	2235.73	1808.18	1409.4	1287.5
Q9CYC6	DCP2_MOUSE	Dcp2	m7GpppN-mRNA hydrolase	3935.48		1935.63							
Q9CYH2	PXL2A_MOUSE	Prxl2a	Peroxiredoxin-like 2A	1266.61		722.974			5528.48	1879.33	1382.69	1342.74	
Q9CYH5	GFOD2_MOUSE	Gfod2	Glucose-fructose oxidoreductase domain-containing protein 2	1433.13									
Q9CYI4	LUC7L_MOUSE	Luc7l	Putative RNA-binding protein Luc7-like 1	15311.4	18412.9	20061.1		41515.6			15159	17978.9	17089.2
Q9CYL5	GAPR1_MOUSE	Glipr2	Golgi-associated plant pathogenesis-related protein 1	2810.99		2403.62	3179	4634.76	3733	3149.54	3157.24	3832.55	3149.82
Q9CYN9	RENR_MOUSE	Atp6ap2	Renin receptor	6814.43		7836.23	4707.36						
Q9CYR0	SSBP_MOUSE	Ssbp1	Single-stranded DNA-binding protein, mitochondrial	31551.7	9192.48	29638.9	10372.9	46770.6	8817.52	40184	8087.91	25631.6	8491.36
Q9CYT6	CAP2_MOUSE	Cap2	Adenylyl cyclase-associated protein 2	2775.24		5374.95	4035.72	3737.94	5553.97	4395.98	3285.74	4152.81	4166.69
Q9CYZ2	TPD54_MOUSE	Tpd52l2	Tumor protein D54	896.283		1673.25		2408.59			2856.13	909.109	
Q9CZ13	QCR1_MOUSE	Uqcrc1	Cytochrome b-c1 complex subunit 1, mitochondrial	14099.4	28887.6	16139.8	15995.7	19901.9	20939.5	20037.7	16666.1	17297.5	17551.3
Q9CZ30	OLA1_MOUSE	Ola1	Obg-like ATPase 1	899.988		783.782		703.582		1278.93	1153.19		696.658
Q9CZ62	CEP97_MOUSE	Cep97	Centrosomal protein of 97 kDa	2517.77									
Q9CZ83	RM55_MOUSE	Mrpl55	Large ribosomal subunit protein mL55	2095.21		1817.63	2218.25	1749.5	2311.97	2281.83	1614.06	2122.69	2235.44
Q9CZA6	NDE1_MOUSE	Nde1	Nuclear distribution protein nudE homolog 1	3456.34		4582.84						4574.05	
Q9CZD3	GARS_MOUSE	Gars1	Glycine--tRNA ligase	929.599									
Q9CZD5	IF3M_MOUSE	Mtif3	Translation initiation factor IF-3, mitochondrial	1626.32									
Q9CZG9	PDZ11_MOUSE	Pdzd11	PDZ domain-containing protein 11	12919	7798.19	14924.5	13322.6	15486	12249.8	16072.5	13797.6	14407.1	14148.5
Q9CZJ2	HS12B_MOUSE	Hspa12b	Heat shock 70 kDa protein 12B	5094.06						7038.36		8053.33	
Q9CZJ9	DJC18_MOUSE	Dnajc18	DnaJ homolog subfamily C member 18	1714.34		2679.27		3814.65		3874.41	1247.56	2267.44	
Q9CZM2	RL15_MOUSE	Rpl15	Large ribosomal subunit protein eL15	116859	36384.1	68714.1	64141.5	63879.9	46693	70382	78286.5	78890.6	72104
Q9CZN4	SHSA9_MOUSE	Shisa9	Protein shisa-9	2322.01									
Q9CZS1	AL1B1_MOUSE	Aldh1b1	Aldehyde dehydrogenase X, mitochondrial	1977.2		4037.48	7751.27		8364.68	3917	6769.93	3243.55	
Q9CZT8	RAB3B_MOUSE	Rab3b	Ras-related protein Rab-3B	4446.36	10489.7	3827.45	3306.27	6011.82	4105.52	3439.79	4176.8	3883.49	3860.73
Q9CZU6	CISY_MOUSE	Cs	Citrate synthase, mitochondrial	1555.8	22720.8	2852.93			3728.34	7119.28	2658.7		3212.02
Q9CZW4	ACSL3_MOUSE	Acsl3	Fatty acid CoA ligase Acsl3	641.42		1628.2				1704.73			
Q9CZW5	TOM70_MOUSE	Tomm70	Mitochondrial import receptor subunit TOM70	1887.04	7782.17	2606.78			2273.55	3816.32			
Q9CZX0	ELP3_MOUSE	Elp3	Elongator complex protein 3	6809.31		4606.47	4506.71	6113.07	5777.23	4722.32	5771.85	5097.11	4459.78
Q9CZX7	PP4P2_MOUSE	Pip4p2	Type 2 phosphatidylinositol 4,5-bisphosphate 4-phosphatase	1164.09									
Q9CZX8	RS19_MOUSE	Rps19	Small ribosomal subunit protein eS19	62045.4	35036.2	46957.5	42141.6	44228.3	39784.6	37626.4	41452.8	41992.6	43403.5
Q9CZY3;Q9D2M8	UB2V1_MOUSE;UB2V2_MOUSE	Ube2v1;Ube2v2	Ubiquitin-conjugating enzyme E2 variant 1	1958.42		1310.44				2255.15	3599.65		1926.29
Q9D023	MPC2_MOUSE	Mpc2	Mitochondrial pyruvate carrier 2	14905	19843.2	13069.4	14665.4	14886.9	13285.3	12812	10105.8	10685.7	10455.3
Q9D051	ODPB_MOUSE	Pdhb	Pyruvate dehydrogenase E1 component subunit beta, mitochondrial	31032.4	33028.7	31696.6	29679.9	29358.2	35633.1	32857	34400.5	31200.5	29661.3
Q9D067	MDM1_MOUSE	Mdm1	Nuclear protein MDM1	1769.3		2670.47	2517.76		3350.81		1405.99	3944.92	
Q9D074	MGRN1_MOUSE	Mgrn1	E3 ubiquitin-protein ligase MGRN1	3548.14		4412.81							
Q9D0B0	SRSF9_MOUSE	Srsf9	Serine/arginine-rich splicing factor 9	1261.54									
Q9D0D3	PAPD1_MOUSE	Mtpap	Poly(A) RNA polymerase, mitochondrial	973.367		1205.98	2504.18				1196.34	1610.45	2530.84
Q9D0E1	HNRPM_MOUSE	Hnrnpm	Heterogeneous nuclear ribonucleoprotein M	20524.8	27279	27144	22607.6	39221	20508.8	18321.1	12042.2	17987.2	13926.6
Q9D0G0	RT30_MOUSE	Mrps30	Large ribosomal subunit protein mL65	2778.92		2306.67	4360.94	2985.8	3783.22	3476.81	2774.4	3286.3	4042.8
Q9D0I8	MRT4_MOUSE	Mrto4	mRNA turnover protein 4 homolog	1446.54		1474.55	2788						
Q9D0I9	SYRC_MOUSE	Rars1	Arginine--tRNA ligase, cytoplasmic	4913.4	11325.5	5758.19	9039.01	6966.29	8092.99	8460.24	7877.34	6294.89	6741.55
Q9D0J4	ARL2_MOUSE	Arl2	ADP-ribosylation factor-like protein 2	1068.56									
Q9D0K2	SCOT1_MOUSE	Oxct1	Succinyl-CoA:3-ketoacid coenzyme A transferase 1, mitochondrial	4122.55	13819.1	3829.38		5060.68	5231.99	5029.29		2699.16	
Q9D0L4	ADCK1_MOUSE	Adck1	AarF domain-containing protein kinase 1	1857.04		2322.5							
Q9D0M1	KPRA_MOUSE	Prpsap1	Phosphoribosyl pyrophosphate synthase-associated protein 1	590.796		910.49							
Q9D0M3	CY1_MOUSE	Cyc1	Cytochrome c1, heme protein, mitochondrial	11781.9	41145.2	16613.9	20642.2	22289.5	19789.2	19836.2	15596.3	15987.1	18075.6
Q9D0M5	DYL2_MOUSE	Dynll2	Dynein light chain 2, cytoplasmic	152527	67496.7	105319	109377	105911	78085.7	91439.4	81166.3	100729	109652
Q9D0Q7	RM45_MOUSE	Mrpl45	Large ribosomal subunit protein mL45	12876.4		14644.2	17425.1	19865.3	14273.9		18717.7	18860.8	16192
Q9D0R2	SYTC_MOUSE	Tars1	Threonine--tRNA ligase 1, cytoplasmic	1128.74	4378	1733.12				2033.77	2246.85	1728.91	
Q9D0R8	LSM12_MOUSE	Lsm12	Protein LSM12	8568.33		6607.94		4392.32		4706.19			
Q9D0T1	NH2L1_MOUSE	Snu13	NHP2-like protein 1	7010.66	14566	11959.1	9819.5	15156.6	10221.1	9243.03	5494.51	6335.44	5953.14
Q9D0W5	PPIL1_MOUSE	Ppil1	Peptidyl-prolyl cis-trans isomerase-like 1	2013.11		5800.82	4302.15	7500.2	2960.29	6137.1		3926.61	
Q9D125	RT25_MOUSE	Mrps25	Small ribosomal subunit protein mS25	6310.29	31645	5887.88	8646.54	7632.41	6716.85	7244.1	6844.65	5838.63	8049.82
Q9D164	FXYD6_MOUSE	Fxyd6	FXYD domain-containing ion transport regulator 6	2307.14								3108.52	
Q9D1B9	RM28_MOUSE	Mrpl28	Large ribosomal subunit protein bL28m	3903.64					23550.9		16513.9	8909.86	
Q9D1C2	CBY1_MOUSE	Cby1	Protein chibby homolog 1	360.715	1265.44							567.399	
Q9D1E8	PLCE_MOUSE	Agpat5	1-acyl-sn-glycerol-3-phosphate acyltransferase epsilon	2925.6		3946.16							6232.91
Q9D1G1	RAB1B_MOUSE	Rab1b	Ras-related protein Rab-1B	8001.16	18378.6	8320.52	9550.79	14081.1	7627.67	11690.9	9715.33	8089.2	7429.59
Q9D1G5	LRC57_MOUSE	Lrrc57	Leucine-rich repeat-containing protein 57	1294.88	3463.84	1923.97	2757.53	1764.05	2884.09	2258.25	2257.63	1888.46	1794.32
Q9D1H7	GET4_MOUSE	Get4	Golgi to ER traffic protein 4 homolog	4504.53									
Q9D1H8	RM53_MOUSE	Mrpl53	Large ribosomal subunit protein mL53	1063.3		1385.19		2351.74		1467.03	1323.78	716.348	1006.34
Q9D1I6	RM14_MOUSE	Mrpl14	Large ribosomal subunit protein uL14m	15342.9	605080	68819.1	121841	113045	108303	107828	85318.6	61944.9	104400
Q9D1J1	NECP2_MOUSE	Necap2	Adaptin ear-binding coat-associated protein 2	838.167									
Q9D1K2	VATF_MOUSE	Atp6v1f	V-type proton ATPase subunit F	8549.7		5553.94	6638	5813.7	5870.39	6773.92	4054.92	3958.82	3731.89
Q9D1M0	SEC13_MOUSE	Sec13	Protein SEC13 homolog	4221.56		2459.15	6444.4	4241.38	4252.89	3528.37	2070.91	1675.78	4537.73
Q9D1M4	MCA3_MOUSE	Eef1e1	Eukaryotic translation elongation factor 1 epsilon-1	1893.34									
Q9D1N9	RM21_MOUSE	Mrpl21	Large ribosomal subunit protein bL21m	3201.7		2581	2902.12	3017.71	3150.18	4422.69	2778.7	2560.56	3496.29
Q9D1P0	RM13_MOUSE	Mrpl13	Large ribosomal subunit protein uL13m	2410.55		4994.94		7376.76	4601.76	3800.94	4063	4307.99	6202.27
Q9D1R9	RL34_MOUSE	Rpl34	Large ribosomal subunit protein eL34	357104	192988	296362	290996	302635	250309	246719	262726	318805	333470
Q9D289	TPC6B_MOUSE	Trappc6b	Trafficking protein particle complex subunit 6B	2119.08		2443.77		2911.99	2551.31	2809.5	2653.63	2262.49	2573.23
Q9D2G2	ODO2_MOUSE	Dlst	Dihydrolipoyllysine-residue succinyltransferase component of 2-oxoglutarate dehydrogenase complex, mitochondrial	77569.5	79648	85642.8	86487	96800.5	107119	84999.1	93463.3	84303.1	97825.8
Q9D2N4	DTNA_MOUSE	Dtna	Dystrobrevin alpha	3970.01		2556.39			2844.82			3176.8	3129.44
Q9D2N9	VP33A_MOUSE	Vps33a	Vacuolar protein sorting-associated protein 33A	2246.38		2867.68	2634.23	2995.74	2889.84	2976.26	2730.5	2313.42	1601.94
Q9D2P8	MOBP_MOUSE	Mobp	Myelin-associated oligodendrocyte basic protein	56807.8	41492.9	68888.9	58812.9	66905.4	72781.2	48811.1	61646.6	62857.9	61798.6
Q9D2Q3	PAAT_MOUSE	Paat	ATPase PAAT	221.288									
Q9D2R8	RT33_MOUSE	Mrps33	Small ribosomal subunit protein mS33	7668.67		6748.6	7806.79	7765.21	6655.01	8182.62	10410.4	8809.93	9074.76
Q9D328	NACHO_MOUSE	Tmem35a	Novel acetylcholine receptor chaperone	271.418		653.719	1161.49					532.824	
Q9D338	RM19_MOUSE	Mrpl19	Large ribosomal subunit protein bL19m	1434.33								2286.71	
Q9D394	RUFY3_MOUSE	Rufy3	Protein RUFY3	5688.98	13141.3	6462.62	8270.45	6904.42	10855.2	7855.06	8869.12	5228.95	8899.81
Q9D3A8	CAPON_MOUSE	Nos1ap	Carboxyl-terminal PDZ ligand of neuronal nitric oxide synthase protein	10885.3	13814.8	10536.9	11465.6	10192.2	10264.4	12117	11689.4	11432.4	9783.5
Q9D3B1	HACD2_MOUSE	Hacd2	Very-long-chain (3R)-3-hydroxyacyl-CoA dehydratase 2	832.319		1091.44			1585.31		1929.72	1328.25	
Q9D3D9	ATPD_MOUSE	Atp5f1d	ATP synthase subunit delta, mitochondrial	3584	10555.1	3845.52	4660.22	4795.38	6322.8	5406.34	5165.22	4109.09	3601.29
Q9D3E6	STAG1_MOUSE	Stag1	Cohesin subunit SA-1	3430.53		3146.9		2417.2					
Q9D3N8	GRTP1_MOUSE	Grtp1	Growth hormone-regulated TBC protein 1	3172.5	6733.7	4339.77	5006.23	4745.66	3767.86	4642.41	3606.33	4009.54	3999.28
Q9D3P8	PLRKT_MOUSE	Plgrkt	Plasminogen receptor (KT)	337.047									
Q9D415	DLGP1_MOUSE	Dlgap1	Disks large-associated protein 1	109325	82375.9	99000.4	95547.3	91253.6	93651.5	100244	104563	105574	100447
Q9D428	GOG7B_MOUSE	GOLGA7B	Golgin subfamily A member 7B	16602.2	16618.1	12803.9	13485.2	9492.8	14868.7	11146.1	11533.9	11205.3	11344.1
Q9D486	CMIP_MOUSE	Cmip	C-Maf-inducing protein	3239.38		4634.1				4816.47		3400.24	
Q9D4F2	PLPP6_MOUSE	Plpp6	Polyisoprenoid diphosphate/phosphate phosphohydrolase PLPP6	795.329									
Q9D4F8	GCP4_MOUSE	Tubgcp4	Gamma-tubulin complex component 4	227.739									
Q9D4H1	EXOC2_MOUSE	Exoc2	Exocyst complex component 2	8940.22	22093.8	8608.06	9776.97	9374.37	9076.71	9029.84	9310.48	8430.34	8999.25
Q9D4H8	CUL2_MOUSE	Cul2	Cullin-2	6225.76			8967.56				9201.71	10902.2	
Q9D4H9	PHF14_MOUSE	Phf14	PHD finger protein 14	1394.61		2590.81		3784.89		2671.18	1157.63		
Q9D4J1	EFHD1_MOUSE	Efhd1	EF-hand domain-containing protein D1	2908.91		4705.62							
Q9D517	PLCC_MOUSE	Agpat3	1-acyl-sn-glycerol-3-phosphate acyltransferase gamma	704.299									
Q9D554	SF3A3_MOUSE	Sf3a3	Splicing factor 3A subunit 3	2574.62	7098.83	6551.41	4702.64	11242.4	3944.85	4256.9	1602.21	3440.62	2622.34
Q9D5T0	ATAD1_MOUSE	Atad1	Outer mitochondrial transmembrane helix translocase	232.398		458.671						427.769	
Q9D5V5	CUL5_MOUSE	Cul5	Cullin-5	3243.24	5021.04	2607.28		3658.08		5125.41	5765.98	5145	5184.44
Q9D658	TP4A3_MOUSE	Ptp4a3	Protein tyrosine phosphatase type IVA 3	394.802									
Q9D666	SUN1_MOUSE	Sun1	SUN domain-containing protein 1	734.935		4031.95		8278.71				2023.32	
Q9D6F4	GBRA4_MOUSE	Gabra4	Gamma-aminobutyric acid receptor subunit alpha-4	3021.58		4482.64	5108.07	6808.51	4757.62	9191.08	4169.92	4346.58	8756.93
Q9D6F9	TBB4A_MOUSE	Tubb4a	Tubulin beta-4A chain	96651	68717.7	57884.3	63514.8	64278.4	67888.7	49518.9	47777	47626.4	47321.5
Q9D6J5	NDUB8_MOUSE	Ndufb8	NADH dehydrogenase [ubiquinone] 1 beta subcomplex subunit 8, mitochondrial	2539.32									
Q9D6J6	NDUV2_MOUSE	Ndufv2	NADH dehydrogenase [ubiquinone] flavoprotein 2, mitochondrial	4057.87		4528.58	2767.03	3120.96	4560.4	5766.98	3922.8	3184.24	4437.47
Q9D6K5	SYJ2B_MOUSE	Synj2bp	Synaptojanin-2-binding protein	2785.24									
Q9D6M3	GHC1_MOUSE	Slc25a22	Mitochondrial glutamate carrier 1	83784	146277	81146.4	77828.6	89982.3	83042	87648.9	70832.4	74380.6	73126.8
Q9D6P8	CALL3_MOUSE	Calml3	Calmodulin-like protein 3	199396	234900	282477	261838	337869	255263	254372	291595	272977	276946
Q9D6R2	IDH3A_MOUSE	Idh3a	Isocitrate dehydrogenase [NAD] subunit alpha, mitochondrial	839.887	12197.5	2176.82		2456.83	3557.87	3254.04	1815.64	1702.59	1732.6
Q9D6Z1	NOP56_MOUSE	Nop56	Nucleolar protein 56	6314.24	18632.4	11137.9	10265.2	13029.1	9532.11	8192.36	6033.3	7035.38	6239.53
Q9D700	DUS26_MOUSE	Dusp26	Dual specificity protein phosphatase 26	3048.06									
Q9D710	TMX2_MOUSE	Tmx2	Thioredoxin-related transmembrane protein 2	267.11	1799.23								
Q9D7B6	ACAD8_MOUSE	Acad8	Isobutyryl-CoA dehydrogenase, mitochondrial	16430.2		20280.3	20580.4				20522.3	19833.5	19953.8
Q9D7G0	PRPS1_MOUSE	Prps1	Ribose-phosphate pyrophosphokinase 1	14953.9		15624.3		17182.2	17262	14883.2	12511.4	10046.3	13108.1
Q9D7N3	RT09_MOUSE	Mrps9	Small ribosomal subunit protein uS9m	6916.98	7836.14	6094.11	5825.54	6833.07	6397.28	7161.13	6545.37	7781.6	7538.89
Q9D7N6	RM30_MOUSE	Mrpl30	Large ribosomal subunit protein uL30m	716.097	15238.7	1113.21	1821.91	2170.6	2865.28	2609.99	1703.32		2364.56
Q9D7S7	RL22L_MOUSE	Rpl22l1	Ribosomal protein eL22-like 1	6202.47	50149.8	10188.9	12602.3	16689.9	13074.7	17176.4	10608.2	8781.01	10077.8
Q9D7X1	KCTD4_MOUSE	Kctd4	BTB/POZ domain-containing protein KCTD4	983.455			4280.06		1888.89		2011.34		
Q9D7X3	DUS3_MOUSE	Dusp3	Dual specificity protein phosphatase 3	8892.29					28003.8				11862.5
Q9D819	IPYR_MOUSE	Ppa1	Inorganic pyrophosphatase								4453.84		
Q9D824	FIP1_MOUSE	Fip1l1	Pre-mRNA 3'-end-processing factor FIP1	2279.92		7707.71		5898.85	8371.35	6703.57		4984.03	
Q9D832	DNJB4_MOUSE	Dnajb4	DnaJ homolog subfamily B member 4	891.252		1290.52					1380.49	1127.29	
Q9D856	S39A5_MOUSE	Slc39a5	Zinc transporter ZIP5			34703	3179	57297.6		40460.3			
Q9D880	TIM50_MOUSE	Timm50	Mitochondrial import inner membrane translocase subunit TIM50	5485.02									
Q9D883	U2AF1_MOUSE	U2af1	Splicing factor U2AF 35 kDa subunit	1094.08	10583	1533.77		2946.82	1864.45	2734.05	1719.99	1431.43	1547.79
Q9D898	ARP5L_MOUSE	Arpc5l	Actin-related protein 2/3 complex subunit 5-like protein	54649.8	42893.4	54846.8	53721.5	50378.4	48951.7	56010	61931.2	68338.2	58205.2
Q9D8B3	CHM4B_MOUSE	Chmp4b	Charged multivesicular body protein 4b	5858.3	6717.11	4061.78	4427.66	4977.75	5581.35	3305.77	4382.2	3521.07	3704.58
Q9D8B4	NDUAB_MOUSE	Ndufa11	NADH dehydrogenase [ubiquinone] 1 alpha subcomplex subunit 11	1903.65		2548.23			2949.22		2941.66	2365.68	
Q9D8E6	RL4_MOUSE	Rpl4	Large ribosomal subunit protein uL4	140168	50809.5	77960.7	75518.4	82721.7	59074.2	79382.5	90878.9	90739.8	92643.3
Q9D8N0	EF1G_MOUSE	Eef1g	Elongation factor 1-gamma	79410	53274.4	36762.3	30203.8	39310.9	33685.7	39635.1	38876	32938.6	26985.2
Q9D8P4	RM17_MOUSE	Mrpl17	Large ribosomal subunit protein bL17m	1389.47		1976.39	3742.19		2081.84		1801.57	1574.85	2599.06
Q9D8S3	ARFG3_MOUSE	Arfgap3	ADP-ribosylation factor GTPase-activating protein 3	1382.44					2619.87	3307.04	1772.45	1582.31	
Q9D8W5	PSD12_MOUSE	Psmd12	26S proteasome non-ATPase regulatory subunit 12	8849.68	12016.1	12045.7	11779.9	10708.5	14493.3	13091.7	12593.2	11593.4	12461.5
Q9D8W7	OCAD2_MOUSE	Ociad2	OCIA domain-containing protein 2	889.862	1625.67	557.465			2073.42				671.373
Q9D8Y0	EFHD2_MOUSE	Efhd2	EF-hand domain-containing protein D2	133669	94327.2	138749	121405	122178	120101	124575	142077	148057	132483
Q9D8Z1	ASCC1_MOUSE	Ascc1	Activating signal cointegrator 1 complex subunit 1	7247.09									
Q9D8Z6	ATGA1_MOUSE	Atg101	Autophagy-related protein 101	144.074									
Q9D903	EBP2_MOUSE	Ebna1bp2	Probable rRNA-processing protein EBP2	488.701									
Q9D906	ATG7_MOUSE	Atg7	Ubiquitin-like modifier-activating enzyme ATG7	5237.77		8214.85		11297.7		10729.4	5298.49		
Q9D938	TM160_MOUSE	Tmem160	Transmembrane protein 160	1227.26		767.434			2492.15	1556.74	1434.22	1376.42	1843.66
Q9D952	EVPL_MOUSE	Evpl	Envoplakin							1547.63	3491.15		
Q9D9G3	CHIC2_MOUSE	Chic2	Cysteine-rich hydrophobic domain-containing protein 2	562.546		1008.9		648.431			980.921	1331.3	
Q9D9M2	UBP12_MOUSE	Usp12	Ubiquitin carboxyl-terminal hydrolase 12	1979.92		3795.26			6200.96		4668.93	4026.4	
Q9D9T8	EFHC1_MOUSE	Efhc1	EF-hand domain-containing protein 1	1238.66		1753.67	1587.45					1787.02	
Q9D9V4	RSPH9_MOUSE	Rsph9	Radial spoke head protein 9 homolog	1927.57				4092.52		3329.98	2064.3		
Q9DAK2	PACRG_MOUSE	Pacrg	Parkin coregulated gene protein homolog	1992.49									
Q9DAK9	PHP14_MOUSE	Phpt1	14 kDa phosphohistidine phosphatase	813.256									
Q9DAM5	TPC_MOUSE	Slc25a19	Mitochondrial thiamine pyrophosphate carrier	286.976			781.45	700.303					
Q9DAS9	GBG12_MOUSE	Gng12	Guanine nucleotide-binding protein G(I)/G(S)/G(O) subunit gamma-12	18337.2	9194.56	10481.8	12845	12147.7	11246.5	14047.2	10608	12365.2	9104.82
Q9DAW6	PRP4_MOUSE	Prpf4	U4/U6 small nuclear ribonucleoprotein Prp4	617.386		2233.91							
Q9DB05	SNAA_MOUSE	Napa	Alpha-soluble NSF attachment protein	2165.3		2657.72		6469.01	4385.73		3951.41	2718.01	
Q9DB15	RM12_MOUSE	Mrpl12	Large ribosomal subunit protein bL12m	3033.18		2906.31	2941.12	3015.26	3335.47	3870.53	2992.47	2602.83	3066.45
Q9DB20	ATPO_MOUSE	Atp5po	ATP synthase subunit O, mitochondrial	25760.3	73101	28829.2	30536.8	26631.8	32061.7	31622.9	27833	25182.2	27529
Q9DB34	CHM2A_MOUSE	Chmp2a	Charged multivesicular body protein 2a	4892.45		3173.56	4309.15	3491.98	3037.49	3295.31	3055.93	2924.77	2895.68
Q9DB41	GHC2_MOUSE	Slc25a18	Mitochondrial glutamate carrier 2	4917.55		3918.53	7475.77	7161.58	5251.16	5281.23	4516.59	3596.63	
Q9DB72	BTBDH_MOUSE	Btbd17	BTB/POZ domain-containing protein 17	3351.76	3811.98	2657.3	3022.36	2649.98	1921.65	2860.81	3143.1	2704.86	3579.99
Q9DB77	QCR2_MOUSE	Uqcrc2	Cytochrome b-c1 complex subunit 2, mitochondrial	17811.2	41990.1	21176.1	30922.2	26652.3	32930.7	23381.7	25079.5	19063.7	30040.6
Q9DBC7	KAP0_MOUSE	Prkar1a	cAMP-dependent protein kinase type I-alpha regulatory subunit	47977.3	25476.2	27930.4	28138.3	32307.6	25008.2	28783.2	22735.7	24807.4	24846.8
Q9DBE8	ALG2_MOUSE	Alg2	Alpha-1,3/1,6-mannosyltransferase ALG2	14242.3	19500.4	21000.5			18248.4	25308.5	17006.3	17939	38851
Q9DBF1	AL7A1_MOUSE	Aldh7a1	Alpha-aminoadipic semialdehyde dehydrogenase			11492.6		18415.9		16749.5		14283.6	
Q9DBG3	AP2B1_MOUSE	Ap2b1	AP-2 complex subunit beta	296306	164233	204522	190228	199487	185117	199481	193318	194738	191734
Q9DBG6	RPN2_MOUSE	Rpn2	Dolichyl-diphosphooligosaccharide--protein glycosyltransferase subunit 2	1283.28		2227.93	3711.94		3354.74	3311.97	5554.58		
Q9DBH0	WWP2_MOUSE	Wwp2	NEDD4-like E3 ubiquitin-protein ligase WWP2	10654.8	25841.2	12722.3	18297.2	16780.2	18686.9	13804.2	17616.6	11989.7	19112
Q9DBJ1	PGAM1_MOUSE	Pgam1	Phosphoglycerate mutase 1	8098.75	28502.1	8434.6		10578.1	9279.03	10892.4	16557.8	7775.05	8111.99
Q9DBL1	ACDSB_MOUSE	Acadsb	Short/branched chain specific acyl-CoA dehydrogenase, mitochondrial	1074.92		1645.67							
Q9DBN5	LONP2_MOUSE	Lonp2	Lon protease homolog 2, peroxisomal	541.125		762.28		1112.05					
Q9DBR2	FA13C_MOUSE	Fam13c	Protein FAM13C	1433.29	11058	3341.72	5274.96	2184.78	2539.55	5310.77	2436.75	2404.87	2903.94
Q9DBR3	ARMC8_MOUSE	Armc8	Armadillo repeat-containing protein 8	7944.06	10649.8	10726.3	13560.1	11832.2	10675.3	9031.19	9073.19	8955.27	9489.16
Q9DBR7	MYPT1_MOUSE	Ppp1r12a	Protein phosphatase 1 regulatory subunit 12A	15466.7	18145.8	16625.1	17797.6	18672.4	17211	18423	17455.7	18088.7	16211.9
Q9DBT5	AMPD2_MOUSE	Ampd2	AMP deaminase 2	6898.76		6189.13	10210.3	9385.3	11381.9	7898.81	9721.24	7077.3	7845.21
Q9DBZ5	EIF3K_MOUSE	Eif3k	Eukaryotic translation initiation factor 3 subunit K	8431.25		8609.04				8273.8	10579.3	6883.47	
Q9DC23	DJC10_MOUSE	Dnajc10	DnaJ homolog subfamily C member 10	1860.47		3024.57		2743.6		1612.3	1999.76	1613.21	2819.39
Q9DC28	KC1D_MOUSE	Csnk1d	Casein kinase I isoform delta	35050	30814.4	31582.4	30193.7	30034.4	30802.6	30929.4	30250.5	30354.9	30452.3
Q9DC29	ABCB6_MOUSE	Abcb6	ATP-binding cassette sub-family B member 6					18495.4		20618.2		12336.3	21508.8
Q9DC33	HM20A_MOUSE	Hmg20a	High mobility group protein 20A	629.291		1806.29		3590.6	1860.35			1306.77	
Q9DC51	GNAI3_MOUSE	Gnai3	Guanine nucleotide-binding protein G(i) subunit alpha-3	22985.5	48821.9	22333.5	22626.3	22418.1	27444.7	21721.4	22801.6	20973.8	23103
Q9DC61	MPPA_MOUSE	Pmpca	Mitochondrial-processing peptidase subunit alpha	2456.08				6989.85					
Q9DC69	NDUA9_MOUSE	Ndufa9	NADH dehydrogenase [ubiquinone] 1 alpha subcomplex subunit 9, mitochondrial	7519.06	13579.6	7104.38	10110.2	8199.21	10561.6	9280.52	7909.42	8310.12	8479.24
Q9DC70	NDUS7_MOUSE	Ndufs7	NADH dehydrogenase [ubiquinone] iron-sulfur protein 7, mitochondrial	5820.32	10290.1	6546.86	5048.28	7039.8	5886.26	6131.08	5542.47	5492.55	5384.47
Q9DC71	RT15_MOUSE	Mrps15	Small ribosomal subunit protein uS15m	11361.9	17471.6	9869.26	9560.97	8689.62	8250.82	10832.7	12512.2	10680.8	10600.4
Q9DCA2	RT11_MOUSE	Mrps11	Small ribosomal subunit protein uS11m	10201.2		9848.83	9538.35	9190.8	8516.43	10749.6	11183.7	11451.7	12880.2
Q9DCC8	TOM20_MOUSE	Tomm20	Mitochondrial import receptor subunit TOM20 homolog	9193.53		8639.28						5864.56	
Q9DCH4	EIF3F_MOUSE	Eif3f	Eukaryotic translation initiation factor 3 subunit F	10489.3		10976	13554.7	16651.1	11717	10791.1	14963.5	10024.4	10856.8
Q9DCI9	RM32_MOUSE	Mrpl32	Large ribosomal subunit protein bL32m	3013.58	18836.4	5117.34	5857.25	6130.33	5031.2	6486.86	5996.96	3936.62	6171.78
Q9DCJ1	LST8_MOUSE	Mlst8	Target of rapamycin complex subunit LST8	1549.28									
Q9DCJ5	NDUA8_MOUSE	Ndufa8	NADH dehydrogenase [ubiquinone] 1 alpha subcomplex subunit 8	6678.61	11063.4	8386.28	7051.99	7963.6	8767.3	8906.57	10068	6961.87	5742.79
Q9DCJ7	AKIP_MOUSE	Aurkaip1	Small ribosomal subunit protein mS38	2174.48		2909.29		2538.1	2096.22	3296.96			
Q9DCL9	PUR6_MOUSE	Paics	Bifunctional phosphoribosylaminoimidazole carboxylase/phosphoribosylaminoimidazole succinocarboxamide synthetase	3754.18		4883.15	9560.63		8156.74	5503.57	9259.46		4753.8
Q9DCM4	DNAL4_MOUSE	Dnal4	Dynein axonemal light chain 4	5507.5		6735.29	3665.05	6413.71		7502.11	4178.15	4483.83	5797.6
Q9DCR2	AP3S1_MOUSE	Ap3s1	AP-3 complex subunit sigma-1	5066.95	49162.3	6911.37	9355.01	8741.54	7423.15	8121.13	6900.89	6003.44	8827.33
Q9DCS9	NDUBA_MOUSE	Ndufb10	NADH dehydrogenase [ubiquinone] 1 beta subcomplex subunit 10	1813.91		2019.53	6063.72	4607.93	3941.03		3694.75	3140.23	4631.71
Q9DCT2	NDUS3_MOUSE	Ndufs3	NADH dehydrogenase [ubiquinone] iron-sulfur protein 3, mitochondrial	9435.49	24637.6	9958.35	9941.69	12716.9	13074.7	12181.3	10259.6	9864.71	10349.3
Q9DCT8	CRIP2_MOUSE	Crip2	Cysteine-rich protein 2	1181.32				1809.43	1192.51		2512.04		
Q9DCU2	PLLP_MOUSE	Pllp	Plasmolipin	2640.74		2414.77		3031.71	2911.4	1567.37	2675.91	2490.49	2250.4
Q9DCU6	RM04_MOUSE	Mrpl4	Large ribosomal subunit protein uL4m	2720.56	5345.6	4182.14	4012.79	3730.44	3988.75	5212.72	3026.8	3704.66	4481.77
Q9DCX2	ATP5H_MOUSE	Atp5pd	ATP synthase subunit d, mitochondrial	7326.14	16573	5716.34	8096.29	9544.07	10298.7	7507.86	7115.41	6292.61	6727.54
Q9DCZ4	MIC26_MOUSE	Apoo	MICOS complex subunit Mic26	1163.23									
Q9EP53	TSC1_MOUSE	Tsc1	Hamartin	842.812		809.893	1261.16		1685.13	1422.86	686.538	904.84	
Q9EP69	SAC1_MOUSE	Sacm1l	Phosphatidylinositol-3-phosphatase SAC1	261.848									
Q9EP71	RAI14_MOUSE	Rai14	Ankycorbin	3473.35	12019.9	5680.52	6922.73	5339.33	5590.94	6436.96	7497.15	6652.91	6272.12
Q9EP72	EMC7_MOUSE	Emc7	Endoplasmic reticulum membrane protein complex subunit 7			2677.97				4066.26		2407.35	
Q9EP89	LACTB_MOUSE	Lactb	Serine beta-lactamase-like protein LACTB, mitochondrial	85826.8	59205.5	76642.1	67988.2	71892.9	74434.5	72939.3	80680.4	84061.8	82854.6
Q9EPJ9	ARFG1_MOUSE	Arfgap1	ADP-ribosylation factor GTPase-activating protein 1	998.251	6306.69				4582.4			2780.47	3652.52
Q9EPK2	XRP2_MOUSE	Rp2	Protein XRP2	20389.9	14864.2	17474.3	20886.1	18597.2	16383.4	17127.3	16152.3	18800	18129.5
Q9EPK7	XPO7_MOUSE	Xpo7	Exportin-7	123.639								427.964	
Q9EPL2	CSTN1_MOUSE	Clstn1	Calsyntenin-1	3888.98									
Q9EPL8	IPO7_MOUSE	Ipo7	Importin-7	5868.41		7262.79			8969.08		11476.1		
Q9EPN1	NBEA_MOUSE	Nbea	Neurobeachin	5760.24	6257.82	7403.12	9300.21	8952.99	7318.63	7899.92	6836.06	7343.44	7231.18
Q9EPQ8	TCF20_MOUSE	Tcf20	Transcription factor 20			4856.12			4538.99				
Q9EPR5	SORC2_MOUSE	Sorcs2	VPS10 domain-containing receptor SorCS2	4592.93		6874.01	4489.63	7491.05	7020.43	8956.67	7104.58	4917.32	6677.71
Q9EPU0	RENT1_MOUSE	Upf1	Regulator of nonsense transcripts 1	26423.1	9841.61	6047.93	7247.9	7983.14	7313.97	7256.86	7233.99	6833.24	6607.24
Q9EPU4	CPSF1_MOUSE	Cpsf1	Cleavage and polyadenylation specificity factor subunit 1	1002.79		1973.88							
Q9EPV8	UBL5_MOUSE	Ubl5	Ubiquitin-like protein 5	749.651		1842.74		3311.62				1063.4	1495.45
Q9EPW0	INP4A_MOUSE	Inpp4a	Inositol polyphosphate-4-phosphatase type I A	1916.76		2138.45					2181.08		
Q9EQ00	ROP1L_MOUSE	Ropn1l	Ropporin-1-like protein	120.648									
Q9EQF6	DPYL5_MOUSE	Dpysl5	Dihydropyrimidinase-related protein 5	13374.1	17365.5	13463.7	13459.7	16287.4	16683.3	15068.2	12687.7	12230.6	12954.8
Q9EQH3	VPS35_MOUSE	Vps35	Vacuolar protein sorting-associated protein 35	3763.84	9221.04	4109.6	3650.06	5353.61	5430.21	3063.76	6092.95	3346.21	3953.27
Q9EQI8	RM46_MOUSE	Mrpl46	Large ribosomal subunit protein mL46	2302.56		3116.82	3471.29			3052.31	2855.84	3655.5	3577.69
Q9EQJ9	MAGI3_MOUSE	Magi3	Membrane-associated guanylate kinase, WW and PDZ domain-containing protein 3	27997.9	34561.5	26218.7	29134.3	37021.4	31228.3	27360	25375.8	26076	26855.1
Q9EQK5	MVP_MOUSE	Mvp	Major vault protein	2647.03		3978.15			6871.32	4291.72	4067.65	3414.64	4172.64
Q9EQN3	T22D4_MOUSE	Tsc22d4	TSC22 domain family protein 4	22332	19182.8	24236.2	24059.6	21322.2	20118.5	21596.3	17325.5	25128.6	22536
Q9EQQ9	OGA_MOUSE	Oga	Protein O-GlcNAcase	1758.3		2058.82	3783.14				2813.4	2922.96	
Q9EQS9	IGDC4_MOUSE	Igdcc4	Immunoglobulin superfamily DCC subclass member 4			11873.3		23951.5		20319.8		10246.6	
Q9EQZ6	RPGF4_MOUSE	Rapgef4	Rap guanine nucleotide exchange factor 4	53165.3	36455.2	44943.4	42568.4	43182.8	45080.5	43511.8	42921.7	44976.2	45896.2
Q9EQZ7	RIMS2_MOUSE	Rims2	Regulating synaptic membrane exocytosis protein 2	24119.9	31797.4	20223.5	20684.1	20653.1	19438.1	19582	19815.2	20325.5	18988.1
Q9ER00	STX12_MOUSE	Stx12	Syntaxin-12	3245.97									
Q9ER58	TICN2_MOUSE	Spock2	Testican-2	1045.58		892.934	1249.05	1384.41		2097.14	1103.07	1609.18	1029.38
Q9ER64	OSBL5_MOUSE	Osbpl5	Oxysterol-binding protein-related protein 5	330.955		488.579					524.733	482.714	
Q9ER72	SYCC_MOUSE	Cars1	Cysteine--tRNA ligase, cytoplasmic	3373.47						4046.55	6191.75		
Q9ER88	RT29_MOUSE	Dap3	Small ribosomal subunit protein mS29	8187.62	8448.55	8121.37	6593.34	7795.03	6795.85	8831.52	9000.14	8456.86	8300.98
Q9ERB0	SNP29_MOUSE	Snap29	Synaptosomal-associated protein 29	443.573									
Q9ERC8	DSCAM_MOUSE	Dscam	Cell adhesion molecule DSCAM	1036.73									2149.56
Q9ERD7	TBB3_MOUSE	Tubb3	Tubulin beta-3 chain	270947	263177	217790	207264	217781	213348	180162	182102	157022	163518
Q9ERE9	JIP2_MOUSE	Mapk8ip2	C-Jun-amino-terminal kinase-interacting protein 2	6453.11		7645.78	7497.37		7251.16	8151.32	6982.03	8824.68	8981.23
Q9ERG0	LIMA1_MOUSE	Lima1	LIM domain and actin-binding protein 1	18611.5	24376	20679.8	22033.9	22320.7	23102	22272.5	22611.2	23301.6	23124
Q9ERG2	STRN3_MOUSE	Strn3	Striatin-3	6250.51	9077.85	7100.2	8912.95	7058.24	9132.38	7784.69	8277.47	7451.16	7665.09
Q9ERI6	RDH14_MOUSE	Rdh14	Retinol dehydrogenase 14	627.087									
Q9ERK4	XPO2_MOUSE	Cse1l	Exportin-2	310.087									
Q9ERR1	NDEL1_MOUSE	Ndel1	Nuclear distribution protein nudE-like 1	5928.48	11952.8	6662.1	7611.31	6605.82	7746.97	6933.42	7914.2	7443.6	7443.66
Q9ERS2	NDUAD_MOUSE	Ndufa13	NADH dehydrogenase [ubiquinone] 1 alpha subcomplex subunit 13	10757.3	14327.8	10153.3	10532.9	10376.8	9825.05	10934.7	11961.4	10823.4	11017.8
Q9ERU9	RBP2_MOUSE	Ranbp2	E3 SUMO-protein ligase RanBP2	14609.8	63939.8	52840.9	48910.5	80976.3	44273.3	40836.6	26832.3	29148.9	22702.4
Q9ES28	ARHG7_MOUSE	Arhgef7	Rho guanine nucleotide exchange factor 7	9100.06	25736.4	19381.6	13031.9	28255.7	13635.7	27207.1	12793.7	17958.1	10903.8
Q9ES56	TPPC4_MOUSE	Trappc4	Trafficking protein particle complex subunit 4	10475		8518.07	10051.1	7630.76	12046.5	9560.62	7922.1	8451.4	
Q9ES89	EXTL2_MOUSE	Extl2	Exostosin-like 2	7075.66								10326.2	
Q9ES97	RTN3_MOUSE	Rtn3	Reticulon-3	11738	29239	15753.6	13252.1	15634.7	16527.3	16717	15060.1	14846.9	14474.9
Q9ESJ4	SPN90_MOUSE	Nckipsd	NCK-interacting protein with SH3 domain	132525	144550	155942	160300	141231	131504	149863	142107	170824	163271
Q9ESK3	CAN10_MOUSE	Capn10	Calpain-10	2439.9		2070.43				2291.32		2266.02	1877.86
Q9ESK9	RBCC1_MOUSE	Rb1cc1	RB1-inducible coiled-coil protein 1	3038.98	9681.93	3452.18	4287.33	8630.66	2933.07		3799.25	4910.67	6831.56
Q9ESN6	TRIM2_MOUSE	Trim2	Tripartite motif-containing protein 2	2247.17		2401.63	2769.64		3804.54	3837.55	2421.98	2353.93	3601.34
Q9ESN9	JIP3_MOUSE	Mapk8ip3	C-Jun-amino-terminal kinase-interacting protein 3	20459.9	24223.6	20066.9	19834.8	19387.9	21162.6	19487.7	20282.7	19023.3	19503
Q9ESP1	SDF2L_MOUSE	Sdf2l1	Stromal cell-derived factor 2-like protein 1	1085.45	8053.24								
Q9ESS0	DUS10_MOUSE	Dusp10	Dual specificity protein phosphatase 10	306.447									
Q9EST1	GSDMA_MOUSE	Gsdma	Gasdermin-A		19755.3		3642.16			5904.61	5396.19		
Q9ESU6	BRD4_MOUSE	Brd4	Bromodomain-containing protein 4			1864.95		2545.43					
Q9ESW4	AGK_MOUSE	Agk	Acylglycerol kinase, mitochondrial	8549.89	31543	12363.6	13939.9	14606.3	10794.6	10358.8	9880.84	10630.1	9598.51
Q9ESX5	DKC1_MOUSE	Dkc1	H/ACA ribonucleoprotein complex subunit DKC1	2556.38	5370.68	4722.06	3992.3	6553.01	4148.7	2921.98	2708.82	2535.81	2762.79
Q9ET43	CLD12_MOUSE	Cldn12	Claudin-12	2855.89		3532.62	4594.55	5866.53		4215.24	2955.3	2552.02	
Q9ET77	JPH3_MOUSE	Jph3	Junctophilin-3	12082.3	15086.6	9856.93	11499.8	9626.64	11839.9	11684.9	10669.3	9481.87	10548.6
Q9ET80	JPH1_MOUSE	Jph1	Junctophilin-1	2573.6		2435.05	3537.06	3032.48	2944.02	3348.9	3055.55	2487.81	2220.84
Q9JHJ0	TMOD3_MOUSE	Tmod3	Tropomodulin-3	4608.63	14750	6739.82	7160.07	7000.25	6735.12	7180.17	6890.95	7132.28	6283.53
Q9JHL1	NHRF2_MOUSE	Nherf2	Na(+)/H(+) exchange regulatory cofactor NHE-RF2	1979.27		3370.01							
Q9JHQ0	ANXA9_MOUSE	Anxa9	Annexin A9								25053.2		
Q9JHR7	IDE_MOUSE	Ide	Insulin-degrading enzyme	2034.71	10815.9	2729.98	4020.08	4658.85	6123.67	13916.4	14624.2	2880.16	2538.96
Q9JHS3	LTOR2_MOUSE	Lamtor2	Ragulator complex protein LAMTOR2	1476.89						2982.91	2297.59	1676.39	
Q9JHU4	DYHC1_MOUSE	Dync1h1	Cytoplasmic dynein 1 heavy chain 1	73028.8	69254.6	68877.7	67441.8	69492.9	74299.6	62007.6	68154.2	66806.6	65679.4
Q9JHW4	SELB_MOUSE	Eefsec	Selenocysteine-specific elongation factor	2256.78									
Q9JI11	STK4_MOUSE	Stk4	Serine/threonine-protein kinase 4	1695.85									
Q9JI18	LRP1B_MOUSE	Lrp1b	Low-density lipoprotein receptor-related protein 1B	5151.29									
Q9JI19	FIBP_MOUSE	Fibp	Acidic fibroblast growth factor intracellular-binding protein	3342.51		3702.18			4496.49		3366.47	5098.64	
Q9JI46	NUDT3_MOUSE	Nudt3	Diphosphoinositol polyphosphate phosphohydrolase 1	382.456							511.095	608.956	
Q9JI91	ACTN2_MOUSE	Actn2	Alpha-actinin-2	206645	163757	228994	216205	197825	206808	224581	255099	264929	246388
Q9JIA1	LGI1_MOUSE	Lgi1	Leucine-rich glioma-inactivated protein 1	21022.9	19970.6	20920.1	21515.8	17664.8	19401.6	18627.4	18014.9	17775.1	18204.9
Q9JIA7	SPHK2_MOUSE	Sphk2	Sphingosine kinase 2	2810.03		10670.3							
Q9JIF0	ANM1_MOUSE	Prmt1	Protein arginine N-methyltransferase 1	15949.9	29312	18124.8	19826.1	16309	19123.5	18814	18956.4	18660.9	18797.6
Q9JIF7	COPB_MOUSE	Copb1	Coatomer subunit beta	2109.45		3078.12	4895.19						
Q9JIG7	CCD22_MOUSE	Ccdc22	Coiled-coil domain-containing protein 22	676.432								1523.47	
Q9JII1	INP5E_MOUSE	Inpp5e	Phosphatidylinositol polyphosphate 5-phosphatase type IV	1026.71		1503.6	1427.84		1179.28		1256.35	1411.28	1455.14
Q9JII6	AK1A1_MOUSE	Akr1a1	Aldo-keto reductase family 1 member A1	588.454						1898.36	870.467		
Q9JIK5	DDX21_MOUSE	Ddx21	Nucleolar RNA helicase 2	2184.29	8435.46	7580.57	6764.91	9277.7	7045.57	4191.28	3843.25	5078.3	5541.31
Q9JIK9	RT34_MOUSE	Mrps34	Small ribosomal subunit protein mS34	16731.9	13775.1	15259.4	15649.2	17823.9	14973.1	17995.2	17373.9	18526.4	18422.2
Q9JIS5	SV2A_MOUSE	Sv2a	Synaptic vesicle glycoprotein 2A	8094.55	16510.2	8289.24	9884.67	8360.58	9032.19	9358.33	8654.36	8153.07	8744.86
Q9JIX8	ACINU_MOUSE	Acin1	Apoptotic chromatin condensation inducer in the nucleus	9634.6		18260	15994.9	28013.7	18581.6	21455.1	10394.5	11228.9	8074.96
Q9JIX9	FASTK_MOUSE	Fastk	Fas-activated serine/threonine kinase	471.643									
Q9JIY0	PKHO1_MOUSE	Plekho1	Pleckstrin homology domain-containing family O member 1	5351.54							8693.11	5588.17	
Q9JJ28	FLII_MOUSE	Flii	Protein flightless-1 homolog	22635.4	18850.9	23342.2	25914.2	28395.6	26580.6	26128.8	26354.6	26026.3	24983.6
Q9JJ57	KCIP1_MOUSE	Kcnip1	Kv channel-interacting protein 1	3847.74									
Q9JJ61	GLT16_MOUSE	Galnt16	Polypeptide N-acetylgalactosaminyltransferase 16	1239.13		1507.93				1701.84		1476.68	1539.93
Q9JJ69	KCIP2_MOUSE	Kcnip2	Kv channel-interacting protein 2	14200	17158.7	13481.2	13814.6	13235.2	14747.4	13393.8	12710.5	13878.7	12692.7
Q9JJA9	GRASP_MOUSE	Tamalin	General receptor for phosphoinositides 1-associated scaffold protein	15994.1	14327	14523.8	15253.5	17542.5	13007.2	15550.3	15009.9	14091.6	15042.6
Q9JJG6	TMM47_MOUSE	Tmem47	Transmembrane protein 47	1594.81									
Q9JJG9	NOA1_MOUSE	Noa1	Nitric oxide-associated protein 1	1224.99									
Q9JJI8	RL38_MOUSE	Rpl38	Large ribosomal subunit protein eL38	24697.4	440314	65651	104195	100389	81822.1	81524.3	67740.8	59754.4	72014.9
Q9JJJ7	PORCN_MOUSE	Porcn	Protein-serine O-palmitoleoyltransferase porcupine	3024.9			10056.3	6462.39	6430.32		4414.4	8678.44	
Q9JJK2	LANC2_MOUSE	Lancl2	LanC-like protein 2	15127.5	18256.9	13361.3	13875.1	15418	14461	14953.5	11548.5	12732	14393.9
Q9JJU8	SH3L1_MOUSE	Sh3bgrl	Adapter Sh3bgrl	1073.24		1507.66	2421.51	1781.97	1726.24	1592.76	1387.44	1225.76	
Q9JJV2	PROF2_MOUSE	Pfn2	Profilin-2	16739.9	27026.7	12090.7	12605.3	10998.9	10857.3	11640.3	12263.6	13088.7	11834.3
Q9JJV5	CCG3_MOUSE	Cacng3	Voltage-dependent calcium channel gamma-3 subunit	1881.4									
Q9JJY3	NSMA2_MOUSE	Smpd3	Sphingomyelin phosphodiesterase 3	1618.21		1579.12					3868.92		
Q9JJY4	DDX20_MOUSE	Ddx20	Probable ATP-dependent RNA helicase DDX20	461.093					983.854	848.856			
Q9JK42	PDK2_MOUSE	Pdk2	[Pyruvate dehydrogenase (acetyl-transferring)] kinase isozyme 2, mitochondrial	214.516					955.42		511.612		
Q9JK45	KCNQ5_MOUSE	Kcnq5	Potassium voltage-gated channel subfamily KQT member 5	12292.1		17313	11237.6	24998.5	26156.9	20648.5	21915.7	11292.8	25851.7
Q9JK92	HSPB8_MOUSE	Hspb8	Heat shock protein beta-8	2068.57				11101.8			8105.57		
Q9JK97	KCNQ4_MOUSE	Kcnq4	Potassium voltage-gated channel subfamily KQT member 4	9579.92		6128.1	4700.34		4538.81		6974.14	6708.2	6869.52
Q9JKB1	UCHL3_MOUSE	Uchl3	Ubiquitin carboxyl-terminal hydrolase isozyme L3	826.655									
Q9JKB3	YBOX3_MOUSE	Ybx3	Y-box-binding protein 3	1828.82		1026.8		1504.76			1101.96	1590.89	
Q9JKC6	CEND_MOUSE	Cend1	Cell cycle exit and neuronal differentiation protein 1	389.959		298.281	362.567	669.915		690.838	391.854	386.4	
Q9JKC8	AP3M1_MOUSE	Ap3m1	AP-3 complex subunit mu-1	1131.2	9492.49	2307.36	2601.06		2631.29	3902.22	2167.52	2016.56	
Q9JKD3	SCAM5_MOUSE	Scamp5	Secretory carrier-associated membrane protein 5	3824.25			9832.78	5037.92	5557.14		6040.62	7450.34	6956.98
Q9JKF1	IQGA1_MOUSE	Iqgap1	Ras GTPase-activating-like protein IQGAP1								3937.74		
Q9JKF7	RM39_MOUSE	Mrpl39	Large ribosomal subunit protein mL39	1382.33		3242.1	4588.12	3843.94	6232.37		3530.77	2988.62	3211.99
Q9JKK7	TMOD2_MOUSE	Tmod2	Tropomodulin-2	154805	126731	185920	177115	163428	166089	177263	185687	199371	197642
Q9JKN5	OLIG1_MOUSE	Olig1	Oligodendrocyte transcription factor 1	1439.17		1660.98	1488.62	2418.1	1708.95		1099.41	1136.86	
Q9JKP5	MBNL1_MOUSE	Mbnl1	Muscleblind-like protein 1	2676.92									
Q9JKV1	ADRM1_MOUSE	Adrm1	Proteasomal ubiquitin receptor ADRM1	2328.51		1558.29	2294.37	2982.58	3621.16	2115.38	3149.53	1937.39	1655.02
Q9JKX3	TFR2_MOUSE	Tfr2	Transferrin receptor protein 2			6997.31	14897.3		15200.6			12944.8	12055.5
Q9JKY0	CNOT9_MOUSE	Cnot9	CCR4-NOT transcription complex subunit 9	381.201		384.503	625.763	522.046	507.977		433.737	657.544	
Q9JKY5	HIP1R_MOUSE	Hip1r	Huntingtin-interacting protein 1-related protein	1736.44	8336.9	2230.23	2525.91	4743.31	4158.89	2571.21	2828	1866.79	2547.57
Q9JL04	FMN2_MOUSE	Fmn2	Formin-2	6342.76	11534.2	7365.55	8025.64	7808.51	7998.89	6754.67	7859.7	7836.79	7721.17
Q9JL15	LEG8_MOUSE	Lgals8	Galectin-8	3686.65		4584.03	3607.15	5256.61	4469.45	5329.61	5030.21	5925.72	4146.28
Q9JL26	FMNL1_MOUSE	Fmnl1	Formin-like protein 1	4444.53		3964.97	4381.15	4337.91	5342.01		3885.25	3451.59	3907.25
Q9JLB0	PALS2_MOUSE	Pals2	Protein PALS2	3273.18	5787.44	3684.15	3397.2	3690.5	4107.94	3266.47	3578.23	3451.39	3971.15
Q9JLB2	PALS1_MOUSE	Pals1	Protein PALS1	3202.32	2564.09	3350.08	2414.15	3693.91	6068.04	4807.2	4006.92	4715.5	4237.12
Q9JLC8	SACS_MOUSE	Sacs	Sacsin	5797.79		6333.75		9957.06	22467.6		11971.3	7498.8	9010.46
Q9JLF6	TGM1_MOUSE	Tgm1	Protein-glutamine gamma-glutamyltransferase K		20176.8					4850.15	5550.97		
Q9JLI7	SPAG6_MOUSE	Spag6	Sperm-associated antigen 6	6979.67	19784.8	15704.6		13657.5	15200.7	21148.3		15817	9919.49
Q9JLJ1	SELK_MOUSE	Selenok	Selenoprotein K	29813.8									
Q9JLM8	DCLK1_MOUSE	Dclk1	Serine/threonine-protein kinase DCLK1	56065.7	52114.4	44741.5	49240.4	46752.1	45756	48099	47905.8	44153.9	44716.1
Q9JLN9	MTOR_MOUSE	Mtor	Serine/threonine-protein kinase mTOR	1149.22	2428.81	1370.26	1988.76	2085.37	1985.06	2084.31	1166.66	2049.17	915.004
Q9JLQ0	CD2AP_MOUSE	Cd2ap	CD2-associated protein	374.175		4339.84		7515.89		6635.7		3769.88	
Q9JLQ2	GIT2_MOUSE	Git2	ARF GTPase-activating protein GIT2	839.845									
Q9JLV1	BAG3_MOUSE	Bag3	BAG family molecular chaperone regulator 3	2806.67		2220.09	3254.44	3142.58	5068.64	3966.56	2131.62	2958.98	2384.05
Q9JLV5	CUL3_MOUSE	Cul3	Cullin-3	1961.97		2694.59	2274.25		2075.71	3081.59	2355.88	1622.99	
Q9JLZ3	AUHM_MOUSE	Auh	Methylglutaconyl-CoA hydratase, mitochondrial				4849.98		3399.54		2438.6		2532.02
Q9JM52	MINK1_MOUSE	Mink1	Misshapen-like kinase 1	8113.83	10672	7836.39	8435.57	7553.17	7758.86	8908.08	7665.82	6889.45	6759.18
Q9JM54	APR_MOUSE	Pmaip1	Phorbol-12-myristate-13-acetate-induced protein 1			4421.99		7764.37		5858.87		2589.88	
Q9JM63	KCJ10_MOUSE	Kcnj10	ATP-sensitive inward rectifier potassium channel 10	4177.02		3909.75	3235.4	5875.21		4823.41	3255.62	3292.47	4038.41
Q9JM76	ARPC3_MOUSE	Arpc3	Actin-related protein 2/3 complex subunit 3	94216.8	46107.4	75927.2	63754.9	69200.3	65937.2	70434.8	79643.5	89101.2	82318.8
Q9JM93	AR6P4_MOUSE	Arl6ip4	ADP-ribosylation factor-like protein 6-interacting protein 4	2072.6									
Q9JMA9	S6A14_MOUSE	Slc6a14	Sodium- and chloride-dependent neutral and basic amino acid transporter B(0+)			2663.05							2477.44
Q9JMB8	CNTN6_MOUSE	Cntn6	Contactin-6	20282.2	68447.4	30979	26466.2	26918.2	27277.6	34736.1	26807.6	31738.9	28390.6
Q9JMC8	E41LB_MOUSE	Epb41l4b	Band 4.1-like protein 4B	2112.53		1243.37	2266.1	3117.18	1481.15	2621.19	1610.32	1844.41	2270.89
Q9JME5	AP3B2_MOUSE	Ap3b2	AP-3 complex subunit beta-2	9545.61	42955.1	12940	13732.2	15620.5	15980.8	13484.9	11770.6	12168.8	13653
Q9JME7	TPC2L_MOUSE	Trappc2l	Trafficking protein particle complex subunit 2-like protein	4837.9		4690.91	5715.58	8022.56	4257.69	7333.93	4642.97	5264.66	4507.27
Q9JME9	VTM2B_MOUSE	Vstm2b	V-set and transmembrane domain-containing protein 2B	1596.82		1558.91	2650.71	1515.02	1407.69	1887.31	1387.89	1707.31	1450.59
Q9JMG4	NKAI4_MOUSE	Nkain4	Sodium/potassium-transporting ATPase subunit beta-1-interacting protein 4	920.607									
Q9JMG7	HDGR3_MOUSE	Hdgfl3	Hepatoma-derived growth factor-related protein 3	3372.22		5079.56		10558.2	6487.5				
Q9JMH9	MY18A_MOUSE	Myo18a	Unconventional myosin-XVIIIa	62784.6	53110.3	61812.8	60114.5	57448.5	61113.8	61094.6	67294.5	66686.2	63878.1
Q9JMK2	KC1E_MOUSE	Csnk1e	Casein kinase I isoform epsilon	23493.9	22527.3	21071.4	17736.7	20392.5	20738.1	19592.6	18384.2	18856.5	18215.1
Q9QUI0	RHOA_MOUSE	Rhoa	Transforming protein RhoA	8903.07	20571	7278.9	7207.05	6254.86		8422.28	7882.94	6472.86	8056.5
Q9QUM9	PSA6_MOUSE	Psma6	Proteasome subunit alpha type-6	19462.8	50280.8	26000.5	24657.3	28073.8	30020.3	32303.1	27603.4	20095.3	23039.5
Q9QUP5	HPLN1_MOUSE	Hapln1	Hyaluronan and proteoglycan link protein 1	38904.8	29482.8	31982.9	30933.8	26485.6	25966.1	30267.6	29971.7	33671.8	32858.6
Q9QUQ5	TRPC4_MOUSE	Trpc4	Short transient receptor potential channel 4	1525.13		2055.14	1973.3	2800.21	2187.4	2574.12	2207.73	3151.49	2151.74
Q9QUR7	PIN1_MOUSE	Pin1	Peptidyl-prolyl cis-trans isomerase NIMA-interacting 1	2842.02						2486.92	1793.12	2416.16	
Q9QUR8	SEM7A_MOUSE	Sema7a	Semaphorin-7A	48874.7	60493	49758.4	47799	52982.7	52735.9	53742.7	55548.9	52199.8	52459.5
Q9QVP9	FAK2_MOUSE	Ptk2b	Protein-tyrosine kinase 2-beta	12034.2	7559.98	16954.3		20478.4	23207.2		11485.2	12654.4	24940.4
Q9QWI6	SRCN1_MOUSE	Srcin1	SRC kinase signaling inhibitor 1	237798	134390	216204	214338	224948	207827	225064	210579	225696	214961
Q9QWL7	K1C17_MOUSE	Krt17	Keratin, type I cytoskeletal 17	420182	5.93594e+06	236941	871803	322014	672720	2.15304e+06	2.31822e+06	518578	894405
Q9QWV4	MLF1_MOUSE	Mlf1	Myeloid leukemia factor 1	6406.72							8839.38		
Q9QWW1	HOME2_MOUSE	Homer2	Homer protein homolog 2	73966.9	61164.2	76768.1	66821.3	64555.1	68455.5	68855.4	75287.9	75263.8	76113.6
Q9QWY8	ASAP1_MOUSE	Asap1	Arf-GAP with SH3 domain, ANK repeat and PH domain-containing protein 1	6646.65		10963.7	13920.1	18557	16163.5	10707.8	14054.9	9812.84	17789
Q9QX11	CYH1_MOUSE	Cyth1	Cytohesin-1	7429.68		7490.9	8120.47	5689.66	7600.56	7676.45	8495.35	7700.9	6911.53
Q9QX29	TRPC5_MOUSE	Trpc5	Short transient receptor potential channel 5	390.924								875.771	1025.29
Q9QX47	SON_MOUSE	Son	Protein SON	3311.9	6782.96	8105.61	8272.25	15090.8	7070.67	5010.77	4367.98	4469.92	3420.65
Q9QXA5	LSM4_MOUSE	Lsm4	U6 snRNA-associated Sm-like protein LSm4	2529.52		5121.06	6035.48	8851.42	5333.82	5118.35	3127.77	3276.52	
Q9QXB9	DRG2_MOUSE	Drg2	Developmentally-regulated GTP-binding protein 2	313.344									
Q9QXJ1	APBB1_MOUSE	Apbb1	Amyloid beta precursor protein binding family B member 1	1352.09							2191.89		
Q9QXK7	CPSF3_MOUSE	Cpsf3	Cleavage and polyadenylation specificity factor subunit 3	488.512		1156.62		1246.04				652.812	
Q9QXL1	KI21B_MOUSE	Kif21b	Kinesin-like protein KIF21B	5207.76	8207.17	5120.94	6283.87	6395.16	7463.06	6662.9	6540.07	4706.69	5340.57
Q9QXL2	KI21A_MOUSE	Kif21a	Kinesin-like protein KIF21A	1545.32		2613.96	4583.64	4445.76	3107.56	4552.13	3184.89	2595.19	
Q9QXL8	NDK7_MOUSE	Nme7	Nucleoside diphosphate kinase homolog 7	3545.14									
Q9QXN3	TRIP4_MOUSE	Trip4	Activating signal cointegrator 1	1457.5									
Q9QXS1	PLEC_MOUSE	Plec	Plectin	139055	119572	160707	147887	142596	147035	154140	162595	175333	165728
Q9QXS6	DREB_MOUSE	Dbn1	Drebrin	340093	252229	407036	378926	370526	396215	406603	437844	491546	446392
Q9QXT8	CSEN_MOUSE	Kcnip3	Calsenilin	2470.2		2407.34	3245.1		1991.4	2372.75	2962.65	3037.37	3018.41
Q9QXY6	EHD3_MOUSE	Ehd3	EH domain-containing protein 3	1246.37		1962.17	11440	4290.96	11072.4	3281.93	9317.98	2535.62	9913.3
Q9QXZ0	MACF1_MOUSE	Macf1	Microtubule-actin cross-linking factor 1, isoforms 1/2/3/4	62977.2	58592.1	66085	64221.7	64102.9	63042.6	63314.7	65806.8	70178.3	66296.3
Q9QY01	ULK2_MOUSE	Ulk2	Serine/threonine-protein kinase ULK2	638.98		554.299		517.948	747.073	570.085	627.261	370.146	474.79
Q9QY39	PDZD4_MOUSE	Pdzd4	PDZ domain-containing protein 4	1227.67									
Q9QY73	TMM59_MOUSE	Tmem59	Transmembrane protein 59	579.54		677.074		2157.5			442.29	854.007	
Q9QY76	VAPB_MOUSE	Vapb	Vesicle-associated membrane protein-associated protein B	6686.14		10184.8	9053.88	10521.7	11857.1	7935.9	7952.72	6807.41	7762.45
Q9QYA2	TOM40_MOUSE	Tomm40	Mitochondrial import receptor subunit TOM40 homolog	3121.24						3693.66		2434.72	
Q9QYB5	ADDG_MOUSE	Add3	Gamma-adducin	46830.1	50017.7	52981.2	51718.6	52210.7	53756.7	49338.2	55760	60080.2	57714.4
Q9QYB8	ADDB_MOUSE	Add2	Beta-adducin	178912	241290	225878	223866	217460	214433	227176	240116	270641	252039
Q9QYC0	ADDA_MOUSE	Add1	Alpha-adducin	103941	126499	117324	112812	107455	110411	120105	122914	136797	129735
Q9QYC1	PCX1_MOUSE	Pcnx1	Pecanex-like protein 1	336.714		618.481	306.049	905.675		740.074	502.135	341.587	
Q9QYE3	BC11A_MOUSE	Bcl11a	B-cell lymphoma/leukemia 11A	628.009		1408.89	1974.43	2354.5	1183.8	717.986	786.285	1386.89	
Q9QYF9	NDRG3_MOUSE	Ndrg3	Protein NDRG3	2935.47		3276.54				4177.2	4337.37		
Q9QYG0	NDRG2_MOUSE	Ndrg2	Protein NDRG2	5231.33	21124.4	7940.92		15073.6	10778.3	15614.2		8045.64	
Q9QYH6	MAGD1_MOUSE	Maged1	Melanoma-associated antigen D1	2995.01									
Q9QYI4	DJB12_MOUSE	Dnajb12	DnaJ homolog subfamily B member 12	1126.23		1998.96	2247.08		2882.6				
Q9QYI5	DNJB2_MOUSE	Dnajb2	DnaJ homolog subfamily B member 2	1138.7						1327.88			
Q9QYI6	DNJB9_MOUSE	Dnajb9	DnaJ homolog subfamily B member 9	1005.55									
Q9QYJ0	DNJA2_MOUSE	Dnaja2	DnaJ homolog subfamily A member 2	651.991		575.177		987.507	818.146	713.585	834.171	609.938	551.514
Q9QYJ3	DNJB1_MOUSE	Dnajb1	DnaJ homolog subfamily B member 1	8219.92		18922.5				20522			
Q9QYM9	TEFF2_MOUSE	Tmeff2	Tomoregulin-2	4270.77		4836.53	5131.8	5003.98	5284.25	6382.34	5084.55	4469.1	4769.1
Q9QYR6	MAP1A_MOUSE	Map1a	Microtubule-associated protein 1A	490288	211322	253562	242001	265143	252002	247622	243438	270685	251342
Q9QYS2	GRM3_MOUSE	Grm3	Metabotropic glutamate receptor 3	10106.6	16915.1	10222.4	9451.96	12061.1	9381.16	9766.67	8188.03	8434.21	8917.68
Q9QYS9	QKI_MOUSE	Qki	KH domain-containing RNA-binding protein QKI	3888.83							5821.11		
Q9QYX7	PCLO_MOUSE	Pclo	Protein piccolo	117110	78479.4	88085.7	87414	83304.7	89583	80682.8	88716	86795.9	83759.2
Q9QYY0	GAB1_MOUSE	Gab1	GRB2-associated-binding protein 1	1211.32									
Q9QYY1	I36RA_MOUSE	IL36RN	Interleukin-36 receptor antagonist protein							1335.28	4785.23		
Q9QZ06	TOLIP_MOUSE	Tollip	Toll-interacting protein	4138.08	5636.46	4321.41	4553.26	5876.03	4419.2	5164.88	4892.77	4839.24	4484.27
Q9QZB0	RGS17_MOUSE	Rgs17	Regulator of G-protein signaling 17	51454.7	45378	50726.2	53009.3	51022.2	52642.6	50343.6	57188.8	59118.9	62977.9
Q9QZB1	RGS20_MOUSE	Rgs20	Regulator of G-protein signaling 20	11512.8	13361	11677.2	9925.14	12202.6	9798.24	11941.5	10838.8	11493.3	10878.2
Q9QZB7	ARP10_MOUSE	Actr10	Actin-related protein 10	11321.3		11901.2	13799.9	13340.7	15048.9	13529.9	12235.4	10758.7	12760.1
Q9QZB9	DCTN5_MOUSE	Dctn5	Dynactin subunit 5	4186.31		4539.16	4515.16	7248.29	4440.95	7184.12	3307.52	4568.04	5162.95
Q9QZD8	DIC_MOUSE	Slc25a10	Mitochondrial dicarboxylate carrier	3433.91							3865.72	3486.8	
Q9QZD9	EIF3I_MOUSE	Eif3i	Eukaryotic translation initiation factor 3 subunit I	7245.14	16653.8	8536.37	9432.65	11401.5	7255.6	9451.48	9608.1	8078.53	7811.41
Q9QZE5	COPG1_MOUSE	Copg1	Coatomer subunit gamma-1	798.672		692.934	663.327				1169.83		
Q9QZF2	GPC1_MOUSE	Gpc1	Glypican-1	42128.6	41884.4	34305.6	35601.9	37016.4	39344	35728.1	38680.8	38441	38360.7
Q9QZH6	ECSIT_MOUSE	Ecsit	Evolutionarily conserved signaling intermediate in Toll pathway, mitochondrial	2751.9									
Q9QZI8	SERC1_MOUSE	Serinc1	Serine incorporator 1	1301.65									
Q9QZL6	UBP21_MOUSE	Usp21	Ubiquitin carboxyl-terminal hydrolase 21	502.637		815.639		1070.72				752.515	
Q9QZM2	DPOG2_MOUSE	Polg2	DNA polymerase subunit gamma-2	25648.7		37070.1				38948		41783.8	
Q9QZN4	FBX6_MOUSE	Fbxo6	F-box only protein 6	1654.95							2075.2	1369.06	1734.06
Q9QZQ1	AFAD_MOUSE	Afdn	Afadin	14158.1	18238.6	13702.8	13837	13430.8	14418.8	14330.7	14374	13967.3	13830.4
Q9QZQ8	H2AY_MOUSE	Macroh2a1	Core histone macro-H2A.1	32113	141621	161094	116124	196020	97421.9	69677.6	34503.9	59107.6	49380.2
Q9QZS3	NUMB_MOUSE	Numb	Protein numb homolog	3009.23		2901.01	4559.53	4931.45	3946.23		3243.7	4108.72	
Q9QZX7	SRR_MOUSE	Srr	Serine racemase	705.229		1318.16			1474			954.84	
Q9R013	CATF_MOUSE	Ctsf	Cathepsin F	1454.42									
Q9R087	GPC6_MOUSE	Gpc6	Glypican-6	5049.91		7837.04	4995.21	7266	5372.99			4937.54	4111.31
Q9R099	TBL2_MOUSE	Tbl2	Transducin beta-like protein 2	4543.53									
Q9R0A0	PEX14_MOUSE	Pex14	Peroxisomal membrane protein PEX14	2686.33		1832.37	2255.18	3005.03	2715.78	2158.22	2921.11	2030.85	4495.04
Q9R0I7	YLPM1_MOUSE	Ylpm1	YLP motif-containing protein 1	272.767		557.882							956.864
Q9R0K7	AT2B2_MOUSE	Atp2b2	Plasma membrane calcium-transporting ATPase 2	19475	35667.2	21868.8	21615.7	22499.4	21510.3	20414.2	20173.4	19270.6	17897.3
Q9R0L6	PCM1_MOUSE	Pcm1	Pericentriolar material 1 protein	10722.6	26611.1	9633.44	10381.8	8497.67	7436.4	10444.3	7787.65	8264.06	9604.6
Q9R0M0	CELR2_MOUSE	Celsr2	Cadherin EGF LAG seven-pass G-type receptor 2	6808.35		7322.97	8128.38	7689.56		8656.96	9553.94	5978.17	6694.94
Q9R0N3	SYT11_MOUSE	Syt11	Synaptotagmin-11	144154	151890	194239	211646	242693	181770	230470	171261	178608	186311
Q9R0N5	SYT5_MOUSE	Syt5	Synaptotagmin-5	18045.9	34843.6	18879.9	22203.1	17652.5	16207.7	17235.2	15457.3	14021.4	17741.7
Q9R0N7	SYT7_MOUSE	Syt7	Synaptotagmin-7	66539.2	76253.7	64451.2	62615.8	63976.9	60638.1	57027.4	61659.8	60024.4	60575.2
Q9R0N8	SYT6_MOUSE	Syt6	Synaptotagmin-6	6042.3									
Q9R0P5	DEST_MOUSE	Dstn	Destrin	4618.56	11560.2	6249.66	7520.64	7313.58	7726.68	8671.09	8843.07	7018.83	7752.75
Q9R0P9	UCHL1_MOUSE	Uchl1	Ubiquitin carboxyl-terminal hydrolase isozyme L1	3609.76	9038.83	4153.7	4107.46	2927.8	4504.49	4187.47	2896.46	3599.86	
Q9R0Q6	ARC1A_MOUSE	Arpc1a	Actin-related protein 2/3 complex subunit 1A	80830.8	66025.8	85960.3	74733.9	77475.7	78529.6	87828.2	94458	105627	96130.1
Q9R0Q7	TEBP_MOUSE	Ptges3	Prostaglandin E synthase 3	1969.59							3298.57	2254.48	
Q9R0Q9	MPU1_MOUSE	Mpdu1	Mannose-P-dolichol utilization defect 1 protein	301.697			258.904		744.28				
Q9R0S3	MMP17_MOUSE	Mmp17	Matrix metalloproteinase-17	8899.58		8086.74	8604.4	9766.78	7926.14	9753.77	10222.2	10007.5	9984.72
Q9R0U0	SRS10_MOUSE	Srsf10	Serine/arginine-rich splicing factor 10	23560.2	102358	42407.4	29591.6	57858.2	35007.8	30305.6	22334.9	21567.4	19319
Q9R0X4	ACOT9_MOUSE	Acot9	Acyl-coenzyme A thioesterase 9, mitochondrial	1631.35	2165.82	1600.19	2222.72	2109.95	2051.07	3533	2141.5	1635.2	2569.36
Q9R0Y5	KAD1_MOUSE	Ak1	Adenylate kinase isoenzyme 1	4072.07		5230.09		5772.96		4846.95	5332.33	3685.74	2228.5
Q9R111	GUAD_MOUSE	Gda	Guanine deaminase	12454.2	43021.7	12974.2	16731.1	17831.8		16920.2	14081.9	14361.7	15546.6
Q9R112	SQOR_MOUSE	Sqor	Sulfide:quinone oxidoreductase, mitochondrial	759.571								794.837	
Q9R117	TYK2_MOUSE	Tyk2	Non-receptor tyrosine-protein kinase TYK2	2588.23							3154.52	3537.43	2912.92
Q9R118	HTRA1_MOUSE	Htra1	Serine protease HTRA1	16421.4	9439.44	13635	15385.7	17912.5	16844.6	14001.8	14366.8	14554.7	13428.5
Q9R171	CBLN1_MOUSE	Cbln1	Cerebellin-1	8880.76		7962.73	10428.3	10551.2	6728.43	7860.45	7505.69	8707.31	12060.4
Q9R190	MTA2_MOUSE	Mta2	Metastasis-associated protein MTA2	2194.21	15313.4	7514.33	8229.79	11850.4	5934.1	5853.83	2762.62	4479.06	
Q9R1B9	SLIT2_MOUSE	Slit2	Slit homolog 2 protein	8196.07									
Q9R1C6	DGKE_MOUSE	Dgke	Diacylglycerol kinase epsilon	7058.24		5552.36	5344.56	4502.49	6453.48	6148.13	4754.99	4995.2	5286.65
Q9R1C7	PR40A_MOUSE	Prpf40a	Pre-mRNA-processing factor 40 homolog A	827.464		3989.47		5428.89	8291.21		2489.52		4833.26
Q9R1K9	CETN2_MOUSE	Cetn2	Centrin-2	1128		2169.79							
Q9R1L5	MAST1_MOUSE	Mast1	Microtubule-associated serine/threonine-protein kinase 1	14612.7	23398.3	12484.5	16661.8	13269.8	14713	13141.3	12648	11742.5	11904.4
Q9R1P0	PSA4_MOUSE	Psma4	Proteasome subunit alpha type-4	13373.1	22092.3	11971.6	16923	14595.1	15336.2	16005.9	15584.7	14430.8	14578.9
Q9R1P1	PSB3_MOUSE	Psmb3	Proteasome subunit beta type-3	3386.82		5824.12	7642.09	5177.89	8545.09	8551.87	7265.43	4964.95	6696.13
Q9R1P3	PSB2_MOUSE	Psmb2	Proteasome subunit beta type-2	19179	47307.2	23381.1	22930.6	27474.5	17965	35055	30537.7	25591	28349.1
Q9R1P4	PSA1_MOUSE	Psma1	Proteasome subunit alpha type-1	13453.7	24249.6	14132.4	16151.1	15664.3	17373	17554.3	16789.2	14214.6	13697.7
Q9R1Q8	TAGL3_MOUSE	Tagln3	Transgelin-3	1088.6								1100.37	2097.51
Q9R1Q9	VAS1_MOUSE	Atp6ap1	V-type proton ATPase subunit S1	33439.4	41465.6	26062.4	26950	30579.6	25527.2	24867.5	37781.6	28940.4	27728.4
Q9R1R2	TRIM3_MOUSE	Trim3	Tripartite motif-containing protein 3	12563.2	11587.7	10681.1	12923.2	12062.2	12098.5	11051.2	11468.8	11197.2	11723.5
Q9R1T4	SEPT6_MOUSE	Septin6	Septin-6	14728.1	18330.7	18419.6	18997.3	17036.5	19916.9	19169.9	19586.9	17299	20842.2
Q9R1V6	ADA22_MOUSE	Adam22	Disintegrin and metalloproteinase domain-containing protein 22	74198.5	65940.2	72274.6	70561	57137.9	66118.5	62617.1	53173.1	55908.8	61007.5
Q9R1V7	ADA23_MOUSE	Adam23	Disintegrin and metalloproteinase domain-containing protein 23	1736.09									
Q9R1Z8	VINEX_MOUSE	Sorbs3	Vinexin	201410								210262	
Q9R210	TFEB_MOUSE	Tfeb	Transcription factor EB	4405.83		5088.82							3226.69
Q9R226	KHDR3_MOUSE	Khdrbs3	KH domain-containing, RNA-binding, signal transduction-associated protein 3	6820.51	17745.9	15285.9	14734.4	24212.7	12039.5	13055.1	4535.43	10033.9	8162.26
Q9R269	PEPL_MOUSE	Ppl	Periplakin							9629.73	16868.4		
Q9WTI7	MYO1C_MOUSE	Myo1c	Unconventional myosin-Ic	17342.8	17695.5	18570.4	16645	17120.1	16718.1	18882.1	18115.7	19787.9	19276.9
Q9WTL4	INSRR_MOUSE	Insrr	Insulin receptor-related protein	29081.7						60054.2			55598.6
Q9WTM5	RUVB2_MOUSE	Ruvbl2	RuvB-like 2	2083.08	10150.1	6654.42	6147.2	9088.35	4839.85	3856.66	3553.35	3258.7	3118.4
Q9WTQ5	AKA12_MOUSE	Akap12	A-kinase anchor protein 12	2850.17		3127.1	5640.57	3375.9	5932.71	4085.34	3777.71	2895.22	4181.87
Q9WTQ8	TIM23_MOUSE	Timm23	Mitochondrial import inner membrane translocase subunit Tim23	3100.32						3225.4			
Q9WTR1	TRPV2_MOUSE	Trpv2	Transient receptor potential cation channel subfamily V member 2	23009.8									
Q9WTR5	CAD13_MOUSE	Cdh13	Cadherin-13	44014.8	35790	47669.7	48449.1	45513	42260.8	45560.9	48492.9	55918.1	46657.9
Q9WTS2	FUT8_MOUSE	Fut8	Alpha-(1,6)-fucosyltransferase	1441.3									
Q9WTS4	TEN1_MOUSE	Tenm1	Teneurin-1	953.643		723.585		1592.39	870.931	1147.13			926.048
Q9WTS5	TEN2_MOUSE	Tenm2	Teneurin-2	13848.4	22592.1	13110.6	15675	15189.3	15661.9	13305.4	12350.4	10278.2	11774
Q9WTS6	TEN3_MOUSE	Tenm3	Teneurin-3	5382.22		5348.62		8158.36		10252.2	9825.85	4512.81	9664.93
Q9WTT4	VATG2_MOUSE	Atp6v1g2	V-type proton ATPase subunit G 2	10344.3	7554.53	6671.24	7163.7	7400.64	6628.22	7154.22	7709.75	7389.45	5894.4
Q9WTU3	SCN8A_MOUSE	Scn8a	Sodium channel protein type 8 subunit alpha	1541.58		1122.2		2249	1594.4		1011.33	1280.38	
Q9WTX2	PRKRA_MOUSE	Prkra	Interferon-inducible double-stranded RNA-dependent protein kinase activator A	10025	8166.21	5887.14	7129.27	7767.31	5723.84	6374.15	5218.13	6576.7	6721.74
Q9WTX5	SKP1_MOUSE	Skp1	S-phase kinase-associated protein 1	27515.5	16376.2	22201.1	21253.3	19677.8	21084.4	19818.1	22943.8	19513	21205.4
Q9WTX6	CUL1_MOUSE	Cul1	Cullin-1	479.593							830.026		
Q9WU42	NCOR2_MOUSE	Ncor2	Nuclear receptor corepressor 2	382.217									
Q9WU60	ATRN_MOUSE	Atrn	Attractin	849.905									
Q9WUA2	SYFB_MOUSE	Farsb	Phenylalanine--tRNA ligase beta subunit	579.111		959.597	1110.6	588.229	973.941	1576.31	1531.55	1203.11	
Q9WUA3	PFKAP_MOUSE	Pfkp	ATP-dependent 6-phosphofructokinase, platelet type	19153.5	22424.6	15896	17571.8	18209.7	18714.6	16640.4	17042.7	15776.6	16137
Q9WUB4	DCTN6_MOUSE	Dctn6	Dynactin subunit 6	1070.18				1109.68	1563.47	808.885	1100.65		
Q9WUC3	LY6H_MOUSE	Ly6h	Lymphocyte antigen 6H	167583	103133	156072	142453	138011	129525	135378	156885	165002	157032
Q9WUD1	CHIP_MOUSE	Stub1	E3 ubiquitin-protein ligase CHIP	15337.2	25655.3	16240.5	16893	13772.9	17921.1	15343.3	16864.1	14834.9	15664.8
Q9WUM3	COR1B_MOUSE	Coro1b	Coronin-1B	7204.07	5537.55	8086.69	7037.55	6348.04	7355.81	7596.81	7549.69	8687.95	8667.05
Q9WUM4	COR1C_MOUSE	Coro1c	Coronin-1C	104934	73380.5	109098	101741	94588.3	101656	110938	116401	123497	126368
Q9WUM5	SUCA_MOUSE	Suclg1	Succinate--CoA ligase [ADP/GDP-forming] subunit alpha, mitochondrial	3576.49	12757.9	3769.09	4680.32	3710.57	5751.36	5321.81	4555.18	3452.4	3722.85
Q9WUN2	TBK1_MOUSE	Tbk1	Serine/threonine-protein kinase TBK1	2864.72		3228.75					2943.4	2764.63	
Q9WUP7	UCHL5_MOUSE	Uchl5	Ubiquitin carboxyl-terminal hydrolase isozyme L5	1847.11			3939.83					2677.44	
Q9WUQ2	PREB_MOUSE	Preb	Prolactin regulatory element-binding protein	7036.34		5527.97	8446.61					5612.14	4851.03
Q9WV02	RBMX_MOUSE	Rbmx	RNA-binding motif protein, X chromosome	35332.7	62586.5	75779.6	56112.1	110857	51891	46354	24953.8	42997	28847.5
Q9WV18	GABR1_MOUSE	Gabbr1	Gamma-aminobutyric acid type B receptor subunit 1	48513.5	41931.9	45919.7	42157.4	37669	40564.3	46653.9	45102.3	50338.3	46343.5
Q9WV31	ARC_MOUSE	Arc	Activity-regulated cytoskeleton-associated protein	14231.5	12815.1	15255	14216.7	12806.4	13802.4	14814.5	13952.5	14554.4	14775.6
Q9WV32	ARC1B_MOUSE	Arpc1b	Actin-related protein 2/3 complex subunit 1B	2784.27		2996.47	4039.49	4278.06	3521.11	3353.65	3935.15	3774.71	4322.75
Q9WV34	MPP2_MOUSE	Mpp2	MAGUK p55 subfamily member 2	12534.2	20973.2	17630.9	18716.2	16120.1	17619.7	18348.5	15198.7	15382.8	15684.1
Q9WV55	VAPA_MOUSE	Vapa	Vesicle-associated membrane protein-associated protein A	23734.2	20026	15665.5	14713.6	15621.4	14846.2	14724.7	12906.5	13949.4	11865.1
Q9WV60	GSK3B_MOUSE	Gsk3b	Glycogen synthase kinase-3 beta	3883.89	6334.62	3994.52	4109.66	3714.11	3938.1	3820.22	3695.94	3958.65	4251.94
Q9WV68	DECR2_MOUSE	Decr2	Peroxisomal 2,4-dienoyl-CoA reductase [(3E)-enoyl-CoA-producing]	3444.42	6361.53	4397.23	3688.19	4359.75	3796.26	3504.57	3141.47	3437.72	5256.72
Q9WV69	DEMA_MOUSE	Dmtn	Dematin	61282.6	52205.6	71151.8	65850.5	61438	60834.9	68799.8	74616	77110.5	74498.2
Q9WV80	SNX1_MOUSE	Snx1	Sorting nexin-1	817.096									
Q9WV92	E41L3_MOUSE	Epb41l3	Band 4.1-like protein 3	89695.8	89473.6	88103.5	85527.7	85759.5	87847.8	88163.2	87282.4	95969.3	85068.1
Q9WVB4	SLIT3_MOUSE	Slit3	Slit homolog 3 protein	2628.17		3253.11	4478.03		3295.77		4241.09	2668.71	
Q9WVD5	ORNT1_MOUSE	Slc25a15	Mitochondrial ornithine transporter 1	2953.06								13237.4	
Q9WVE8	PACN2_MOUSE	Pacsin2	Protein kinase C and casein kinase substrate in neurons protein 2	346.698									
Q9WVI9	JIP1_MOUSE	Mapk8ip1	C-Jun-amino-terminal kinase-interacting protein 1	7947.35	7694.35	8139.98	8410.75	8213.59	7496.13	6608.49	7268.74	7018.11	6499.38
Q9WVJ0	KCNH3_MOUSE	Kcnh3	Potassium voltage-gated channel subfamily H member 3	1139.67									
Q9WVJ2	PSD13_MOUSE	Psmd13	26S proteasome non-ATPase regulatory subunit 13	8296.54	18401.3	9488.92	9846.26	10151	11437.1	9041.11	9687.93	8241.89	9985.35
Q9WVK4	EHD1_MOUSE	Ehd1	EH domain-containing protein 1	2096.19		2861.03	13134	3820.63	14039.8	4853.31	11802.1	3590.09	12654
Q9WVK8	CP46A_MOUSE	Cyp46a1	Cholesterol 24-hydroxylase	1057.68		1782.58				3003.28	1667.42	1248.45	
Q9WVQ1	MAGI2_MOUSE	Magi2	Membrane-associated guanylate kinase, WW and PDZ domain-containing protein 2	10844.1	11936.3	8938.41	8896.27	9444.69	9279.68	8807.77	8191.13	8384.48	8309.63
Q9WVR4	FXR2_MOUSE	Fxr2	RNA-binding protein FXR2	130307		42500.7	47439.8	45726.6	50742.7	55271.5	47492.3	46400.8	45167.8
Q9Z0E0	NCDN_MOUSE	Ncdn	Neurochondrin	22066.1	38733.7	18280	14843	20425.4	20119	18038.6	18704.6	15708	14891.1
Q9Z0G0	GIPC1_MOUSE	Gipc1	PDZ domain-containing protein GIPC1	11421.9	11671	13538.6	11969.6	16607.8	15852.4	15893.1	15443.8	15645	13527.8
Q9Z0H4	CELF2_MOUSE	Celf2	CUGBP Elav-like family member 2	9650.26		7078.47	6972.65	9455.28	5338.07	4047.92	3378.32	4892.76	2721.49
Q9Z0H8	CLIP2_MOUSE	Clip2	CAP-Gly domain-containing linker protein 2	8989.75	12820.6	9757.97	11763.3	11182.7	12743.7	8957.68	10122.9	8223.56	10110
Q9Z0J4	NOS1_MOUSE	Nos1	Nitric oxide synthase 1	9458.97	16790.8	11390.2	14260.3	11125	13714.1	12992	13006.2	12477.5	13351.3
Q9Z0M3	CAD20_MOUSE	Cdh20	Cadherin-20	1688.76		2073.35		2530.18	3805.65	3633.81	3771.48	2676.12	
Q9Z0N1	IF2G_MOUSE	Eif2s3x	Eukaryotic translation initiation factor 2 subunit 3, X-linked	1956.84	6790.32	2476.6	3042.03	4671.46	2480.9	4551.85	3019.25	2729.9	3173.7
Q9Z0P4	PALM_MOUSE	Palm	Paralemmin-1	118426	95737.7	131759	119166	118183	122499	118154	147058	139344	127166
Q9Z0P5	TWF2_MOUSE	Twf2	Twinfilin-2	11401.3		13424.9	17725.5	12147.3	19465.9	16870.6	17657.6	19076.8	21057.8
Q9Z0R4	ITSN1_MOUSE	Itsn1	Intersectin-1	15851.5	19695.2	15392.4	15221.4	16329.7	14670.7	15845.5	14342.2	15231.9	14176.4
Q9Z0R6	ITSN2_MOUSE	Itsn2	Intersectin-2	23282.7	14547.2	14291.5	15350.1	13970.7	14675.1	15590.6	15371.9	15048.9	14986.6
Q9Z0U0	S53A1_MOUSE	Xpr1	Solute carrier family 53 member 1	1286.54				5039.44			2140.42		
Q9Z0U1	ZO2_MOUSE	Tjp2	Tight junction protein ZO-2	35931	30373.8	32505.6	32986.5	32443.5	33278.4	31834.6	33155	33164.8	33264.7
Q9Z0V1	KCND3_MOUSE	Kcnd3	Potassium voltage-gated channel subfamily D member 3	9030.93	12327.8	9361.99	8685.77	7005.4	8437.65	7578.38	8091.16	8684.09	7574.22
Q9Z0V2	KCND2_MOUSE	Kcnd2	Potassium voltage-gated channel subfamily D member 2	24134.9	32511.1	26595.5	28720.4	25628.8	26309.1	25852.6	26963.2	25474.1	23874.8
Q9Z0W3	NU160_MOUSE	Nup160	Nuclear pore complex protein Nup160	610.582		3676.93		3622.81	4123.26			2005.27	
Q9Z0X1	AIFM1_MOUSE	Aifm1	Apoptosis-inducing factor 1, mitochondrial	3081.95		6068.25		10427.2	9583.29	6053.3	6609.79	5257.98	
Q9Z0Y1	DCTN3_MOUSE	Dctn3	Dynactin subunit 3	6981.67	9520.83	6383.8	9472.72	8380.98	7597.13	4571.27	3382.34	4110.79	6478.48
Q9Z108	STAU1_MOUSE	Stau1	Double-stranded RNA-binding protein Staufen homolog 1	19330.6	23458.3	12141.8	16433	14707.8	13280.5	12883.3	10181.2	11997.2	13591.3
Q9Z130	HNRDL_MOUSE	Hnrnpdl	Heterogeneous nuclear ribonucleoprotein D-like	9534.99	14941.9	17429.5	12088.5	25595.5	12132.4	9428.25	6770.22	8673.68	6223.02
Q9Z140	CPNE6_MOUSE	Cpne6	Copine-6	6277.17	13521.6	5607.59	5930.35	5929.84	6269.81	6162.25	5974.08	5137.38	4915.3
Q9Z183;Q9Z184	PADI3_MOUSE;PADI4_MOUSE	Padi3;Padi4	Protein-arginine deiminase type-4		35966.5								
Q9Z185	PADI1_MOUSE	Padi1	Protein-arginine deiminase type-1		15404.4								
Q9Z1A1	Q9Z1A1_MOUSE	Tfg	TFG protein	5038.71	9102.67	15080	6647.86	22951.2	9208.33	19244.4	7249.51	12043.4	6939.74
Q9Z1B3	PLCB1_MOUSE	Plcb1	1-phosphatidylinositol 4,5-bisphosphate phosphodiesterase beta-1	2904.47		3750.54	5612.35	5210.86	6402.83	4293.31	4523.79	2908.38	4654.18
Q9Z1D1	EIF3G_MOUSE	Eif3g	Eukaryotic translation initiation factor 3 subunit G	878.883		824.064	1229.1		1574.22	1987.3	628.539	1267.53	1348.8
Q9Z1E4	GYS1_MOUSE	Gys1	Glycogen [starch] synthase, muscle	945.771									
Q9Z1G3	VATC1_MOUSE	Atp6v1c1	V-type proton ATPase subunit C 1	15860	22880.8	14643.2	13540.6	13328.3	13871.8	12998.2	15507.1	12909.4	12166.7
Q9Z1G4	VPP1_MOUSE	Atp6v0a1	V-type proton ATPase 116 kDa subunit a 1	86556	68561.5	65470.3	62382.4	62447.6	68134.5	64754.7	69070.9	63185	59762.5
Q9Z1J3	NFS1_MOUSE	Nfs1	Cysteine desulfurase	1178.02		1891.59	2816.05	2431.32	1926.14	2158.17		1829.96	3149.52
Q9Z1K7	APCL_MOUSE	Apc2	Adenomatous polyposis coli protein 2	10133.7		8561.15	11405.4	10707.7	8762.63	11272.7	8751	9423.7	10190.3
Q9Z1L5	CA2D3_MOUSE	Cacna2d3	Voltage-dependent calcium channel subunit alpha-2/delta-3	936087	849261	996171	979256	880416	904072	1.00649e+06	1.05256e+06	1.08115e+06	1.07392e+06
Q9Z1M8	RED_MOUSE	Ik	Protein Red	7123.86		20396.3	26672.3	34325.3	15010.2	14879.1	10190.6	12222.2	13956.3
Q9Z1N5	DX39B_MOUSE	Ddx39b	Spliceosome RNA helicase Ddx39b	607.257	10656.5	1137.86		1090.34		1876.04	2620.76	1233.9	
Q9Z1N9	UN13B_MOUSE	Unc13b	Protein unc-13 homolog B	1643.81			4649.49			3699.27	2698.6		
Q9Z1P6	NDUA7_MOUSE	Ndufa7	NADH dehydrogenase [ubiquinone] 1 alpha subcomplex subunit 7	3157.54	11749.3	4521.43	4824.68	3717.72	5334.89	4111.78	4858.01	4133.06	5344.29
Q9Z1Q2	ABHGA_MOUSE	Abhd16a	Phosphatidylserine lipase ABHD16A	1193.29		3769.5							
Q9Z1Q5	CLIC1_MOUSE	Clic1	Chloride intracellular channel protein 1	295.94						2844.38	5589.75		
Q9Z1Q9	SYVC_MOUSE	Vars1	Valine--tRNA ligase	8098.59		2794.76	2695.63	2946.31	3837.13	3595.4	3225.92	2984.25	4044.7
Q9Z1R2	BAG6_MOUSE	Bag6	Large proline-rich protein BAG6	3476.74	9839.08	3309.21		2677.22	3222.17		3353.62	2684.81	
Q9Z1S3	GRP1_MOUSE	Rasgrp1	RAS guanyl-releasing protein 1	3220.44		3805.11	4456.94	3308.88	4605.74	4254.98	4096.12	2745.86	3472.75
Q9Z1S5	SEPT3_MOUSE	Septin3	Neuronal-specific septin-3	13183.3	13543	19462.2	18872.1	17482	17059.4	16658.1	16700	16218.1	17648.8
Q9Z1T1	AP3B1_MOUSE	Ap3b1	AP-3 complex subunit beta-1	1038.01	10141.8		636.544				1781.52	945.619	
Q9Z1T2;Q9R0G6	COMP_MOUSE;TSP4_MOUSE	Comp;Thbs4	Cartilage oligomeric matrix protein	942.494			10364.1		7809.4		6297.18		7396.29
Q9Z1W9	STK39_MOUSE	Stk39	STE20/SPS1-related proline-alanine-rich protein kinase	1091.49		1629.07		1984.09	1286.31		1194.77	1725.18	1265.61
Q9Z1X4	ILF3_MOUSE	Ilf3	Interleukin enhancer-binding factor 3	14692.8	26004.9	20610.4	18878.7	33109	16005	17264.7	9322.75	13137.9	11708.6
Q9Z1Z0	USO1_MOUSE	Uso1	General vesicular transport factor p115								6495.12		
Q9Z1Z2	STRAP_MOUSE	Strap	Serine-threonine kinase receptor-associated protein	3169.93		2477.81	2514.53			1876.47		2597.15	2326.94
Q9Z204	HNRPC_MOUSE	Hnrnpc	Heterogeneous nuclear ribonucleoproteins C1/C2	22726.4	38124.4	40464.4	31169.4	62659.4	27341.3	29387.8	13632.5	24142.7	15532.5
Q9Z210	PX11B_MOUSE	Pex11b	Peroxisomal membrane protein 11B	950.576	1774.22	1169.61	1603.12		1668.6	906.682	1287.47		
Q9Z218	DPP6_MOUSE	Dpp6	Dipeptidyl aminopeptidase-like protein 6	6587.14	10575.6	7020.07	8330.09	8758.41	7109.7	7917.1	7794.63	6976.79	7323.98
Q9Z268	RASL1_MOUSE	Rasal1	RasGAP-activating-like protein 1	3106.77	6594.62	3610.36	3058.1	4344.19	3105.65	4494.48	3953.99	3845.3	3714.51
Q9Z277	BAZ1B_MOUSE	Baz1b	Tyrosine-protein kinase BAZ1B	966.716		4356.91	5143.51	6924.46	4260.6	3919.68	2151.76	2443.01	
Q9Z280	PLD1_MOUSE	Pld1	Phospholipase D1	5932.02	11280.6	6809.15	6910.41	7870.78	7833.19	6789.65	7332.35	6995.43	7530.52
Q9Z2A0	PDPK1_MOUSE	Pdpk1	3-phosphoinositide-dependent protein kinase 1	4965.01		5042.82	6689.02	5017.99	4855.98	3265.46	8065.26	6539.58	5786.01
Q9Z2C4	MTMR1_MOUSE	Mtmr1	Myotubularin-related protein 1	6641.57	11477.2	6163.38	9290.34	7425.83	7355.78	6980.77	6982.66	6057.1	7991.49
Q9Z2D1	MTMR2_MOUSE	Mtmr2	Myotubularin-related protein 2	5334.64	10830	5263.81	6235.31	6770.9	4837.49	6095.79	4684.61	5241.37	6691.46
Q9Z2D6	MECP2_MOUSE	Mecp2	Methyl-CpG-binding protein 2	6698.02	31102.1	25412	19655.1	33442.7	16941.4	13997.5	6930.33	12489.8	9461.23
Q9Z2D8	MBD3_MOUSE	Mbd3	Methyl-CpG-binding domain protein 3	1205.27									
Q9Z2E9	BSCL2_MOUSE	Bscl2	Seipin	2227.61		1742.92		2145		1762.81	2217.02	1679.18	2061.15
Q9Z2H5	E41L1_MOUSE	Epb41l1	Band 4.1-like protein 1	54613	49938.2	43006.7	41280.9	43685	40443.3	43725.9	39959.2	41302.6	37187
Q9Z2I2	FKB1B_MOUSE	Fkbp1b	Peptidyl-prolyl cis-trans isomerase FKBP1B	3566.91		5101.71	8349.65	5272.99	6547.13	6097.49	5082.52	4866.98	4734.05
Q9Z2I9	SUCB1_MOUSE	Sucla2	Succinate--CoA ligase [ADP-forming] subunit beta, mitochondrial	1652.39	10906.7	2706.12	3360.64	1981.34	3580.86	2551.53	2712.86	2351.88	
Q9Z2K1	K1C16_MOUSE	Krt16	Keratin, type I cytoskeletal 16	55615.5	257399	8953.79	62972.2	16041	30457.4	197662	308992	35476	49425.9
Q9Z2M6	UBL3_MOUSE	Ubl3	Ubiquitin-like protein 3	564.674									
Q9Z2Q5	RM40_MOUSE	Mrpl40	Large ribosomal subunit protein mL40	1881.42	3938.01			2801.19	1826.25	4751.93		2608.14	2739.92
Q9Z2Q6	SEPT5_MOUSE	Septin5	Septin-5	33795.2	33896.6	39658.5	41309.3	38957.6	42324.3	39153.1	36734.5	35474.4	38959.1
Q9Z2U0	PSA7_MOUSE	Psma7	Proteasome subunit alpha type-7	12028	36369.6	17282.9	15905.5	16285.8	19742.9	23922.2	22039.2	17019.6	18711.3
Q9Z2U1	PSA5_MOUSE	Psma5	Proteasome subunit alpha type-5	5517.32	12635	7767.83	7837.32	8010.64	8097.83	9925.54	8303.31	7024.4	7787.98
Q9Z2W0	DNPEP_MOUSE	Dnpep	Aspartyl aminopeptidase	2127.69								2031.24	3530.02
Q9Z2W8	GRIA4_MOUSE	Gria4	Glutamate receptor 4	1737.63		3118.3						3313.84	
Q9Z2W9	GRIA3_MOUSE	Gria3	Glutamate receptor 3	6202.94	10021.1	5944.57	6970.03	5861.59	5609.26	5879.41	5575.66	5840.54	6242.7
Q9Z2X1	HNRPF_MOUSE	Hnrnpf	Heterogeneous nuclear ribonucleoprotein F	15948.8	25418.2	20298.8	18561.4	25116.8	17550	15089	11858.7	12756	10704.9
Q9Z2X8	KEAP1_MOUSE	Keap1	Kelch-like ECH-associated protein 1	4521.24	9691.21	3205.65	5208.89	5211.34	3740.81	4210.31	4041.63	4151.72	4339.07
Q9Z2Y3	HOME1_MOUSE	Homer1	Homer protein homolog 1	207662	145902	206391	195237	185608	192172	209947	210444	224806	218964
Q9Z2Z6	MCAT_MOUSE	Slc25a20	Mitochondrial carnitine/acylcarnitine carrier protein	2718.8					5696.3		3675.11		3350.03
Q9Z321	TOP3B_MOUSE	Top3b	DNA topoisomerase 3-beta-1	19709.5		10925	13201.1	17451.9	17002.8	11035.2	10502.8	11146.1	12452.2
Q9Z329	ITPR2_MOUSE	Itpr2	Inositol 1,4,5-trisphosphate receptor type 2	9030.12	18444.1	12015.7	11003.2	14933.1	12123.6	13454.3	9849.55	11173.6	10823.3
Q9Z351	KCNQ2_MOUSE	Kcnq2	Potassium voltage-gated channel subfamily KQT member 2	33029.1	31397.9	35484.3	36214.5	31918.1	31131.2	31131.1	33632.2	35154.2	31679.1
S4R1M9	OSB10_MOUSE	Osbpl10	Oxysterol-binding protein-related protein 10	2721.54						1795.03	3161.67	3041.64	
S4R2K0	DEFM_MOUSE	Pdf	Peptide deformylase, mitochondrial	4145.96									
